日付,コード,銘柄名,市場・商品区分,33業種コード,33業種区分,17業種コード,17業種区分,規模コード,規模区分
20260831,1301,極洋,プライム（内国株式）,50,水産・農林業,1,食品,6,TOPIX Small 1
20260831,1305,ｉＦｒｅｅＥＴＦ　ＴＯＰＩＸ（年１回決算型）,ETF・ETN,-,-,-,-,-,-
20260831,1306,ＮＥＸＴ　ＦＵＮＤＳ　ＴＯＰＩＸ連動型上場投信,ETF・ETN,-,-,-,-,-,-
20260831,1308,上場インデックスファンドＴＯＰＩＸ,ETF・ETN,-,-,-,-,-,-
20260831,1309,ＮＥＸＴ　ＦＵＮＤＳ　ＣｈｉｎａＡＭＣ・中国株式・上証５０連動型上場投信,ETF・ETN,-,-,-,-,-,-
20260831,130A,Ｖｅｒｉｔａｓ　Ｉｎ　Ｓｉｌｉｃｏ,グロース（内国株式）,3250,医薬品,5,医薬品,-,-
20260831,1311,ＮＥＸＴ　ＦＵＮＤＳ　ＴＯＰＩＸ　Ｃｏｒｅ　３０連動型上場投信,ETF・ETN,-,-,-,-,-,-
20260831,1319,ＮＥＸＴ　ＦＵＮＤＳ　日経３００株価指数連動型上場投信,ETF・ETN,-,-,-,-,-,-
20260831,131A,ＣＣＮグループ,PRO Market,5250,情報・通信業,10,情報通信・サービスその他,-,-
20260831,1320,ｉＦｒｅｅＥＴＦ　日経２２５（年１回決算型）,ETF・ETN,-,-,-,-,-,-
20260831,1321,ＮＥＸＴ　ＦＵＮＤＳ　日経２２５連動型上場投信,ETF・ETN,-,-,-,-,-,-
20260831,1322,上場インデックスファンド中国Ａ株（パンダ）Ｅ　Ｆｕｎｄ　ＣＳＩ３００,ETF・ETN,-,-,-,-,-,-
20260831,1325,ＮＥＸＴ　ＦＵＮＤＳ　ブラジル株式指数・ボベスパ連動型上場投信,ETF・ETN,-,-,-,-,-,-
20260831,1326,ＳＰＤＲゴールド・シェア,ETF・ETN,-,-,-,-,-,-
20260831,1328,ＮＥＸＴ　ＦＵＮＤＳ　金価格連動型上場投信,ETF・ETN,-,-,-,-,-,-
20260831,1329,ｉシェアーズ・コア　日経２２５　ＥＴＦ,ETF・ETN,-,-,-,-,-,-
20260831,132A,アイエヌホールディングス,PRO Market,5050,陸運業,12,運輸・物流,-,-
20260831,1330,上場インデックスファンド２２５,ETF・ETN,-,-,-,-,-,-
20260831,1332,ニッスイ,プライム（内国株式）,50,水産・農林業,1,食品,4,TOPIX Mid400
20260831,1333,Ｕｍｉｏｓ,プライム（内国株式）,50,水産・農林業,1,食品,4,TOPIX Mid400
20260831,133A,グローバルＸ　超短期米国債　ＥＴＦ,ETF・ETN,-,-,-,-,-,-
20260831,1343,ＮＥＸＴ　ＦＵＮＤＳ　東証ＲＥＩＴ　指数連動型上場投信,ETF・ETN,-,-,-,-,-,-
20260831,1345,上場インデックスファンドＪリート（東証ＲＥＩＴ指数）隔月分配型,ETF・ETN,-,-,-,-,-,-
20260831,1346,ＭＡＸＩＳ　日経２２５上場投信,ETF・ETN,-,-,-,-,-,-
20260831,1348,ＭＡＸＩＳ　トピックス上場投信,ETF・ETN,-,-,-,-,-,-
20260831,1349,ＡＢＦ汎アジア債券インデックス・ファンド,ETF・ETN,-,-,-,-,-,-
20260831,134A,アプライズ,PRO Market,9050,サービス業,10,情報通信・サービスその他,-,-
20260831,1356,ＴＯＰＩＸベア２倍上場投信,ETF・ETN,-,-,-,-,-,-
20260831,1357,ＮＥＸＴ　ＦＵＮＤＳ　日経平均ダブルインバース・インデックス連動型上場投信,ETF・ETN,-,-,-,-,-,-
20260831,1358,上場インデックスファンド日経レバレッジ指数,ETF・ETN,-,-,-,-,-,-
20260831,135A,ＶＲＡＩＮ　Ｓｏｌｕｔｉｏｎ,グロース（内国株式）,5250,情報・通信業,10,情報通信・サービスその他,-,-
20260831,1360,日経平均ベア２倍上場投信,ETF・ETN,-,-,-,-,-,-
20260831,1364,ｉシェアーズ　ＪＰＸ日経４００　ＥＴＦ,ETF・ETN,-,-,-,-,-,-
20260831,1365,ｉＦｒｅｅＥＴＦ　日経平均レバレッジ・インデックス,ETF・ETN,-,-,-,-,-,-
20260831,1366,ｉＦｒｅｅＥＴＦ　日経平均ダブルインバース・インデックス,ETF・ETN,-,-,-,-,-,-
20260831,1367,ｉＦｒｅｅＥＴＦ　ＴＯＰＩＸレバレッジ（２倍）指数,ETF・ETN,-,-,-,-,-,-
20260831,1368,ｉＦｒｅｅＥＴＦ　ＴＯＰＩＸダブルインバース（－２倍）指数,ETF・ETN,-,-,-,-,-,-
20260831,1369,Ｏｎｅ　ＥＴＦ　日経２２５,ETF・ETN,-,-,-,-,-,-
20260831,1375,ユキグニファクトリー,プライム（内国株式）,50,水産・農林業,1,食品,7,TOPIX Small 2
20260831,1376,カネコ種苗,スタンダード（内国株式）,50,水産・農林業,1,食品,7,TOPIX Small 2
20260831,1377,サカタのタネ,プライム（内国株式）,50,水産・農林業,1,食品,6,TOPIX Small 1
20260831,1379,ホクト,プライム（内国株式）,50,水産・農林業,1,食品,7,TOPIX Small 2
20260831,137A,Ｃｏｃｏｌｉｖｅ,グロース（内国株式）,5250,情報・通信業,10,情報通信・サービスその他,-,-
20260831,1380,秋川牧園,スタンダード（内国株式）,50,水産・農林業,1,食品,-,-
20260831,1381,アクシーズ,スタンダード（内国株式）,50,水産・農林業,1,食品,-,-
20260831,1382,ホーブ,スタンダード（内国株式）,50,水産・農林業,1,食品,-,-
20260831,1383,ベルグアース,スタンダード（内国株式）,50,水産・農林業,1,食品,-,-
20260831,1384,ホクリヨウ,スタンダード（内国株式）,50,水産・農林業,1,食品,-,-
20260831,138A,光フードサービス,グロース（内国株式）,6100,小売業,14,小売,-,-
20260831,1397,ＳＭＤＡＭ　日経２２５上場投信,ETF・ETN,-,-,-,-,-,-
20260831,1398,ＳＭＤＡＭ　東証ＲＥＩＴ指数上場投信,ETF・ETN,-,-,-,-,-,-
20260831,1399,上場インデックスファンドＭＳＣＩ日本株高配当低ボラティリティ,ETF・ETN,-,-,-,-,-,-
20260831,139A,東日本地所,PRO Market,8050,不動産業,17,不動産,-,-
20260831,1401,エムビーエス,グロース（内国株式）,2050,建設業,3,建設・資材,-,-
20260831,1407,ウエストホールディングス,スタンダード（内国株式）,2050,建設業,3,建設・資材,-,-
20260831,140A,ｉＦｒｅｅＥＴＦ　米国１０年国債先物インバース,ETF・ETN,-,-,-,-,-,-
20260831,1414,ショーボンドホールディングス,プライム（内国株式）,2050,建設業,3,建設・資材,4,TOPIX Mid400
20260831,1417,ミライト・ワン,プライム（内国株式）,2050,建設業,3,建設・資材,4,TOPIX Mid400
20260831,1418,インターライフホールディングス,スタンダード（内国株式）,2050,建設業,3,建設・資材,-,-
20260831,1419,タマホーム,プライム（内国株式）,2050,建設業,3,建設・資材,6,TOPIX Small 1
20260831,141A,トライアルホールディングス,グロース（内国株式）,6100,小売業,14,小売,-,-
20260831,1420,サンヨーホームズ,スタンダード（内国株式）,2050,建設業,3,建設・資材,-,-
20260831,1429,日本アクア,プライム（内国株式）,2050,建設業,3,建設・資材,-,-
20260831,142A,ジンジブ,グロース（内国株式）,9050,サービス業,10,情報通信・サービスその他,-,-
20260831,1430,ファーストコーポレーション,スタンダード（内国株式）,2050,建設業,3,建設・資材,-,-
20260831,1431,Ｌｉｂ　Ｗｏｒｋ,グロース（内国株式）,2050,建設業,3,建設・資材,-,-
20260831,1432,動力,PRO Market,2050,建設業,3,建設・資材,-,-
20260831,1433,ベステラ,プライム（内国株式）,2050,建設業,3,建設・資材,-,-
20260831,1434,ＪＥＳＣＯホールディングス,スタンダード（内国株式）,2050,建設業,3,建設・資材,-,-
20260831,1435,ｒｏｂｏｔ　ｈｏｍｅ,スタンダード（内国株式）,8050,不動産業,17,不動産,7,TOPIX Small 2
20260831,1436,グリーンエナジー＆カンパニー,グロース（内国株式）,2050,建設業,3,建設・資材,-,-
20260831,1438,岐阜造園,スタンダード（内国株式）,2050,建設業,3,建設・資材,-,-
20260831,143A,イシン,グロース（内国株式）,9050,サービス業,10,情報通信・サービスその他,-,-
20260831,1443,技研ホールディングス,スタンダード（内国株式）,2050,建設業,3,建設・資材,-,-
20260831,1444,ニッソウ,グロース（内国株式）,2050,建設業,3,建設・資材,-,-
20260831,1445,ひかりホールディングス,PRO Market,2050,建設業,3,建設・資材,-,-
20260831,1446,キャンディル,スタンダード（内国株式）,2050,建設業,3,建設・資材,-,-
20260831,1447,ＳＡＡＦホールディングス,グロース（内国株式）,2050,建設業,3,建設・資材,-,-
20260831,144A,エネルギーパワー,PRO Market,2050,建設業,3,建設・資材,-,-
20260831,1450,ＴＡＮＡＫＥＮ,スタンダード（内国株式）,2050,建設業,3,建設・資材,-,-
20260831,1452,横浜ライト工業,PRO Market,2050,建設業,3,建設・資材,-,-
20260831,1456,ｉＦｒｅｅＥＴＦ　日経平均インバース・インデックス,ETF・ETN,-,-,-,-,-,-
20260831,1457,ｉＦｒｅｅＥＴＦ　ＴＯＰＩＸインバース（－１倍）指数,ETF・ETN,-,-,-,-,-,-
20260831,1458,楽天ＥＴＦ‐日経レバレッジ指数連動型,ETF・ETN,-,-,-,-,-,-
20260831,1459,楽天ＥＴＦ‐日経ダブルインバース指数連動型,ETF・ETN,-,-,-,-,-,-
20260831,145A,Ｌ　ｉｓ　Ｂ,グロース（内国株式）,5250,情報・通信業,10,情報通信・サービスその他,-,-
20260831,1466,ｉＦｒｅｅＥＴＦ　ＪＰＸ日経４００ダブルインバース・インデックス,ETF・ETN,-,-,-,-,-,-
20260831,1469,ＪＰＸ日経４００ベア２倍上場投信（ダブルインバース）,ETF・ETN,-,-,-,-,-,-
20260831,146A,コロンビア・ワークス,スタンダード（内国株式）,8050,不動産業,17,不動産,-,-
20260831,1472,ＮＥＸＴ　ＦＵＮＤＳ　ＪＰＸ日経４００ダブルインバース・インデックス連動型上場投信,ETF・ETN,-,-,-,-,-,-
20260831,1473,Ｏｎｅ　ＥＴＦ　トピックス,ETF・ETN,-,-,-,-,-,-
20260831,1474,Ｏｎｅ　ＥＴＦ　ＪＰＸ日経４００,ETF・ETN,-,-,-,-,-,-
20260831,1475,ｉシェアーズ・コア　ＴＯＰＩＸ　ＥＴＦ,ETF・ETN,-,-,-,-,-,-
20260831,1476,ｉシェアーズ・コア　Ｊリート　ＥＴＦ,ETF・ETN,-,-,-,-,-,-
20260831,1477,ｉシェアーズ　ＭＳＣＩ　日本株最小分散　ＥＴＦ,ETF・ETN,-,-,-,-,-,-
20260831,1478,ｉシェアーズ　ＭＳＣＩ　ジャパン高配当利回り　ＥＴＦ,ETF・ETN,-,-,-,-,-,-
20260831,1479,ｉＦｒｅｅＥＴＦ　ＭＳＣＩ日本株人材設備投資指数,ETF・ETN,-,-,-,-,-,-
20260831,147A,ソラコム,グロース（内国株式）,5250,情報・通信業,10,情報通信・サービスその他,-,-
20260831,1480,ＮＥＸＴ　ＦＵＮＤＳ　野村企業価値分配指数連動型上場投信,ETF・ETN,-,-,-,-,-,-
20260831,1481,上場インデックスファンド日本経済貢献株,ETF・ETN,-,-,-,-,-,-
20260831,1482,ｉシェアーズ・コア　米国債７－１０年　ＥＴＦ（為替ヘッジあり）,ETF・ETN,-,-,-,-,-,-
20260831,1483,ｉシェアーズ　ＪＰＸ／Ｓ＆Ｐ設備・人材投資　ＥＴＦ,ETF・ETN,-,-,-,-,-,-
20260831,1484,Ｏｎｅ　ＥＴＦ　ＪＰＸ／Ｓ＆Ｐ　設備・人材投資指数,ETF・ETN,-,-,-,-,-,-
20260831,1485,ＭＡＸＩＳ　ＪＡＰＡＮ　設備・人材積極投資企業２００上場投信,ETF・ETN,-,-,-,-,-,-
20260831,1486,上場インデックスファンド米国債券（為替ヘッジなし）,ETF・ETN,-,-,-,-,-,-
20260831,1487,上場インデックスファンド米国債券（為替ヘッジあり）,ETF・ETN,-,-,-,-,-,-
20260831,1488,ｉＦｒｅｅＥＴＦ　東証ＲＥＩＴ指数,ETF・ETN,-,-,-,-,-,-
20260831,1489,ＮＥＸＴ　ＦＵＮＤＳ　日経平均高配当株５０指数連動型上場投信,ETF・ETN,-,-,-,-,-,-
20260831,148A,ハッチ・ワーク,グロース（内国株式）,5250,情報・通信業,10,情報通信・サービスその他,-,-
20260831,1490,上場インデックスファンドＭＳＣＩ日本株高配当低ボラティリティ（βヘッジ）,ETF・ETN,-,-,-,-,-,-
20260831,1491,中外鉱業,スタンダード（内国株式）,3500,非鉄金属,7,鉄鋼・非鉄,-,-
20260831,1493,Ｏｎｅ　ＥＴＦ　ＪＰＸ日経中小型,ETF・ETN,-,-,-,-,-,-
20260831,1494,Ｏｎｅ　ＥＴＦ　高配当日本株,ETF・ETN,-,-,-,-,-,-
20260831,1495,上場インデックスファンドアジアリート,ETF・ETN,-,-,-,-,-,-
20260831,1496,ｉシェアーズ　米ドル建て投資適格社債　ＥＴＦ（為替ヘッジあり）,ETF・ETN,-,-,-,-,-,-
20260831,1497,ｉシェアーズ　米ドル建てハイイールド社債　ＥＴＦ（為替ヘッジあり）,ETF・ETN,-,-,-,-,-,-
20260831,1498,Ｏｎｅ　ＥＴＦ　ＥＳＧ,ETF・ETN,-,-,-,-,-,-
20260831,1499,ＭＡＸＩＳ日本株高配当７０マーケットニュートラル上場投信,ETF・ETN,-,-,-,-,-,-
20260831,149A,シンカ,グロース（内国株式）,5250,情報・通信業,10,情報通信・サービスその他,-,-
20260831,150A,ＪＳＨ,グロース（内国株式）,9050,サービス業,10,情報通信・サービスその他,-,-
20260831,1514,住石ホールディングス,スタンダード（内国株式）,1050,鉱業,2,エネルギー資源,7,TOPIX Small 2
20260831,1515,日鉄鉱業,プライム（内国株式）,1050,鉱業,2,エネルギー資源,6,TOPIX Small 1
20260831,1518,三井松島ホールディングス,プライム（内国株式）,3800,その他製品,10,情報通信・サービスその他,6,TOPIX Small 1
20260831,151A,ダイブグループ,グロース（内国株式）,9050,サービス業,10,情報通信・サービスその他,-,-
20260831,152A,オプティ,PRO Market,6050,卸売業,13,商社・卸売,-,-
20260831,153A,カウリス,グロース（内国株式）,5250,情報・通信業,10,情報通信・サービスその他,-,-
20260831,1540,純金上場信託（現物国内保管型）,ETF・ETN,-,-,-,-,-,-
20260831,1541,純プラチナ上場信託（現物国内保管型）,ETF・ETN,-,-,-,-,-,-
20260831,1542,純銀上場信託（現物国内保管型）,ETF・ETN,-,-,-,-,-,-
20260831,1543,純パラジウム上場信託（現物国内保管型）,ETF・ETN,-,-,-,-,-,-
20260831,1545,ＮＥＸＴ　ＦＵＮＤＳ　ＮＡＳＤＡＱ－１００（為替ヘッジなし）連動型上場投信,ETF・ETN,-,-,-,-,-,-
20260831,1546,ＮＥＸＴ　ＦＵＮＤＳ　ダウ・ジョーンズ工業株３０種平均株価（為替ヘッジなし）連動型上場投信,ETF・ETN,-,-,-,-,-,-
20260831,1547,上場インデックスファンド米国株式（Ｓ＆Ｐ５００）,ETF・ETN,-,-,-,-,-,-
20260831,154A,ＧＡＩＡ,PRO Market,7200,その他金融業,16,金融（除く銀行）,-,-
20260831,1550,ＭＡＸＩＳ　海外株式（ＭＳＣＩコクサイ）上場投信,ETF・ETN,-,-,-,-,-,-
20260831,1551,東証スタンダードＴＯＰ２０ＥＴＦ,ETF・ETN,-,-,-,-,-,-
20260831,1554,上場インデックスファンド世界株式（ＭＳＣＩ　ＡＣＷＩ）除く日本,ETF・ETN,-,-,-,-,-,-
20260831,1555,上場インデックスファンド豪州リート（Ｓ＆Ｐ／ＡＳＸ２００　Ａ－ＲＥＩＴ）,ETF・ETN,-,-,-,-,-,-
20260831,1557,Ｓｔａｔｅ　Ｓｔｒｅｅｔ　ＳＰＤＲ　Ｓ＆Ｐ　５００　ＥＴＦ,ETF・ETN,-,-,-,-,-,-
20260831,1559,ＮＥＸＴ　ＦＵＮＤＳ　タイ株式ＳＥＴ５０指数連動型上場投信,ETF・ETN,-,-,-,-,-,-
20260831,155A,情報戦略テクノロジー,グロース（内国株式）,5250,情報・通信業,10,情報通信・サービスその他,-,-
20260831,1560,ＮＥＸＴ　ＦＵＮＤＳ　ＦＴＳＥブルサ・マレーシアＫＬＣＩ連動型上場投信,ETF・ETN,-,-,-,-,-,-
20260831,1563,東証グロース・コアＥＴＦ,ETF・ETN,-,-,-,-,-,-
20260831,1566,上場インデックスファンド新興国債券,ETF・ETN,-,-,-,-,-,-
20260831,1568,ＴＯＰＩＸブル２倍上場投信,ETF・ETN,-,-,-,-,-,-
20260831,1569,ＴＯＰＩＸベア上場投信,ETF・ETN,-,-,-,-,-,-
20260831,156A,マテリアルグループ,グロース（内国株式）,9050,サービス業,10,情報通信・サービスその他,-,-
20260831,1570,ＮＥＸＴ　ＦＵＮＤＳ　日経平均レバレッジ・インデックス連動型上場投信,ETF・ETN,-,-,-,-,-,-
20260831,1571,ＮＥＸＴ　ＦＵＮＤＳ　日経平均インバース・インデックス連動型上場投信,ETF・ETN,-,-,-,-,-,-
20260831,1572,中国Ｈ株ブル２倍上場投信,ETF・ETN,-,-,-,-,-,-
20260831,1573,中国Ｈ株ベア上場投信,ETF・ETN,-,-,-,-,-,-
20260831,1577,ＮＥＸＴ　ＦＵＮＤＳ　野村日本株高配当７０連動型上場投信,ETF・ETN,-,-,-,-,-,-
20260831,1578,上場インデックスファンド日経２２５（ミニ）,ETF・ETN,-,-,-,-,-,-
20260831,1579,日経平均ブル２倍上場投信,ETF・ETN,-,-,-,-,-,-
20260831,157A,グリーンモンスター,グロース（内国株式）,9050,サービス業,10,情報通信・サービスその他,-,-
20260831,1580,日経平均ベア上場投信,ETF・ETN,-,-,-,-,-,-
20260831,1585,ｉＦｒｅｅＥＴＦ　ＴＯＰＩＸ　Ｅｘ－Ｆｉｎａｎｃｉａｌｓ,ETF・ETN,-,-,-,-,-,-
20260831,1586,上場インデックスファンドＴＯＰＩＸ　Ｅｘ－Ｆｉｎａｎｃｉａｌｓ,ETF・ETN,-,-,-,-,-,-
20260831,158A,エクセリ,PRO Market,6100,小売業,14,小売,-,-
20260831,1591,ＮＥＸＴ　ＦＵＮＤＳ　ＪＰＸ日経インデックス４００連動型上場投信,ETF・ETN,-,-,-,-,-,-
20260831,1592,上場インデックスファンドＪＰＸ日経インデックス４００,ETF・ETN,-,-,-,-,-,-
20260831,1593,ＭＡＸＩＳ　ＪＰＸ日経インデックス４００上場投信,ETF・ETN,-,-,-,-,-,-
20260831,1595,ＮＺＡＭ　上場投信　東証ＲＥＩＴ指数,ETF・ETN,-,-,-,-,-,-
20260831,1596,ＮＺＡＭ　上場投信　ＴＯＰＩＸ　Ｅｘ－Ｆｉｎａｎｃｉａｌｓ,ETF・ETN,-,-,-,-,-,-
20260831,1597,ＭＡＸＩＳ　Ｊリート上場投信,ETF・ETN,-,-,-,-,-,-
20260831,1599,ｉＦｒｅｅＥＴＦ　ＪＰＸ日経４００,ETF・ETN,-,-,-,-,-,-
20260831,159A,ＮＥＸＴ　ＦＵＮＤＳ　ＪＰＸプライム１５０指数連動型上場投信,ETF・ETN,-,-,-,-,-,-
20260831,1605,ＩＮＰＥＸ,プライム（内国株式）,1050,鉱業,2,エネルギー資源,4,TOPIX Mid400
20260831,160A,アズパートナーズ,スタンダード（内国株式）,9050,サービス業,10,情報通信・サービスその他,-,-
20260831,1615,ＮＥＸＴ　ＦＵＮＤＳ　東証銀行業株価指数連動型上場投信,ETF・ETN,-,-,-,-,-,-
20260831,1617,ＮＥＸＴ　ＦＵＮＤＳ　食品（ＴＯＰＩＸ－１７）上場投信,ETF・ETN,-,-,-,-,-,-
20260831,1618,ＮＥＸＴ　ＦＵＮＤＳ　エネルギー資源（ＴＯＰＩＸ－１７）上場投信,ETF・ETN,-,-,-,-,-,-
20260831,1619,ＮＥＸＴ　ＦＵＮＤＳ　建設・資材（ＴＯＰＩＸ－１７）上場投信,ETF・ETN,-,-,-,-,-,-
20260831,161A,三葉,PRO Market,9050,サービス業,10,情報通信・サービスその他,-,-
20260831,1620,ＮＥＸＴ　ＦＵＮＤＳ　素材・化学（ＴＯＰＩＸ－１７）上場投信,ETF・ETN,-,-,-,-,-,-
20260831,1621,ＮＥＸＴ　ＦＵＮＤＳ　医薬品（ＴＯＰＩＸ－１７）上場投信,ETF・ETN,-,-,-,-,-,-
20260831,1622,ＮＥＸＴ　ＦＵＮＤＳ　自動車・輸送機（ＴＯＰＩＸ－１７）上場投信,ETF・ETN,-,-,-,-,-,-
20260831,1623,ＮＥＸＴ　ＦＵＮＤＳ　鉄鋼・非鉄（ＴＯＰＩＸ－１７）上場投信,ETF・ETN,-,-,-,-,-,-
20260831,1624,ＮＥＸＴ　ＦＵＮＤＳ　機械（ＴＯＰＩＸ－１７）上場投信,ETF・ETN,-,-,-,-,-,-
20260831,1625,ＮＥＸＴ　ＦＵＮＤＳ　電機・精密（ＴＯＰＩＸ－１７）上場投信,ETF・ETN,-,-,-,-,-,-
20260831,1626,ＮＥＸＴ　ＦＵＮＤＳ　情報通信・サービスその他（ＴＯＰＩＸ－１７）上場投信,ETF・ETN,-,-,-,-,-,-
20260831,1627,ＮＥＸＴ　ＦＵＮＤＳ　電力・ガス（ＴＯＰＩＸ－１７）上場投信,ETF・ETN,-,-,-,-,-,-
20260831,1628,ＮＥＸＴ　ＦＵＮＤＳ　運輸・物流（ＴＯＰＩＸ－１７）上場投信,ETF・ETN,-,-,-,-,-,-
20260831,1629,ＮＥＸＴ　ＦＵＮＤＳ　商社・卸売（ＴＯＰＩＸ－１７）上場投信,ETF・ETN,-,-,-,-,-,-
20260831,162A,ＡＩセレクトメガトレンド　日本株（ネットリターン）ＥＴＮ,ETF・ETN,-,-,-,-,-,-
20260831,1630,ＮＥＸＴ　ＦＵＮＤＳ　小売（ＴＯＰＩＸ－１７）上場投信,ETF・ETN,-,-,-,-,-,-
20260831,1631,ＮＥＸＴ　ＦＵＮＤＳ　銀行（ＴＯＰＩＸ－１７）上場投信,ETF・ETN,-,-,-,-,-,-
20260831,1632,ＮＥＸＴ　ＦＵＮＤＳ　金融（除く銀行）（ＴＯＰＩＸ－１７）上場投信,ETF・ETN,-,-,-,-,-,-
20260831,1633,ＮＥＸＴ　ＦＵＮＤＳ　不動産（ＴＯＰＩＸ－１７）上場投信,ETF・ETN,-,-,-,-,-,-
20260831,163A,半導体フォーカス　日本株（ネットリターン）ＥＴＮ,ETF・ETN,-,-,-,-,-,-
20260831,164A,アップルパーク,PRO Market,8050,不動産業,17,不動産,-,-
20260831,1651,ｉＦｒｅｅＥＴＦ　ＴＯＰＩＸ高配当４０指数,ETF・ETN,-,-,-,-,-,-
20260831,1652,ｉＦｒｅｅＥＴＦ　ＭＳＣＩ日本株女性活躍指数（ＷＩＮ）,ETF・ETN,-,-,-,-,-,-
20260831,1653,ｉＦｒｅｅＥＴＦ　ＭＳＣＩジャパンＥＳＧセレクト・リーダーズ指数,ETF・ETN,-,-,-,-,-,-
20260831,1654,ｉＦｒｅｅＥＴＦ　ＦＴＳＥ　ＪＰＸ　Ｂｌｏｓｓｏｍ　Ｊａｐａｎ　Ｉｎｄｅｘ,ETF・ETN,-,-,-,-,-,-
20260831,1655,ｉシェアーズ　Ｓ＆Ｐ　５００　米国株　ＥＴＦ,ETF・ETN,-,-,-,-,-,-
20260831,1656,ｉシェアーズ・コア　米国債７－１０年　ＥＴＦ,ETF・ETN,-,-,-,-,-,-
20260831,1657,ｉシェアーズ・コア　ＭＳＣＩ　先進国株（除く日本）ＥＴＦ,ETF・ETN,-,-,-,-,-,-
20260831,1658,ｉシェアーズ・コア　ＭＳＣＩ　新興国株　ＥＴＦ,ETF・ETN,-,-,-,-,-,-
20260831,1659,ｉシェアーズ　米国リート　ＥＴＦ,ETF・ETN,-,-,-,-,-,-
20260831,1660,ＭＡＸＩＳ高利回りＪリート上場投信,ETF・ETN,-,-,-,-,-,-
20260831,1662,石油資源開発,プライム（内国株式）,1050,鉱業,2,エネルギー資源,6,TOPIX Small 1
20260831,1663,Ｋ＆Ｏエナジーグループ,プライム（内国株式）,1050,鉱業,2,エネルギー資源,6,TOPIX Small 1
20260831,166A,タスキホールディングス,プライム（内国株式）,8050,不動産業,17,不動産,7,TOPIX Small 2
20260831,1671,ＷＴＩ原油価格連動型上場投信,ETF・ETN,-,-,-,-,-,-
20260831,1672,ＷｉｓｄｏｍＴｒｅｅ　金上場投資信託,ETF・ETN,-,-,-,-,-,-
20260831,1673,ＷｉｓｄｏｍＴｒｅｅ　銀上場投資信託,ETF・ETN,-,-,-,-,-,-
20260831,1674,ＷｉｓｄｏｍＴｒｅｅ　白金上場投資信託,ETF・ETN,-,-,-,-,-,-
20260831,1675,ＷｉｓｄｏｍＴｒｅｅ　パラジウム上場投資信託,ETF・ETN,-,-,-,-,-,-
20260831,1676,ＷｉｓｄｏｍＴｒｅｅ　貴金属バスケット上場投資信託,ETF・ETN,-,-,-,-,-,-
20260831,1677,上場インデックスファンド海外債券（ＦＴＳＥ　ＷＧＢＩ）毎月分配型,ETF・ETN,-,-,-,-,-,-
20260831,1678,ＮＥＸＴ　ＦＵＮＤＳ　インド株式指数・Ｎｉｆｔｙ　５０　連動型上場投信,ETF・ETN,-,-,-,-,-,-
20260831,1679,Ｓｉｍｐｌｅ－Ｘ　ＮＹ　ダウ・ジョーンズ・インデックス上場投信,ETF・ETN,-,-,-,-,-,-
20260831,167A,リョーサン菱洋ホールディングス,プライム（内国株式）,6050,卸売業,13,商社・卸売,6,TOPIX Small 1
20260831,1680,上場インデックスファンド海外先進国株式（ＭＳＣＩ－ＫＯＫＵＳＡＩ）,ETF・ETN,-,-,-,-,-,-
20260831,1681,上場インデックスファンド海外新興国株式（ＭＳＣＩ　エマージング）,ETF・ETN,-,-,-,-,-,-
20260831,1684,ＷｉｓｄｏｍＴｒｅｅ　ブロード上場投資信託,ETF・ETN,-,-,-,-,-,-
20260831,1685,ＷｉｓｄｏｍＴｒｅｅ　エネルギー上場投資信託,ETF・ETN,-,-,-,-,-,-
20260831,1686,ＷｉｓｄｏｍＴｒｅｅ　産業用金属上場投資信託,ETF・ETN,-,-,-,-,-,-
20260831,1687,ＷｉｓｄｏｍＴｒｅｅ　農産物上場投資信託,ETF・ETN,-,-,-,-,-,-
20260831,1688,ＷｉｓｄｏｍＴｒｅｅ　穀物上場投資信託,ETF・ETN,-,-,-,-,-,-
20260831,1689,ＷｉｓｄｏｍＴｒｅｅ　天然ガス上場投資信託,ETF・ETN,-,-,-,-,-,-
20260831,168A,イタミアート,グロース（内国株式）,3800,その他製品,10,情報通信・サービスその他,-,-
20260831,1690,ＷｉｓｄｏｍＴｒｅｅ　ＷＴＩ　原油上場投資信託,ETF・ETN,-,-,-,-,-,-
20260831,1691,ＷｉｓｄｏｍＴｒｅｅ　ガソリン上場投資信託,ETF・ETN,-,-,-,-,-,-
20260831,1692,ＷｉｓｄｏｍＴｒｅｅ　アルミニウム上場投資信託,ETF・ETN,-,-,-,-,-,-
20260831,1693,ＷｉｓｄｏｍＴｒｅｅ　銅上場投資信託,ETF・ETN,-,-,-,-,-,-
20260831,1694,ＷｉｓｄｏｍＴｒｅｅ　ニッケル上場投資信託,ETF・ETN,-,-,-,-,-,-
20260831,1695,ＷｉｓｄｏｍＴｒｅｅ　小麦上場投資信託,ETF・ETN,-,-,-,-,-,-
20260831,1696,ＷｉｓｄｏｍＴｒｅｅ　とうもろこし上場投資信託,ETF・ETN,-,-,-,-,-,-
20260831,1697,ＷｉｓｄｏｍＴｒｅｅ　大豆上場投資信託,ETF・ETN,-,-,-,-,-,-
20260831,1698,上場インデックスファンド日本高配当（東証配当フォーカス１００）,ETF・ETN,-,-,-,-,-,-
20260831,1699,ＮＥＸＴ　ＦＵＮＤＳ　ＮＯＭＵＲＡ　原油インデックス連動型上場投信,ETF・ETN,-,-,-,-,-,-
20260831,170A,ＳＭＴ　ＥＴＦ日本好配当株アクティブ,ETF・ETN,-,-,-,-,-,-
20260831,1711,ＳＤＳホールディングス,スタンダード（内国株式）,2050,建設業,3,建設・資材,-,-
20260831,1716,第一カッター興業,スタンダード（内国株式）,2050,建設業,3,建設・資材,7,TOPIX Small 2
20260831,1717,明豊ファシリティワークス,スタンダード（内国株式）,9050,サービス業,10,情報通信・サービスその他,-,-
20260831,1718,美樹工業,スタンダード（内国株式）,2050,建設業,3,建設・資材,-,-
20260831,1719,安藤・間,プライム（内国株式）,2050,建設業,3,建設・資材,4,TOPIX Mid400
20260831,171A,ゼロジャパン,PRO Market,6050,卸売業,13,商社・卸売,-,-
20260831,1720,東急建設,プライム（内国株式）,2050,建設業,3,建設・資材,6,TOPIX Small 1
20260831,1721,コムシスホールディングス,プライム（内国株式）,2050,建設業,3,建設・資材,4,TOPIX Mid400
20260831,1723,日本電技,スタンダード（内国株式）,2050,建設業,3,建設・資材,-,-
20260831,1724,シンクレイヤ,スタンダード（内国株式）,2050,建設業,3,建設・資材,-,-
20260831,172A,ネオホーム,PRO Market,8050,不動産業,17,不動産,-,-
20260831,1736,オーテック,スタンダード（内国株式）,2050,建設業,3,建設・資材,-,-
20260831,173A,ハンモック,グロース（内国株式）,5250,情報・通信業,10,情報通信・サービスその他,-,-
20260831,1758,太洋基礎工業,スタンダード（内国株式）,2050,建設業,3,建設・資材,-,-
20260831,175A,Ｗｉｌｌ　Ｓｍａｒｔ,グロース（内国株式）,5250,情報・通信業,10,情報通信・サービスその他,-,-
20260831,1762,高松コンストラクショングループ,プライム（内国株式）,2050,建設業,3,建設・資材,7,TOPIX Small 2
20260831,1764,工藤建設,スタンダード（内国株式）,2050,建設業,3,建設・資材,-,-
20260831,1766,東建コーポレーション,プライム（内国株式）,2050,建設業,3,建設・資材,6,TOPIX Small 1
20260831,1768,ソネック,スタンダード（内国株式）,2050,建設業,3,建設・資材,-,-
20260831,1770,藤田エンジニアリング,スタンダード（内国株式）,2050,建設業,3,建設・資材,-,-
20260831,1773,ワイ・ティー・エル・コーポレーション・バーハッド,プライム（外国株式）,2050,建設業,3,建設・資材,-,-
20260831,177A,コージンバイオ,グロース（内国株式）,3200,化学,4,素材・化学,-,-
20260831,1780,ヤマウラ,プライム（内国株式）,2050,建設業,3,建設・資材,7,TOPIX Small 2
20260831,1783,ｆａｎｔａｓｉｓｔａ,スタンダード（内国株式）,8050,不動産業,17,不動産,-,-
20260831,1786,オリエンタル白石,プライム（内国株式）,2050,建設業,3,建設・資材,7,TOPIX Small 2
20260831,1787,ナカボーテック,スタンダード（内国株式）,2050,建設業,3,建設・資材,-,-
20260831,1788,三東工業社,スタンダード（内国株式）,2050,建設業,3,建設・資材,-,-
20260831,178A,グローバルＸ　革新的優良企業　ＥＴＦ,ETF・ETN,-,-,-,-,-,-
20260831,1793,大本組,スタンダード（内国株式）,2050,建設業,3,建設・資材,-,-
20260831,1795,マサル,スタンダード（内国株式）,2050,建設業,3,建設・資材,-,-
20260831,1798,守谷商会,スタンダード（内国株式）,2050,建設業,3,建設・資材,-,-
20260831,1799,第一建設工業,スタンダード（内国株式）,2050,建設業,3,建設・資材,-,-
20260831,179A,グローバルＸ　超長期米国債　ＥＴＦ（為替ヘッジあり）,ETF・ETN,-,-,-,-,-,-
20260831,1801,大成建設,プライム（内国株式）,2050,建設業,3,建設・資材,4,TOPIX Mid400
20260831,1802,大林組,プライム（内国株式）,2050,建設業,3,建設・資材,4,TOPIX Mid400
20260831,1803,清水建設,プライム（内国株式）,2050,建設業,3,建設・資材,4,TOPIX Mid400
20260831,1807,佐藤渡辺,スタンダード（内国株式）,2050,建設業,3,建設・資材,-,-
20260831,1808,長谷工コーポレーション,プライム（内国株式）,2050,建設業,3,建設・資材,4,TOPIX Mid400
20260831,180A,グローバルＸ　超長期米国債　ＥＴＦ,ETF・ETN,-,-,-,-,-,-
20260831,1810,松井建設,スタンダード（内国株式）,2050,建設業,3,建設・資材,7,TOPIX Small 2
20260831,1811,錢高組,スタンダード（内国株式）,2050,建設業,3,建設・資材,-,-
20260831,1812,鹿島建設,プライム（内国株式）,2050,建設業,3,建設・資材,4,TOPIX Mid400
20260831,1813,不動テトラ,プライム（内国株式）,2050,建設業,3,建設・資材,7,TOPIX Small 2
20260831,1814,大末建設,プライム（内国株式）,2050,建設業,3,建設・資材,-,-
20260831,1815,鉄建建設,プライム（内国株式）,2050,建設業,3,建設・資材,7,TOPIX Small 2
20260831,181A,ＭＡＸＩＳ米国国債１－３年上場投信（為替ヘッジなし）,ETF・ETN,-,-,-,-,-,-
20260831,1820,西松建設,プライム（内国株式）,2050,建設業,3,建設・資材,4,TOPIX Mid400
20260831,1822,大豊建設,スタンダード（内国株式）,2050,建設業,3,建設・資材,7,TOPIX Small 2
20260831,1826,佐田建設,スタンダード（内国株式）,2050,建設業,3,建設・資材,-,-
20260831,1827,ナカノフドー建設,スタンダード（内国株式）,2050,建設業,3,建設・資材,-,-
20260831,1828,田辺工業,スタンダード（内国株式）,2050,建設業,3,建設・資材,-,-
20260831,182A,ＭＡＸＩＳ米国国債２０年超上場投信（為替ヘッジなし）,ETF・ETN,-,-,-,-,-,-
20260831,1833,奥村組,プライム（内国株式）,2050,建設業,3,建設・資材,6,TOPIX Small 1
20260831,1835,東鉄工業,プライム（内国株式）,2050,建設業,3,建設・資材,6,TOPIX Small 1
20260831,183A,ＭＡＸＩＳ米国国債２０年超上場投信（為替ヘッジあり）,ETF・ETN,-,-,-,-,-,-
20260831,1840,土屋ホールディングス,スタンダード（内国株式）,2050,建設業,3,建設・資材,-,-
20260831,1844,大盛工業,スタンダード（内国株式）,2050,建設業,3,建設・資材,-,-
20260831,1847,イチケン,スタンダード（内国株式）,2050,建設業,3,建設・資材,-,-
20260831,1848,富士ピー・エス,スタンダード（内国株式）,2050,建設業,3,建設・資材,-,-
20260831,184A,学びエイド,グロース（内国株式）,5250,情報・通信業,10,情報通信・サービスその他,-,-
20260831,1850,南海辰村建設,スタンダード（内国株式）,2050,建設業,3,建設・資材,-,-
20260831,1852,淺沼組,プライム（内国株式）,2050,建設業,3,建設・資材,6,TOPIX Small 1
20260831,1853,森組,スタンダード（内国株式）,2050,建設業,3,建設・資材,-,-
20260831,185A,リサイクルテック・ジャパン,PRO Market,9050,サービス業,10,情報通信・サービスその他,-,-
20260831,1860,戸田建設,プライム（内国株式）,2050,建設業,3,建設・資材,4,TOPIX Mid400
20260831,1861,熊谷組,プライム（内国株式）,2050,建設業,3,建設・資材,6,TOPIX Small 1
20260831,1866,北野建設,スタンダード（内国株式）,2050,建設業,3,建設・資材,-,-
20260831,1867,植木組,スタンダード（内国株式）,2050,建設業,3,建設・資材,-,-
20260831,186A,アストロスケールホールディングス,グロース（内国株式）,9050,サービス業,10,情報通信・サービスその他,-,-
20260831,1870,矢作建設工業,プライム（内国株式）,2050,建設業,3,建設・資材,6,TOPIX Small 1
20260831,1871,ピーエス・コンストラクション,プライム（内国株式）,2050,建設業,3,建設・資材,7,TOPIX Small 2
20260831,1873,日本ハウスホールディングス,プライム（内国株式）,2050,建設業,3,建設・資材,7,TOPIX Small 2
20260831,1878,大東建託,プライム（内国株式）,8050,不動産業,17,不動産,4,TOPIX Mid400
20260831,1879,新日本建設,プライム（内国株式）,2050,建設業,3,建設・資材,7,TOPIX Small 2
20260831,1882,東亜道路工業,プライム（内国株式）,2050,建設業,3,建設・資材,6,TOPIX Small 1
20260831,1885,東亜建設工業,プライム（内国株式）,2050,建設業,3,建設・資材,6,TOPIX Small 1
20260831,1887,日本国土開発,プライム（内国株式）,2050,建設業,3,建設・資材,7,TOPIX Small 2
20260831,1888,若築建設,プライム（内国株式）,2050,建設業,3,建設・資材,7,TOPIX Small 2
20260831,188A,グローバルＸ　インド・トップ１０＋　ＥＴＦ,ETF・ETN,-,-,-,-,-,-
20260831,1893,五洋建設,プライム（内国株式）,2050,建設業,3,建設・資材,4,TOPIX Mid400
20260831,1897,金下建設,スタンダード（内国株式）,2050,建設業,3,建設・資材,-,-
20260831,1898,世紀東急工業,プライム（内国株式）,2050,建設業,3,建設・資材,6,TOPIX Small 1
20260831,1899,福田組,プライム（内国株式）,2050,建設業,3,建設・資材,7,TOPIX Small 2
20260831,189A,Ｄ＆Ｍカンパニー,グロース（内国株式）,9050,サービス業,10,情報通信・サービスその他,-,-
20260831,1904,大成温調,スタンダード（内国株式）,2050,建設業,3,建設・資材,-,-
20260831,1905,テノックス,スタンダード（内国株式）,2050,建設業,3,建設・資材,-,-
20260831,1909,日本ドライケミカル,スタンダード（内国株式）,3600,機械,8,機械,-,-
20260831,190A,Ｃｈｏｒｄｉａ　Ｔｈｅｒａｐｅｕｔｉｃｓ,グロース（内国株式）,3250,医薬品,5,医薬品,-,-
20260831,1911,住友林業,プライム（内国株式）,2050,建設業,3,建設・資材,4,TOPIX Mid400
20260831,1914,日本基礎技術,スタンダード（内国株式）,2050,建設業,3,建設・資材,-,-
20260831,1921,巴コーポレーション,スタンダード（内国株式）,2050,建設業,3,建設・資材,-,-
20260831,1925,大和ハウス工業,プライム（内国株式）,2050,建設業,3,建設・資材,2,TOPIX Large70
20260831,1926,ライト工業,プライム（内国株式）,2050,建設業,3,建設・資材,6,TOPIX Small 1
20260831,1928,積水ハウス,プライム（内国株式）,2050,建設業,3,建設・資材,2,TOPIX Large70
20260831,1929,日特建設,プライム（内国株式）,2050,建設業,3,建設・資材,7,TOPIX Small 2
20260831,192A,インテグループ,グロース（内国株式）,9050,サービス業,10,情報通信・サービスその他,-,-
20260831,1930,北陸電気工事,プライム（内国株式）,2050,建設業,3,建設・資材,7,TOPIX Small 2
20260831,1934,ユアテック,プライム（内国株式）,2050,建設業,3,建設・資材,6,TOPIX Small 1
20260831,1938,日本リーテック,プライム（内国株式）,2050,建設業,3,建設・資材,7,TOPIX Small 2
20260831,1939,四電工,プライム（内国株式）,2050,建設業,3,建設・資材,7,TOPIX Small 2
20260831,1941,中電工,プライム（内国株式）,2050,建設業,3,建設・資材,6,TOPIX Small 1
20260831,1942,関電工,プライム（内国株式）,2050,建設業,3,建設・資材,4,TOPIX Mid400
20260831,1944,きんでん,プライム（内国株式）,2050,建設業,3,建設・資材,4,TOPIX Mid400
20260831,1945,東京エネシス,プライム（内国株式）,2050,建設業,3,建設・資材,7,TOPIX Small 2
20260831,1946,トーエネック,プライム（内国株式）,2050,建設業,3,建設・資材,7,TOPIX Small 2
20260831,1948,弘電社,スタンダード（内国株式）,2050,建設業,3,建設・資材,-,-
20260831,194A,ＷＯＬＶＥＳ　ＨＡＮＤ,グロース（内国株式）,9050,サービス業,10,情報通信・サービスその他,-,-
20260831,1950,日本電設工業,プライム（内国株式）,2050,建設業,3,建設・資材,6,TOPIX Small 1
20260831,1951,エクシオグループ,プライム（内国株式）,2050,建設業,3,建設・資材,4,TOPIX Mid400
20260831,1952,新日本空調,プライム（内国株式）,2050,建設業,3,建設・資材,6,TOPIX Small 1
20260831,1959,クラフティア,プライム（内国株式）,2050,建設業,3,建設・資材,4,TOPIX Mid400
20260831,195A,ＭＵＳＣＡＴ　ＧＲＯＵＰ,グロース（内国株式）,9050,サービス業,10,情報通信・サービスその他,-,-
20260831,1960,サンテック,スタンダード（内国株式）,2050,建設業,3,建設・資材,-,-
20260831,1961,三機工業,プライム（内国株式）,2050,建設業,3,建設・資材,6,TOPIX Small 1
20260831,1963,日揮ホールディングス,プライム（内国株式）,2050,建設業,3,建設・資材,4,TOPIX Mid400
20260831,1964,中外炉工業,プライム（内国株式）,2050,建設業,3,建設・資材,7,TOPIX Small 2
20260831,1965,テクノ菱和,スタンダード（内国株式）,2050,建設業,3,建設・資材,-,-
20260831,1966,高田工業所,スタンダード（内国株式）,2050,建設業,3,建設・資材,-,-
20260831,1967,ヤマト,スタンダード（内国株式）,2050,建設業,3,建設・資材,-,-
20260831,1968,太平電業,プライム（内国株式）,2050,建設業,3,建設・資材,6,TOPIX Small 1
20260831,1969,高砂熱学工業,プライム（内国株式）,2050,建設業,3,建設・資材,4,TOPIX Mid400
20260831,196A,ＭＦＳ,グロース（内国株式）,7200,その他金融業,16,金融（除く銀行）,-,-
20260831,1972,三晃金属工業,スタンダード（内国株式）,2050,建設業,3,建設・資材,-,-
20260831,1975,朝日工業社,プライム（内国株式）,2050,建設業,3,建設・資材,6,TOPIX Small 1
20260831,1976,明星工業,プライム（内国株式）,2050,建設業,3,建設・資材,7,TOPIX Small 2
20260831,1979,大氣社,プライム（内国株式）,2050,建設業,3,建設・資材,6,TOPIX Small 1
20260831,197A,タウンズ,スタンダード（内国株式）,3250,医薬品,5,医薬品,-,-
20260831,1980,ダイダン,プライム（内国株式）,2050,建設業,3,建設・資材,6,TOPIX Small 1
20260831,1981,協和日成,スタンダード（内国株式）,2050,建設業,3,建設・資材,-,-
20260831,1982,日比谷総合設備,プライム（内国株式）,2050,建設業,3,建設・資材,7,TOPIX Small 2
20260831,198A,ＰｏｓｔＰｒｉｍｅ,グロース（内国株式）,5250,情報・通信業,10,情報通信・サービスその他,-,-
20260831,1992,神田通信機,スタンダード（内国株式）,2050,建設業,3,建設・資材,-,-
20260831,1994,高橋カーテンウォール工業,スタンダード（内国株式）,2050,建設業,3,建設・資材,-,-
20260831,1997,暁飯島工業,スタンダード（内国株式）,2050,建設業,3,建設・資材,-,-
20260831,199A,メディエア,PRO Market,5250,情報・通信業,10,情報通信・サービスその他,-,-
20260831,2001,ニップン,プライム（内国株式）,3050,食料品,1,食品,6,TOPIX Small 1
20260831,2002,日清製粉グループ本社,プライム（内国株式）,3050,食料品,1,食品,4,TOPIX Mid400
20260831,2003,日東富士製粉,スタンダード（内国株式）,3050,食料品,1,食品,7,TOPIX Small 2
20260831,2004,昭和産業,プライム（内国株式）,3050,食料品,1,食品,7,TOPIX Small 2
20260831,2009,鳥越製粉,スタンダード（内国株式）,3050,食料品,1,食品,-,-
20260831,200A,ＮＥＸＴ　ＦＵＮＤＳ　日経半導体株指数連動型上場投信,ETF・ETN,-,-,-,-,-,-
20260831,2011,ＳＭＤＡＭ　Ａｃｔｉｖｅ　ＥＴＦ　日本高配当株式,ETF・ETN,-,-,-,-,-,-
20260831,2012,ｉシェアーズ　米国債０－３ヶ月　ＥＴＦ,ETF・ETN,-,-,-,-,-,-
20260831,2013,ｉシェアーズ　米国高配当株　ＥＴＦ,ETF・ETN,-,-,-,-,-,-
20260831,2014,ｉシェアーズ　米国連続増配株　ＥＴＦ,ETF・ETN,-,-,-,-,-,-
20260831,2015,ｉＦｒｅｅＥＴＦ　米国国債７－１０年（為替ヘッジなし）,ETF・ETN,-,-,-,-,-,-
20260831,2016,ｉＦｒｅｅＥＴＦ　米国国債７－１０年（為替ヘッジあり）,ETF・ETN,-,-,-,-,-,-
20260831,2017,ｉＦｒｅｅＥＴＦ　ＪＰＸプライム１５０,ETF・ETN,-,-,-,-,-,-
20260831,2018,グローバルＸ　ＵＳ　ＲＥＩＴ・トップ２０　ＥＴＦ,ETF・ETN,-,-,-,-,-,-
20260831,2019,グローバルＸ　米国優先証券　ＥＴＦ（隔月分配型）,ETF・ETN,-,-,-,-,-,-
20260831,201A,ｉシェアーズ　Ｎｉｆｔｙ　５０　インド株　ＥＴＦ,ETF・ETN,-,-,-,-,-,-
20260831,2031,ＮＥＸＴ　ＮＯＴＥＳ　香港ハンセン・ダブル・ブル　ＥＴＮ,ETF・ETN,-,-,-,-,-,-
20260831,2032,ＮＥＸＴ　ＮＯＴＥＳ　香港ハンセン・ベア　ＥＴＮ,ETF・ETN,-,-,-,-,-,-
20260831,2033,ＮＥＸＴ　ＮＯＴＥＳ　韓国ＫＯＳＰＩ・ダブル・ブル　ＥＴＮ,ETF・ETN,-,-,-,-,-,-
20260831,2034,ＮＥＸＴ　ＮＯＴＥＳ　韓国ＫＯＳＰＩ・ベア　ＥＴＮ,ETF・ETN,-,-,-,-,-,-
20260831,2036,ＮＥＸＴ　ＮＯＴＥＳ　金先物　ダブル・ブル　ＥＴＮ,ETF・ETN,-,-,-,-,-,-
20260831,2037,ＮＥＸＴ　ＮＯＴＥＳ　金先物　ベア　ＥＴＮ,ETF・ETN,-,-,-,-,-,-
20260831,2038,ＮＥＸＴ　ＮＯＴＥＳ　ドバイ原油先物　ダブル・ブル　ＥＴＮ,ETF・ETN,-,-,-,-,-,-
20260831,2039,ＮＥＸＴ　ＮＯＴＥＳ　ドバイ原油先物　ベア　ＥＴＮ,ETF・ETN,-,-,-,-,-,-
20260831,203A,シュンビン,PRO Market,9050,サービス業,10,情報通信・サービスその他,-,-
20260831,2040,ＮＥＸＴ　ＮＯＴＥＳ　ＮＹダウ・ダブル・ブル・ドルヘッジ　ＥＴＮ,ETF・ETN,-,-,-,-,-,-
20260831,2041,ＮＥＸＴ　ＮＯＴＥＳ　ＮＹダウ・ベア・ドルヘッジ　ＥＴＮ,ETF・ETN,-,-,-,-,-,-
20260831,2042,ＮＥＸＴ　ＮＯＴＥＳ　東証グロース市場２５０　ＥＴＮ,ETF・ETN,-,-,-,-,-,-
20260831,2043,ＮＥＸＴ　ＮＯＴＥＳ　ＳＴＯＸＸ　アセアン好配当５０（円、ネットリターン）ＥＴＮ,ETF・ETN,-,-,-,-,-,-
20260831,2044,ＮＥＸＴ　ＮＯＴＥＳ　Ｓ＆Ｐ５００　配当貴族（ネットリターン）　ＥＴＮ,ETF・ETN,-,-,-,-,-,-
20260831,2045,ＮＥＸＴ　ＮＯＴＥＳ　Ｓ＆Ｐ　シンガポール　リート（ネットリターン）　ＥＴＮ,ETF・ETN,-,-,-,-,-,-
20260831,2046,ＮＥＸＴ　ＮＯＴＥＳ　インドＮｉｆｔｙ・ダブル・ブル　ＥＴＮ,ETF・ETN,-,-,-,-,-,-
20260831,2047,ＮＥＸＴ　ＮＯＴＥＳ　インドＮｉｆｔｙ・ベア　ＥＴＮ,ETF・ETN,-,-,-,-,-,-
20260831,2048,ＮＥＸＴ　ＮＯＴＥＳ　野村日本株高配当７０（ドルヘッジ、ネットリターン）ＥＴＮ,ETF・ETN,-,-,-,-,-,-
20260831,204A,タイヨーパッケージ,PRO Market,3150,パルプ・紙,4,素材・化学,-,-
20260831,2050,ＮＥＸＴ　ＮＯＴＥＳ　ニッチトップ　中小型日本株（ネットリターン）ＥＴＮ,ETF・ETN,-,-,-,-,-,-
20260831,2053,中部飼料,プライム（内国株式）,3050,食料品,1,食品,7,TOPIX Small 2
20260831,2055,日和産業,スタンダード（内国株式）,3050,食料品,1,食品,-,-
20260831,205A,ロゴスホールディングス,グロース（内国株式）,2050,建設業,3,建設・資材,-,-
20260831,2060,フィード・ワン,プライム（内国株式）,3050,食料品,1,食品,7,TOPIX Small 2
20260831,2065,ＮＥＸＴ　ＮＯＴＥＳ　日本株配当貴族（ドルヘッジ、ネットリターン）ＥＴＮ,ETF・ETN,-,-,-,-,-,-
20260831,2066,ＮＥＸＴ　ＮＯＴＥＳ　東証ＲＥＩＴ（ドルヘッジ、ネットリターン）ＥＴＮ,ETF・ETN,-,-,-,-,-,-
20260831,2067,ＮＥＸＴ　ＮＯＴＥＳ　野村ＡＩビジネス７０（ネットリターン）ＥＴＮ,ETF・ETN,-,-,-,-,-,-
20260831,2068,ＮＥＸＴ　ＮＯＴＥＳ　高ベータ３０（ネットリターン）ＥＴＮ,ETF・ETN,-,-,-,-,-,-
20260831,2069,ＮＥＸＴ　ＮＯＴＥＳ　低ベータ５０（ネットリターン）ＥＴＮ,ETF・ETN,-,-,-,-,-,-
20260831,206A,ＰＲＩＳＭ　ＢｉｏＬａｂ,グロース（内国株式）,3250,医薬品,5,医薬品,-,-
20260831,2070,スマートＥＳＧ３０女性活躍（ネットリターン）ＥＴＮ,ETF・ETN,-,-,-,-,-,-
20260831,2071,スマートＥＳＧ３０総合（ネットリターン）ＥＴＮ,ETF・ETN,-,-,-,-,-,-
20260831,2072,トップシェアインデックス（ネットリターン）ＥＴＮ,ETF・ETN,-,-,-,-,-,-
20260831,2073,スマートＥＳＧ３０低カーボンリスク（ネットリターン）ＥＴＮ,ETF・ETN,-,-,-,-,-,-
20260831,207A,ライジングコーポレーション,PRO Market,2050,建設業,3,建設・資材,-,-
20260831,2080,ＰＢＲ１倍割れ解消推進ＥＴＦ,ETF・ETN,-,-,-,-,-,-
20260831,2081,政策保有解消推進ＥＴＦ,ETF・ETN,-,-,-,-,-,-
20260831,2082,投資家経営者一心同体ＥＴＦ,ETF・ETN,-,-,-,-,-,-
20260831,2083,ＮＥＸＴ　ＦＵＮＤＳ　日本成長株アクティブ上場投信,ETF・ETN,-,-,-,-,-,-
20260831,2084,ＮＥＸＴ　ＦＵＮＤＳ　日本高配当株アクティブ上場投信,ETF・ETN,-,-,-,-,-,-
20260831,2085,ＭＡＸＩＳ高配当日本株アクティブ上場投信,ETF・ETN,-,-,-,-,-,-
20260831,2086,ＮＺＡＭ　上場投信　Ｓ＆Ｐ５００（為替ヘッジあり）,ETF・ETN,-,-,-,-,-,-
20260831,2087,ＮＺＡＭ　上場投信　ＮＡＳＤＡＱ１００（為替ヘッジあり）,ETF・ETN,-,-,-,-,-,-
20260831,2088,ＮＺＡＭ　上場投信　ＮＹダウ３０（為替ヘッジあり）,ETF・ETN,-,-,-,-,-,-
20260831,2089,ＮＺＡＭ　上場投信　ＤＡＸ（為替ヘッジあり）,ETF・ETN,-,-,-,-,-,-
20260831,208A,構造計画研究所ホールディングス,スタンダード（内国株式）,5250,情報・通信業,10,情報通信・サービスその他,-,-
20260831,2090,ＮＺＡＭ　上場投信　米国国債７－１０年（為替ヘッジあり）,ETF・ETN,-,-,-,-,-,-
20260831,2091,ＮＺＡＭ　上場投信　ドイツ国債７－１０年（為替ヘッジあり）,ETF・ETN,-,-,-,-,-,-
20260831,2092,ＮＺＡＭ　上場投信　フランス国債７－１０年（為替ヘッジあり）,ETF・ETN,-,-,-,-,-,-
20260831,2093,上場Ｔｒａｃｅｒｓ　米国債０－２年ラダー（為替ヘッジなし）,ETF・ETN,-,-,-,-,-,-
20260831,2094,東証ＲＥＩＴインバースＥＴＦ,ETF・ETN,-,-,-,-,-,-
20260831,2095,グローバルＸ　Ｓ＆Ｐ５００配当貴族　ＥＴＦ（為替ヘッジあり）,ETF・ETN,-,-,-,-,-,-
20260831,2096,グローバルＸ　オフィス・Ｊ－ＲＥＩＴ　ＥＴＦ,ETF・ETN,-,-,-,-,-,-
20260831,2097,グローバルＸ　レジデンシャル・Ｊ－ＲＥＩＴ　ＥＴＦ,ETF・ETN,-,-,-,-,-,-
20260831,2098,グローバルＸ　ホテル＆リテール・Ｊ－ＲＥＩＴ　ＥＴＦ,ETF・ETN,-,-,-,-,-,-
20260831,209A,小野谷機工,PRO Market,3600,機械,8,機械,-,-
20260831,2108,日本甜菜製糖,プライム（内国株式）,3050,食料品,1,食品,7,TOPIX Small 2
20260831,2109,ＤＭ三井製糖,プライム（内国株式）,3050,食料品,1,食品,6,TOPIX Small 1
20260831,210A,ｉＦｒｅｅＥＴＦ　日経高利回りＲＥＩＴ指数,ETF・ETN,-,-,-,-,-,-
20260831,2112,塩水港精糖,スタンダード（内国株式）,3050,食料品,1,食品,-,-
20260831,2114,フジ日本,スタンダード（内国株式）,3050,食料品,1,食品,-,-
20260831,2117,ウェルネオシュガー,プライム（内国株式）,3050,食料品,1,食品,7,TOPIX Small 2
20260831,211A,カドス・コーポレーション,スタンダード（内国株式）,2050,建設業,3,建設・資材,-,-
20260831,2120,ＬＩＦＵＬＬ,プライム（内国株式）,9050,サービス業,10,情報通信・サービスその他,7,TOPIX Small 2
20260831,2121,ＭＩＸＩ,プライム（内国株式）,5250,情報・通信業,10,情報通信・サービスその他,6,TOPIX Small 1
20260831,2122,インタースペース,スタンダード（内国株式）,9050,サービス業,10,情報通信・サービスその他,-,-
20260831,2124,ジェイエイシーリクルートメント,プライム（内国株式）,9050,サービス業,10,情報通信・サービスその他,6,TOPIX Small 1
20260831,2127,日本Ｍ＆Ａセンターホールディングス,プライム（内国株式）,9050,サービス業,10,情報通信・サービスその他,4,TOPIX Mid400
20260831,212A,フィットイージー,プライム（内国株式）,9050,サービス業,10,情報通信・サービスその他,7,TOPIX Small 2
20260831,2130,メンバーズ,プライム（内国株式）,9050,サービス業,10,情報通信・サービスその他,7,TOPIX Small 2
20260831,2134,北浜キャピタルパートナーズ,スタンダード（内国株式）,9050,サービス業,10,情報通信・サービスその他,-,-
20260831,2136,ヒップ,スタンダード（内国株式）,9050,サービス業,10,情報通信・サービスその他,-,-
20260831,2138,クルーズ,スタンダード（内国株式）,5250,情報・通信業,10,情報通信・サービスその他,-,-
20260831,2139,中広,スタンダード（内国株式）,9050,サービス業,10,情報通信・サービスその他,-,-
20260831,213A,上場インデックスファンド日経半導体株,ETF・ETN,-,-,-,-,-,-
20260831,2146,ＵＴグループ,プライム（内国株式）,9050,サービス業,10,情報通信・サービスその他,6,TOPIX Small 1
20260831,2148,アイティメディア,プライム（内国株式）,9050,サービス業,10,情報通信・サービスその他,7,TOPIX Small 2
20260831,2152,幼児活動研究会,スタンダード（内国株式）,9050,サービス業,10,情報通信・サービスその他,-,-
20260831,2153,Ｅ・Ｊホールディングス,プライム（内国株式）,9050,サービス業,10,情報通信・サービスその他,7,TOPIX Small 2
20260831,2154,オープンアップグループ,プライム（内国株式）,9050,サービス業,10,情報通信・サービスその他,6,TOPIX Small 1
20260831,2156,セーラー広告,スタンダード（内国株式）,9050,サービス業,10,情報通信・サービスその他,-,-
20260831,2157,コシダカホールディングス,プライム（内国株式）,9050,サービス業,10,情報通信・サービスその他,6,TOPIX Small 1
20260831,2158,ＦＲＯＮＴＥＯ,グロース（内国株式）,9050,サービス業,10,情報通信・サービスその他,-,-
20260831,215A,タイミー,グロース（内国株式）,9050,サービス業,10,情報通信・サービスその他,-,-
20260831,2160,ジーエヌアイグループ,グロース（内国株式）,3250,医薬品,5,医薬品,-,-
20260831,2163,アルトナー,プライム（内国株式）,9050,サービス業,10,情報通信・サービスその他,-,-
20260831,2164,地域新聞社,スタンダード（内国株式）,9050,サービス業,10,情報通信・サービスその他,-,-
20260831,2168,パソナグループ,プライム（内国株式）,9050,サービス業,10,情報通信・サービスその他,6,TOPIX Small 1
20260831,2169,ＣＤＳ,スタンダード（内国株式）,9050,サービス業,10,情報通信・サービスその他,-,-
20260831,216A,ライフクリエイト,PRO Market,6100,小売業,14,小売,-,-
20260831,2170,リンクアンドモチベーション,プライム（内国株式）,9050,サービス業,10,情報通信・サービスその他,7,TOPIX Small 2
20260831,2173,博展,グロース（内国株式）,9050,サービス業,10,情報通信・サービスその他,-,-
20260831,2175,エス・エム・エス,プライム（内国株式）,9050,サービス業,10,情報通信・サービスその他,6,TOPIX Small 1
20260831,2179,成学社,スタンダード（内国株式）,9050,サービス業,10,情報通信・サービスその他,-,-
20260831,217A,サポート,PRO Market,9050,サービス業,10,情報通信・サービスその他,-,-
20260831,2180,サニーサイドアップグループ,スタンダード（内国株式）,9050,サービス業,10,情報通信・サービスその他,-,-
20260831,2181,パーソルホールディングス,プライム（内国株式）,9050,サービス業,10,情報通信・サービスその他,4,TOPIX Mid400
20260831,2183,リニカル,スタンダード（内国株式）,9050,サービス業,10,情報通信・サービスその他,-,-
20260831,2185,シイエム・シイ,スタンダード（内国株式）,9050,サービス業,10,情報通信・サービスその他,-,-
20260831,2186,ソーバル,スタンダード（内国株式）,9050,サービス業,10,情報通信・サービスその他,-,-
20260831,218A,Ｌｉｂｅｒａｗａｒｅ,グロース（内国株式）,3750,精密機器,9,電機・精密,-,-
20260831,2193,クックパッド,スタンダード（内国株式）,9050,サービス業,10,情報通信・サービスその他,7,TOPIX Small 2
20260831,2195,アミタホールディングス,グロース（内国株式）,9050,サービス業,10,情報通信・サービスその他,-,-
20260831,2198,アイ・ケイ・ケイホールディングス,プライム（内国株式）,9050,サービス業,10,情報通信・サービスその他,-,-
20260831,219A,Ｈｅａｒｔｓｅｅｄ,グロース（内国株式）,3250,医薬品,5,医薬品,-,-
20260831,2201,森永製菓,プライム（内国株式）,3050,食料品,1,食品,4,TOPIX Mid400
20260831,2204,中村屋,スタンダード（内国株式）,3050,食料品,1,食品,7,TOPIX Small 2
20260831,2206,江崎グリコ,プライム（内国株式）,3050,食料品,1,食品,4,TOPIX Mid400
20260831,2207,ｍｅｉｔｏ,プライム（内国株式）,3050,食料品,1,食品,7,TOPIX Small 2
20260831,2208,ブルボン,スタンダード（内国株式）,3050,食料品,1,食品,-,-
20260831,2209,井村屋グループ,プライム（内国株式）,3050,食料品,1,食品,7,TOPIX Small 2
20260831,220A,Ｆａｂｅｒ　Ｃｏｍｐａｎｙ,スタンダード（内国株式）,5250,情報・通信業,10,情報通信・サービスその他,-,-
20260831,2211,不二家,プライム（内国株式）,3050,食料品,1,食品,7,TOPIX Small 2
20260831,2212,山崎製パン,プライム（内国株式）,3050,食料品,1,食品,4,TOPIX Mid400
20260831,2215,第一屋製パン,スタンダード（内国株式）,3050,食料品,1,食品,-,-
20260831,2216,カンロ,スタンダード（内国株式）,3050,食料品,1,食品,-,-
20260831,2217,モロゾフ,プライム（内国株式）,3050,食料品,1,食品,7,TOPIX Small 2
20260831,221A,ＭＡＸＩＳ日経半導体株上場投信,ETF・ETN,-,-,-,-,-,-
20260831,2220,亀田製菓,プライム（内国株式）,3050,食料品,1,食品,6,TOPIX Small 1
20260831,2221,岩塚製菓,スタンダード（内国株式）,3050,食料品,1,食品,-,-
20260831,2222,寿スピリッツ,プライム（内国株式）,3050,食料品,1,食品,4,TOPIX Mid400
20260831,2224,コモ,スタンダード（内国株式）,3050,食料品,1,食品,-,-
20260831,2226,湖池屋,スタンダード（内国株式）,3050,食料品,1,食品,-,-
20260831,2229,カルビー,プライム（内国株式）,3050,食料品,1,食品,4,TOPIX Mid400
20260831,222A,ＮＩＣＳ,PRO Market,5250,情報・通信業,10,情報通信・サービスその他,-,-
20260831,2235,上場インデックスファンド米国株式（ダウ平均）為替ヘッジなし,ETF・ETN,-,-,-,-,-,-
20260831,2236,グローバルＸ　Ｓ＆Ｐ５００配当貴族ＥＴＦ,ETF・ETN,-,-,-,-,-,-
20260831,2237,ｉＦｒｅｅＥＴＦ　Ｓ＆Ｐ５００レバレッジ,ETF・ETN,-,-,-,-,-,-
20260831,2238,ｉＦｒｅｅＥＴＦ　Ｓ＆Ｐ５００インバース,ETF・ETN,-,-,-,-,-,-
20260831,2239,上場インデックスファンドＳ＆Ｐ５００先物レバレッジ２倍,ETF・ETN,-,-,-,-,-,-
20260831,223A,グローバルＸ　ＡＩ＆ビッグデータ　ＥＴＦ,ETF・ETN,-,-,-,-,-,-
20260831,2240,上場インデックスファンドＳ＆Ｐ５００先物インバース,ETF・ETN,-,-,-,-,-,-
20260831,2241,ＭＡＸＩＳ　ＮＹダウ上場投信,ETF・ETN,-,-,-,-,-,-
20260831,2242,ＭＡＸＩＳ　ＮＹダウ上場投信（為替ヘッジあり）,ETF・ETN,-,-,-,-,-,-
20260831,2243,グローバルＸ　半導体　ＥＴＦ,ETF・ETN,-,-,-,-,-,-
20260831,2244,グローバルＸ　ＵＳ　テック・トップ２０　ＥＴＦ,ETF・ETN,-,-,-,-,-,-
20260831,2245,ＮＥＸＴ　ＦＵＮＤＳ　ブルームバーグ・ドイツ国債（７－１０年）インデックス（為替ヘッジあり）連動型上場投信,ETF・ETN,-,-,-,-,-,-
20260831,2247,ｉＦｒｅｅＥＴＦ　Ｓ＆Ｐ５００（為替ヘッジなし）,ETF・ETN,-,-,-,-,-,-
20260831,2248,ｉＦｒｅｅＥＴＦ　Ｓ＆Ｐ５００（為替ヘッジあり）,ETF・ETN,-,-,-,-,-,-
20260831,2249,ｉＦｒｅｅＥＴＦ　Ｓ＆Ｐ５００ダブルインバース,ETF・ETN,-,-,-,-,-,-
20260831,224A,グローバルＸ　ウラニウムビジネス　ＥＴＦ,ETF・ETN,-,-,-,-,-,-
20260831,2250,ｉシェアーズ　ＭＳＣＩ　ジャパン気候変動アクション　ＥＴＦ,ETF・ETN,-,-,-,-,-,-
20260831,2251,ＮＥＸＴ　ＦＵＮＤＳ　ＪＰＸ国債先物ダブルインバース指数連動型上場投信,ETF・ETN,-,-,-,-,-,-
20260831,2252,グローバルＸ　Ｍｏｒｎｉｎｇｓｔａｒ　米国中小型　Ｍｏａｔ　ＥＴＦ,ETF・ETN,-,-,-,-,-,-
20260831,2253,グローバルＸ　スーパーディビィデンド－ＵＳ　ＥＴＦ,ETF・ETN,-,-,-,-,-,-
20260831,2254,グローバルＸ　チャイナＥＶ＆バッテリー　ＥＴＦ,ETF・ETN,-,-,-,-,-,-
20260831,2255,ｉシェアーズ　米国債２０年超　ＥＴＦ,ETF・ETN,-,-,-,-,-,-
20260831,2256,ｉシェアーズ　米国総合債券　ＥＴＦ,ETF・ETN,-,-,-,-,-,-
20260831,2257,ｉシェアーズ　米ドル建て投資適格社債　ＥＴＦ,ETF・ETN,-,-,-,-,-,-
20260831,2258,ｉシェアーズ　米ドル建てハイイールド社債　ＥＴＦ,ETF・ETN,-,-,-,-,-,-
20260831,2259,ｉシェアーズ　フランス国債７－１０年　ＥＴＦ（為替ヘッジあり）,ETF・ETN,-,-,-,-,-,-
20260831,2264,森永乳業,プライム（内国株式）,3050,食料品,1,食品,4,TOPIX Mid400
20260831,2266,六甲バター,プライム（内国株式）,3050,食料品,1,食品,7,TOPIX Small 2
20260831,2267,ヤクルト本社,プライム（内国株式）,3050,食料品,1,食品,4,TOPIX Mid400
20260831,2268,Ｂ－Ｒ　サーティワン　アイスクリーム,スタンダード（内国株式）,3050,食料品,1,食品,-,-
20260831,2269,明治ホールディングス,プライム（内国株式）,3050,食料品,1,食品,4,TOPIX Mid400
20260831,226A,勝美ジャパン,PRO Market,3050,食料品,1,食品,-,-
20260831,2270,雪印メグミルク,プライム（内国株式）,3050,食料品,1,食品,6,TOPIX Small 1
20260831,227A,ＩＮＳＩＧＨＴ　ＬＡＢ,PRO Market,5250,情報・通信業,10,情報通信・サービスその他,-,-
20260831,2281,プリマハム,プライム（内国株式）,3050,食料品,1,食品,6,TOPIX Small 1
20260831,2282,日本ハム,プライム（内国株式）,3050,食料品,1,食品,4,TOPIX Mid400
20260831,2286,林兼産業,スタンダード（内国株式）,3050,食料品,1,食品,-,-
20260831,2288,丸大食品,プライム（内国株式）,3050,食料品,1,食品,7,TOPIX Small 2
20260831,228A,オプロ,グロース（内国株式）,5250,情報・通信業,10,情報通信・サービスその他,-,-
20260831,2291,福留ハム,スタンダード（内国株式）,3050,食料品,1,食品,-,-
20260831,2292,Ｓ　Ｆｏｏｄｓ,プライム（内国株式）,3050,食料品,1,食品,6,TOPIX Small 1
20260831,2293,滝沢ハム,スタンダード（内国株式）,3050,食料品,1,食品,-,-
20260831,2294,柿安本店,プライム（内国株式）,3050,食料品,1,食品,7,TOPIX Small 2
20260831,2296,伊藤ハム米久ホールディングス,プライム（内国株式）,3050,食料品,1,食品,6,TOPIX Small 1
20260831,229A,アスミホールディングス,PRO Market,2050,建設業,3,建設・資材,-,-
20260831,2300,きょくとう,スタンダード（内国株式）,9050,サービス業,10,情報通信・サービスその他,-,-
20260831,2301,学情,プライム（内国株式）,9050,サービス業,10,情報通信・サービスその他,7,TOPIX Small 2
20260831,2303,ドーン,スタンダード（内国株式）,5250,情報・通信業,10,情報通信・サービスその他,-,-
20260831,2304,ＣＳＳホールディングス,スタンダード（内国株式）,9050,サービス業,10,情報通信・サービスその他,-,-
20260831,2305,スタジオアリス,スタンダード（内国株式）,9050,サービス業,10,情報通信・サービスその他,7,TOPIX Small 2
20260831,2307,クロスキャット,プライム（内国株式）,5250,情報・通信業,10,情報通信・サービスその他,7,TOPIX Small 2
20260831,2311,エプコ,スタンダード（内国株式）,9050,サービス業,10,情報通信・サービスその他,-,-
20260831,2315,ＣＡＩＣＡ　ＤＩＧＩＴＡＬ,スタンダード（内国株式）,5250,情報・通信業,10,情報通信・サービスその他,-,-
20260831,2317,システナ,プライム（内国株式）,5250,情報・通信業,10,情報通信・サービスその他,6,TOPIX Small 1
20260831,2321,ソフトフロントホールディングス,グロース（内国株式）,5250,情報・通信業,10,情報通信・サービスその他,-,-
20260831,2323,ｆｏｎｆｕｎ,スタンダード（内国株式）,5250,情報・通信業,10,情報通信・サービスその他,-,-
20260831,2325,ＮＪＳ,プライム（内国株式）,9050,サービス業,10,情報通信・サービスその他,7,TOPIX Small 2
20260831,2326,デジタルアーツ,プライム（内国株式）,5250,情報・通信業,10,情報通信・サービスその他,6,TOPIX Small 1
20260831,2327,日鉄ソリューションズ,プライム（内国株式）,5250,情報・通信業,10,情報通信・サービスその他,4,TOPIX Mid400
20260831,2329,東北新社,スタンダード（内国株式）,5250,情報・通信業,10,情報通信・サービスその他,-,-
20260831,2330,フォーサイド,スタンダード（内国株式）,5250,情報・通信業,10,情報通信・サービスその他,-,-
20260831,2331,ＡＬＳＯＫ,プライム（内国株式）,9050,サービス業,10,情報通信・サービスその他,4,TOPIX Mid400
20260831,2332,クエスト,スタンダード（内国株式）,5250,情報・通信業,10,情報通信・サービスその他,-,-
20260831,2334,イオレ,グロース（内国株式）,9050,サービス業,10,情報通信・サービスその他,-,-
20260831,2335,キューブシステム,プライム（内国株式）,5250,情報・通信業,10,情報通信・サービスその他,7,TOPIX Small 2
20260831,2337,いちご,プライム（内国株式）,8050,不動産業,17,不動産,6,TOPIX Small 1
20260831,2338,クオンタムソリューションズ,スタンダード（内国株式）,5250,情報・通信業,10,情報通信・サービスその他,-,-
20260831,233A,ｉＦｒｅｅＥＴＦ　インドＮｉｆｔｙ５０,ETF・ETN,-,-,-,-,-,-
20260831,2340,極楽湯ホールディングス,スタンダード（内国株式）,9050,サービス業,10,情報通信・サービスその他,-,-
20260831,2341,アルバイトタイムス,スタンダード（内国株式）,9050,サービス業,10,情報通信・サービスその他,-,-
20260831,2342,トランスジェニックグループ,スタンダード（内国株式）,9050,サービス業,10,情報通信・サービスその他,-,-
20260831,2345,ＨＯＤＬ１,スタンダード（内国株式）,5250,情報・通信業,10,情報通信・サービスその他,-,-
20260831,2349,エヌアイデイ,スタンダード（内国株式）,5250,情報・通信業,10,情報通信・サービスその他,-,-
20260831,234A,グローバルＸ　ＭＳＣＩ　キャッシュフローキング－日本株式　ＥＴＦ,ETF・ETN,-,-,-,-,-,-
20260831,2351,ＡＳＪ,スタンダード（内国株式）,5250,情報・通信業,10,情報通信・サービスその他,-,-
20260831,2353,日本駐車場開発,プライム（内国株式）,8050,不動産業,17,不動産,6,TOPIX Small 1
20260831,2354,ＹＥ　ＤＩＧＩＴＡＬ,スタンダード（内国株式）,5250,情報・通信業,10,情報通信・サービスその他,-,-
20260831,2359,コア,プライム（内国株式）,5250,情報・通信業,10,情報通信・サービスその他,7,TOPIX Small 2
20260831,235A,グローバルＸ　高配当３０－日本株式　ＥＴＦ,ETF・ETN,-,-,-,-,-,-
20260831,236A,ｉシェアーズ　日本国債７－１０年　ＥＴＦ,ETF・ETN,-,-,-,-,-,-
20260831,2370,メディネット,グロース（内国株式）,9050,サービス業,10,情報通信・サービスその他,-,-
20260831,2371,カカクコム,プライム（内国株式）,9050,サービス業,10,情報通信・サービスその他,4,TOPIX Mid400
20260831,2373,ケア２１,スタンダード（内国株式）,9050,サービス業,10,情報通信・サービスその他,-,-
20260831,2375,ギグワークス,スタンダード（内国株式）,9050,サービス業,10,情報通信・サービスその他,-,-
20260831,2376,サイネックス,スタンダード（内国株式）,9050,サービス業,10,情報通信・サービスその他,-,-
20260831,2378,ルネサンス,プライム（内国株式）,9050,サービス業,10,情報通信・サービスその他,7,TOPIX Small 2
20260831,2379,ディップ,プライム（内国株式）,9050,サービス業,10,情報通信・サービスその他,6,TOPIX Small 1
20260831,237A,ｉシェアーズ　米国債２５年超　ロングデュレーション　ＥＴＦ,ETF・ETN,-,-,-,-,-,-
20260831,2384,ＳＢＳホールディングス,プライム（内国株式）,5050,陸運業,12,運輸・物流,6,TOPIX Small 1
20260831,2385,総医研ホールディングス,グロース（内国株式）,9050,サービス業,10,情報通信・サービスその他,-,-
20260831,2388,ウェッジホールディングス,グロース（内国株式）,7200,その他金融業,16,金融（除く銀行）,-,-
20260831,238A,ｉシェアーズ　米国債２５年超　ロングデュレーション　ＥＴＦ（為替ヘッジあり）,ETF・ETN,-,-,-,-,-,-
20260831,2391,プラネット,スタンダード（内国株式）,9050,サービス業,10,情報通信・サービスその他,-,-
20260831,2393,日本ケアサプライ,スタンダード（内国株式）,9050,サービス業,10,情報通信・サービスその他,-,-
20260831,2395,新日本科学,プライム（内国株式）,9050,サービス業,10,情報通信・サービスその他,7,TOPIX Small 2
20260831,239A,バレッグス,PRO Market,8050,不動産業,17,不動産,-,-
20260831,2404,鉄人化ホールディングス,スタンダード（内国株式）,9050,サービス業,10,情報通信・サービスその他,-,-
20260831,2408,ＫＧ情報,スタンダード（内国株式）,9050,サービス業,10,情報通信・サービスその他,-,-
20260831,2410,キャリアデザインセンター,プライム（内国株式）,9050,サービス業,10,情報通信・サービスその他,-,-
20260831,2411,ゲンダイエージェンシー,スタンダード（内国株式）,5250,情報・通信業,10,情報通信・サービスその他,-,-
20260831,2413,エムスリー,プライム（内国株式）,9050,サービス業,10,情報通信・サービスその他,4,TOPIX Mid400
20260831,2415,ヒューマンホールディングス,スタンダード（内国株式）,9050,サービス業,10,情報通信・サービスその他,-,-
20260831,2418,ツカダ・グローバルホールディング,スタンダード（内国株式）,9050,サービス業,10,情報通信・サービスその他,-,-
20260831,241A,ＲＯＸＸ,グロース（内国株式）,5250,情報・通信業,10,情報通信・サービスその他,-,-
20260831,2424,ブラス,スタンダード（内国株式）,9050,サービス業,10,情報通信・サービスその他,-,-
20260831,2425,ケアサービス,スタンダード（内国株式）,9050,サービス業,10,情報通信・サービスその他,-,-
20260831,2428,ウェルネット,スタンダード（内国株式）,9050,サービス業,10,情報通信・サービスその他,-,-
20260831,2429,ワールドホールディングス,プライム（内国株式）,9050,サービス業,10,情報通信・サービスその他,7,TOPIX Small 2
20260831,2432,ディー・エヌ・エー,プライム（内国株式）,5250,情報・通信業,10,情報通信・サービスその他,4,TOPIX Mid400
20260831,2433,博報堂ＤＹホールディングス,プライム（内国株式）,9050,サービス業,10,情報通信・サービスその他,4,TOPIX Mid400
20260831,2435,シダー,スタンダード（内国株式）,9050,サービス業,10,情報通信・サービスその他,-,-
20260831,2436,共同ピーアール,スタンダード（内国株式）,9050,サービス業,10,情報通信・サービスその他,-,-
20260831,2437,Ｓｈｉｎｗａ　Ｗｉｓｅ　Ｈｏｌｄｉｎｇｓ,スタンダード（内国株式）,9050,サービス業,10,情報通信・サービスその他,-,-
20260831,2438,アスカネット,グロース（内国株式）,9050,サービス業,10,情報通信・サービスその他,-,-
20260831,243A,トップス,PRO Market,3050,食料品,1,食品,-,-
20260831,2440,ぐるなび,スタンダード（内国株式）,9050,サービス業,10,情報通信・サービスその他,7,TOPIX Small 2
20260831,2445,タカミヤ,スタンダード（内国株式）,9050,サービス業,10,情報通信・サービスその他,7,TOPIX Small 2
20260831,2449,プラップジャパン,スタンダード（内国株式）,9050,サービス業,10,情報通信・サービスその他,-,-
20260831,244A,グロースエクスパートナーズ,グロース（内国株式）,5250,情報・通信業,10,情報通信・サービスその他,-,-
20260831,2452,コンピュータマインド,PRO Market,5250,情報・通信業,10,情報通信・サービスその他,-,-
20260831,2454,オールアバウト,スタンダード（内国株式）,9050,サービス業,10,情報通信・サービスその他,-,-
20260831,2459,アウンコンサルティング,スタンダード（内国株式）,9050,サービス業,10,情報通信・サービスその他,-,-
20260831,245A,ＩＮＧＳ,グロース（内国株式）,6100,小売業,14,小売,-,-
20260831,2461,ファンコミュニケーションズ,プライム（内国株式）,9050,サービス業,10,情報通信・サービスその他,7,TOPIX Small 2
20260831,2462,ライク,プライム（内国株式）,9050,サービス業,10,情報通信・サービスその他,7,TOPIX Small 2
20260831,2464,Ａｏｂａ‐ＢＢＴ,スタンダード（内国株式）,9050,サービス業,10,情報通信・サービスその他,-,-
20260831,2469,ヒビノ,スタンダード（内国株式）,9050,サービス業,10,情報通信・サービスその他,-,-
20260831,246A,アスア,グロース（内国株式）,9050,サービス業,10,情報通信・サービスその他,-,-
20260831,2471,エスプール,プライム（内国株式）,9050,サービス業,10,情報通信・サービスその他,7,TOPIX Small 2
20260831,2475,ＷＤＢホールディングス,プライム（内国株式）,9050,サービス業,10,情報通信・サービスその他,7,TOPIX Small 2
20260831,2477,手間いらず,スタンダード（内国株式）,5250,情報・通信業,10,情報通信・サービスその他,7,TOPIX Small 2
20260831,2479,ジェイテック,スタンダード（内国株式）,9050,サービス業,10,情報通信・サービスその他,-,-
20260831,247A,Ａｉロボティクス,グロース（内国株式）,3200,化学,4,素材・化学,-,-
20260831,2480,システム・ロケーション,スタンダード（内国株式）,5250,情報・通信業,10,情報通信・サービスその他,-,-
20260831,2481,タウンニュース社,スタンダード（内国株式）,9050,サービス業,10,情報通信・サービスその他,-,-
20260831,2483,翻訳センター,スタンダード（内国株式）,9050,サービス業,10,情報通信・サービスその他,-,-
20260831,2484,出前館,スタンダード（内国株式）,5250,情報・通信業,10,情報通信・サービスその他,-,-
20260831,2485,ティア,スタンダード（内国株式）,9050,サービス業,10,情報通信・サービスその他,-,-
20260831,2488,ＪＴＰ,スタンダード（内国株式）,9050,サービス業,10,情報通信・サービスその他,-,-
20260831,2489,アドウェイズ,スタンダード（内国株式）,9050,サービス業,10,情報通信・サービスその他,7,TOPIX Small 2
20260831,248A,キッズスター,グロース（内国株式）,5250,情報・通信業,10,情報通信・サービスその他,-,-
20260831,2491,バリューコマース,プライム（内国株式）,9050,サービス業,10,情報通信・サービスその他,7,TOPIX Small 2
20260831,2492,インフォマート,プライム（内国株式）,9050,サービス業,10,情報通信・サービスその他,6,TOPIX Small 1
20260831,2493,イーサポートリンク,スタンダード（内国株式）,9050,サービス業,10,情報通信・サービスその他,-,-
20260831,2497,ユナイテッド,グロース（内国株式）,9050,サービス業,10,情報通信・サービスその他,-,-
20260831,2498,オリエンタルコンサルタンツホールディングス,スタンダード（内国株式）,9050,サービス業,10,情報通信・サービスその他,-,-
20260831,2499,日本和装ホールディングス,スタンダード（内国株式）,9050,サービス業,10,情報通信・サービスその他,-,-
20260831,249A,ヒューマンアジャスト,PRO Market,9050,サービス業,10,情報通信・サービスその他,-,-
20260831,2501,サッポロビール,プライム（内国株式）,3050,食料品,1,食品,4,TOPIX Mid400
20260831,2502,アサヒグループホールディングス,プライム（内国株式）,3050,食料品,1,食品,2,TOPIX Large70
20260831,2503,キリンホールディングス,プライム（内国株式）,3050,食料品,1,食品,2,TOPIX Large70
20260831,250A,シマダヤ,スタンダード（内国株式）,3050,食料品,1,食品,7,TOPIX Small 2
20260831,2510,ＮＥＸＴ　ＦＵＮＤＳ　国内債券・ＮＯＭＵＲＡ－ＢＰＩ総合連動型上場投信,ETF・ETN,-,-,-,-,-,-
20260831,2511,ＮＥＸＴ　ＦＵＮＤＳ　外国債券・ＦＴＳＥ世界国債インデックス（除く日本・為替ヘッジなし）連動型上場投信,ETF・ETN,-,-,-,-,-,-
20260831,2512,ＮＥＸＴ　ＦＵＮＤＳ　外国債券・ＦＴＳＥ世界国債インデックス（除く日本・為替ヘッジあり）連動型上場投信,ETF・ETN,-,-,-,-,-,-
20260831,2513,ＮＥＸＴ　ＦＵＮＤＳ　外国株式・ＭＳＣＩ－ＫＯＫＵＳＡＩ指数（為替ヘッジなし）連動型上場投信,ETF・ETN,-,-,-,-,-,-
20260831,2514,ＮＥＸＴ　ＦＵＮＤＳ　外国株式・ＭＳＣＩ－ＫＯＫＵＳＡＩ指数（為替ヘッジあり）連動型上場投信,ETF・ETN,-,-,-,-,-,-
20260831,2515,ＮＥＸＴ　ＦＵＮＤＳ　外国ＲＥＩＴ・Ｓ＆Ｐ先進国ＲＥＩＴ指数（除く日本・為替ヘッジなし）連動型上場投信,ETF・ETN,-,-,-,-,-,-
20260831,2516,東証グロース２５０ＥＴＦ,ETF・ETN,-,-,-,-,-,-
20260831,2517,ＭＡＸＩＳ　Ｊリート・コア上場投信,ETF・ETN,-,-,-,-,-,-
20260831,2518,ＮＥＸＴ　ＦＵＮＤＳ　ＭＳＣＩ日本株女性活躍指数（セレクト）連動型上場投信,ETF・ETN,-,-,-,-,-,-
20260831,2519,ＮＥＸＴ　ＦＵＮＤＳ　新興国債券・Ｊ．Ｐ．モルガン・エマージング・マーケット・ボンド・インデックス・プラス（為替ヘッジなし）連動型上場投信,ETF・ETN,-,-,-,-,-,-
20260831,251A,ニューロマジック,PRO Market,9050,サービス業,10,情報通信・サービスその他,-,-
20260831,2520,ＮＥＸＴ　ＦＵＮＤＳ　新興国株式・ＭＳＣＩエマージング・マーケット・インデックス（為替ヘッジなし）連動型上場投信,ETF・ETN,-,-,-,-,-,-
20260831,2521,上場インデックスファンド米国株式（Ｓ＆Ｐ５００）為替ヘッジあり,ETF・ETN,-,-,-,-,-,-
20260831,2522,ｉシェアーズ　オートメーション　＆　ロボット　ＥＴＦ,ETF・ETN,-,-,-,-,-,-
20260831,2523,ＭＡＸＩＳトピックス（除く金融）上場投信,ETF・ETN,-,-,-,-,-,-
20260831,2524,ＮＺＡＭ　上場投信　ＴＯＰＩＸ,ETF・ETN,-,-,-,-,-,-
20260831,2525,ＮＺＡＭ　上場投信　日経２２５,ETF・ETN,-,-,-,-,-,-
20260831,2526,ＮＺＡＭ　上場投信　ＪＰＸ日経４００,ETF・ETN,-,-,-,-,-,-
20260831,2527,ＮＺＡＭ　上場投信　東証ＲＥＩＴ　Ｃｏｒｅ指数,ETF・ETN,-,-,-,-,-,-
20260831,2528,ｉＦｒｅｅＥＴＦ　東証ＲＥＩＴ　Ｃｏｒｅ指数,ETF・ETN,-,-,-,-,-,-
20260831,2529,ＮＥＸＴ　ＦＵＮＤＳ　野村株主還元７０連動型上場投信,ETF・ETN,-,-,-,-,-,-
20260831,252A,ウェッジ,PRO Market,6100,小売業,14,小売,-,-
20260831,2530,ＭＡＸＩＳ　ＨｕａＡｎ中国株式（上海１８０Ａ株）上場投信,ETF・ETN,-,-,-,-,-,-
20260831,2531,宝ホールディングス,プライム（内国株式）,3050,食料品,1,食品,4,TOPIX Mid400
20260831,2533,オエノンホールディングス,プライム（内国株式）,3050,食料品,1,食品,7,TOPIX Small 2
20260831,253A,ＥＴＳグループ,スタンダード（内国株式）,2050,建設業,3,建設・資材,-,-
20260831,254A,ＡＩフュージョンキャピタルグループ,スタンダード（内国株式）,7100,証券、商品先物取引業,16,金融（除く銀行）,-,-
20260831,2552,上場インデックスファンドＪリート（東証ＲＥＩＴ指数）隔月分配型（ミニ）,ETF・ETN,-,-,-,-,-,-
20260831,2553,Ｏｎｅ　ＥＴＦ　南方　中国Ａ株　ＣＳＩ５００,ETF・ETN,-,-,-,-,-,-
20260831,2554,ＮＥＸＴ　ＦＵＮＤＳ　ブルームバーグ米国投資適格社債（１－１０年）インデックス（為替ヘッジあり）連動型上場投信,ETF・ETN,-,-,-,-,-,-
20260831,2555,東証ＲＥＩＴ　ＥＴＦ,ETF・ETN,-,-,-,-,-,-
20260831,2556,Ｏｎｅ　ＥＴＦ　東証ＲＥＩＴ指数,ETF・ETN,-,-,-,-,-,-
20260831,2557,ＳＭＤＡＭ　トピックス上場投信,ETF・ETN,-,-,-,-,-,-
20260831,2558,ＭＡＸＩＳ米国株式（Ｓ＆Ｐ５００）上場投信,ETF・ETN,-,-,-,-,-,-
20260831,2559,ＭＡＸＩＳ全世界株式（オール・カントリー）上場投信,ETF・ETN,-,-,-,-,-,-
20260831,255A,ジーエルテクノホールディングス,スタンダード（内国株式）,3750,精密機器,9,電機・精密,-,-
20260831,2560,ＭＡＸＩＳカーボン・エフィシェント日本株上場投信,ETF・ETN,-,-,-,-,-,-
20260831,2561,ｉシェアーズ・コア　日本国債　ＥＴＦ,ETF・ETN,-,-,-,-,-,-
20260831,2562,上場インデックスファンド米国株式（ダウ平均）為替ヘッジあり,ETF・ETN,-,-,-,-,-,-
20260831,2563,ｉシェアーズ　Ｓ＆Ｐ　５００　米国株　ＥＴＦ（為替ヘッジあり）,ETF・ETN,-,-,-,-,-,-
20260831,2564,グローバルＸ　ＭＳＣＩスーパーディビィデンド－日本株式　ＥＴＦ,ETF・ETN,-,-,-,-,-,-
20260831,2565,グローバルＸ　ロジスティクス・Ｊ－ＲＥＩＴ　ＥＴＦ,ETF・ETN,-,-,-,-,-,-
20260831,2566,上場インデックスファンド日経ＥＳＧリート,ETF・ETN,-,-,-,-,-,-
20260831,2567,ＮＺＡＭ　上場投信　Ｓ＆Ｐ／ＪＰＸカーボン・エフィシェント指数,ETF・ETN,-,-,-,-,-,-
20260831,2568,上場インデックスファンド米国株式（ＮＡＳＤＡＱ１００）為替ヘッジなし,ETF・ETN,-,-,-,-,-,-
20260831,2569,上場インデックスファンド米国株式（ＮＡＳＤＡＱ１００）為替ヘッジあり,ETF・ETN,-,-,-,-,-,-
20260831,256A,飛島ホールディングス,プライム（内国株式）,2050,建設業,3,建設・資材,7,TOPIX Small 2
20260831,2573,北海道コカ・コーラボトリング,スタンダード（内国株式）,3050,食料品,1,食品,-,-
20260831,2579,コカ・コーラ　ボトラーズジャパンホールディングス,プライム（内国株式）,3050,食料品,1,食品,4,TOPIX Mid400
20260831,257A,ＳＭＴ　ＥＴＦ日本株厳選投資アクティブ,ETF・ETN,-,-,-,-,-,-
20260831,2585,ライフドリンク　カンパニー,プライム（内国株式）,3050,食料品,1,食品,6,TOPIX Small 1
20260831,2586,フルッタフルッタ,グロース（内国株式）,3050,食料品,1,食品,-,-
20260831,2587,サントリービバレッジ＆フード,プライム（内国株式）,3050,食料品,1,食品,4,TOPIX Mid400
20260831,2588,プレミアムウォーターホールディングス,スタンダード（内国株式）,3050,食料品,1,食品,-,-
20260831,258A,ＳＭＴ　ＥＴＦ国内リート厳選投資アクティブ,ETF・ETN,-,-,-,-,-,-
20260831,2590,ダイドーグループホールディングス,プライム（内国株式）,3050,食料品,1,食品,6,TOPIX Small 1
20260831,2593,伊藤園,プライム（内国株式）,3050,食料品,1,食品,4,TOPIX Mid400
20260831,25935,伊藤園第１種優先株式,プライム（内国株式）,3050,食料品,1,食品,-,-
20260831,2594,キーコーヒー,プライム（内国株式）,3050,食料品,1,食品,7,TOPIX Small 2
20260831,2597,ユニカフェ,スタンダード（内国株式）,3050,食料品,1,食品,-,-
20260831,2602,日清オイリオグループ,プライム（内国株式）,3050,食料品,1,食品,6,TOPIX Small 1
20260831,2607,不二製油,プライム（内国株式）,3050,食料品,1,食品,4,TOPIX Mid400
20260831,2612,かどや製油,スタンダード（内国株式）,3050,食料品,1,食品,-,-
20260831,2613,Ｊ－オイルミルズ,プライム（内国株式）,3050,食料品,1,食品,7,TOPIX Small 2
20260831,261A,日水コン,スタンダード（内国株式）,9050,サービス業,10,情報通信・サービスその他,-,-
20260831,2620,ｉシェアーズ　米国債１－３年　ＥＴＦ,ETF・ETN,-,-,-,-,-,-
20260831,2621,ｉシェアーズ　米国債２０年超　ＥＴＦ（為替ヘッジあり）,ETF・ETN,-,-,-,-,-,-
20260831,2622,ｉシェアーズ　米ドル建て新興国債券　ＥＴＦ（為替ヘッジあり）,ETF・ETN,-,-,-,-,-,-
20260831,2623,ｉシェアーズ　ユーロ建て投資適格社債　ＥＴＦ（為替ヘッジあり）,ETF・ETN,-,-,-,-,-,-
20260831,2624,ｉＦｒｅｅＥＴＦ　日経２２５（年４回決算型）,ETF・ETN,-,-,-,-,-,-
20260831,2625,ｉＦｒｅｅＥＴＦ　ＴＯＰＩＸ（年４回決算型）,ETF・ETN,-,-,-,-,-,-
20260831,2626,グローバルＸ　デジタル・イノベーション－日本株式　ＥＴＦ,ETF・ETN,-,-,-,-,-,-
20260831,2627,グローバルＸ　ｅコマース－日本株式　ＥＴＦ,ETF・ETN,-,-,-,-,-,-
20260831,2628,ｉＦｒｅｅＥＴＦ　中国科創板５０（ＳＴＡＲ５０）,ETF・ETN,-,-,-,-,-,-
20260831,2629,ｉＦｒｅｅＥＴＦ　中国グレーターベイエリア・イノベーション１００（ＧＢＡ１００）,ETF・ETN,-,-,-,-,-,-
20260831,262A,インターメスティック,プライム（内国株式）,6100,小売業,14,小売,7,TOPIX Small 2
20260831,2630,ＭＡＸＩＳ米国株式（Ｓ＆Ｐ５００）上場投信（為替ヘッジあり）,ETF・ETN,-,-,-,-,-,-
20260831,2631,ＭＡＸＩＳナスダック１００上場投信,ETF・ETN,-,-,-,-,-,-
20260831,2632,ＭＡＸＩＳナスダック１００上場投信（為替ヘッジあり）,ETF・ETN,-,-,-,-,-,-
20260831,2633,ＮＥＸＴ　ＦＵＮＤＳ　Ｓ＆Ｐ　５００　指数（為替ヘッジなし）連動型上場投信,ETF・ETN,-,-,-,-,-,-
20260831,2634,ＮＥＸＴ　ＦＵＮＤＳ　Ｓ＆Ｐ　５００　指数（為替ヘッジあり）連動型上場投信,ETF・ETN,-,-,-,-,-,-
20260831,2636,グローバルＸ　ＭＳＣＩ　ガバナンス・クオリティ－日本株式　ＥＴＦ,ETF・ETN,-,-,-,-,-,-
20260831,2637,グローバルＸ　クリーンテック－日本株式　ＥＴＦ,ETF・ETN,-,-,-,-,-,-
20260831,2638,グローバルＸ　ロボティクス＆ＡＩ－日本株式　ＥＴＦ,ETF・ETN,-,-,-,-,-,-
20260831,2639,グローバルＸ　バイオ＆メドテック－日本株式　ＥＴＦ,ETF・ETN,-,-,-,-,-,-
20260831,263A,デジタルキューブ,PRO Market,5250,情報・通信業,10,情報通信・サービスその他,-,-
20260831,2640,グローバルＸ　ゲーム＆アニメ－日本株式　ＥＴＦ,ETF・ETN,-,-,-,-,-,-
20260831,2641,グローバルＸ　グローバルリーダーズ－日本株式　ＥＴＦ,ETF・ETN,-,-,-,-,-,-
20260831,2642,ＳＭＴ　ＥＴＦカーボン・エフィシェント日本株,ETF・ETN,-,-,-,-,-,-
20260831,2643,ＮＥＸＴ　ＦＵＮＤＳ　ＭＳＣＩジャパンカントリー指数（セレクト）連動型上場投信,ETF・ETN,-,-,-,-,-,-
20260831,2644,グローバルＸ　半導体関連－日本株式　ＥＴＦ,ETF・ETN,-,-,-,-,-,-
20260831,2645,グローバルＸ　レジャー＆エンターテインメント－日本株式　ＥＴＦ,ETF・ETN,-,-,-,-,-,-
20260831,2646,グローバルＸ　メタルビジネス－日本株式　ＥＴＦ,ETF・ETN,-,-,-,-,-,-
20260831,2647,ＮＥＸＴ　ＦＵＮＤＳ　ブルームバーグ米国国債（７－１０年）インデックス（為替ヘッジなし）連動型上場投信,ETF・ETN,-,-,-,-,-,-
20260831,2648,ＮＥＸＴ　ＦＵＮＤＳ　ブルームバーグ米国国債（７－１０年）インデックス（為替ヘッジあり）連動型上場投信,ETF・ETN,-,-,-,-,-,-
20260831,2649,ｉシェアーズ　米国政府系機関ジニーメイＭＢＳ　ＥＴＦ（為替ヘッジあり）,ETF・ETN,-,-,-,-,-,-
20260831,264A,Ｓｃｈｏｏ,グロース（内国株式）,9050,サービス業,10,情報通信・サービスその他,-,-
20260831,2652,まんだらけ,スタンダード（内国株式）,6100,小売業,14,小売,-,-
20260831,2653,イオン九州,スタンダード（内国株式）,6100,小売業,14,小売,-,-
20260831,2654,アスモ,スタンダード（内国株式）,6100,小売業,14,小売,-,-
20260831,2656,ベクターホールディングス,スタンダード（内国株式）,6100,小売業,14,小売,-,-
20260831,2659,サンエー,プライム（内国株式）,6100,小売業,14,小売,6,TOPIX Small 1
20260831,265A,Ｈｍｃｏｍｍ,グロース（内国株式）,5250,情報・通信業,10,情報通信・サービスその他,-,-
20260831,2664,カワチ薬品,プライム（内国株式）,6100,小売業,14,小売,6,TOPIX Small 1
20260831,2666,オートウェーブ,スタンダード（内国株式）,6100,小売業,14,小売,-,-
20260831,2667,イメージ　ワン,スタンダード（内国株式）,6050,卸売業,13,商社・卸売,-,-
20260831,2668,タビオ,スタンダード（内国株式）,6050,卸売業,13,商社・卸売,-,-
20260831,2669,カネ美食品,スタンダード（内国株式）,6100,小売業,14,小売,-,-
20260831,266A,グローカルマーケティング,PRO Market,9050,サービス業,10,情報通信・サービスその他,-,-
20260831,2670,エービーシー・マート,プライム（内国株式）,6100,小売業,14,小売,4,TOPIX Mid400
20260831,2673,夢みつけ隊,スタンダード（内国株式）,6100,小売業,14,小売,-,-
20260831,2674,ハードオフコーポレーション,プライム（内国株式）,6100,小売業,14,小売,7,TOPIX Small 2
20260831,2676,高千穂交易,プライム（内国株式）,6050,卸売業,13,商社・卸売,7,TOPIX Small 2
20260831,2678,アスクル,プライム（内国株式）,6100,小売業,14,小売,6,TOPIX Small 1
20260831,267A,トワライズ,PRO Market,7200,その他金融業,16,金融（除く銀行）,-,-
20260831,2681,ゲオホールディングス,プライム（内国株式）,6100,小売業,14,小売,6,TOPIX Small 1
20260831,2683,魚喜,スタンダード（内国株式）,6100,小売業,14,小売,-,-
20260831,2685,アンドエスティＨＤ,プライム（内国株式）,6100,小売業,14,小売,6,TOPIX Small 1
20260831,2687,シー・ヴイ・エス・ベイエリア,スタンダード（内国株式）,9050,サービス業,10,情報通信・サービスその他,-,-
20260831,2689,オルバヘルスケアホールディングス,スタンダード（内国株式）,6050,卸売業,13,商社・卸売,-,-
20260831,268A,リガク・ホールディングス,プライム（内国株式）,3750,精密機器,9,電機・精密,6,TOPIX Small 1
20260831,2693,ＹＫＴ,スタンダード（内国株式）,6050,卸売業,13,商社・卸売,-,-
20260831,2694,焼肉坂井ホールディングス,スタンダード（内国株式）,6100,小売業,14,小売,-,-
20260831,2695,くら寿司,プライム（内国株式）,6100,小売業,14,小売,6,TOPIX Small 1
20260831,2698,キャンドゥ,スタンダード（内国株式）,6100,小売業,14,小売,7,TOPIX Small 2
20260831,269A,Ｓａｐｅｅｔ,グロース（内国株式）,5250,情報・通信業,10,情報通信・サービスその他,-,-
20260831,2700,木徳神糧,スタンダード（内国株式）,6050,卸売業,13,商社・卸売,-,-
20260831,2702,日本マクドナルドホールディングス,スタンダード（内国株式）,6100,小売業,14,小売,-,-
20260831,2705,大戸屋ホールディングス,スタンダード（内国株式）,6100,小売業,14,小売,-,-
20260831,2708,久世,スタンダード（内国株式）,6050,卸売業,13,商社・卸売,-,-
20260831,271A,アクセリア,PRO Market,5250,情報・通信業,10,情報通信・サービスその他,-,-
20260831,2721,ジェイホールディングス,スタンダード（内国株式）,6050,卸売業,13,商社・卸売,-,-
20260831,2722,ＩＫホールディングス,スタンダード（内国株式）,6100,小売業,14,小売,-,-
20260831,2726,パルグループホールディングス,プライム（内国株式）,6100,小売業,14,小売,6,TOPIX Small 1
20260831,2730,エディオン,プライム（内国株式）,6100,小売業,14,小売,6,TOPIX Small 1
20260831,2733,あらた,プライム（内国株式）,6050,卸売業,13,商社・卸売,6,TOPIX Small 1
20260831,2734,サーラコーポレーション,プライム（内国株式）,6100,小売業,14,小売,7,TOPIX Small 2
20260831,2735,ワッツ,スタンダード（内国株式）,6100,小売業,14,小売,-,-
20260831,2736,フェスタリアホールディングス,スタンダード（内国株式）,6100,小売業,14,小売,-,-
20260831,2737,トーメンデバイス,プライム（内国株式）,6050,卸売業,13,商社・卸売,7,TOPIX Small 2
20260831,273A,ＳＢＩ　サウジアラビア株式上場投信,ETF・ETN,-,-,-,-,-,-
20260831,2742,ハローズ,プライム（内国株式）,6100,小売業,14,小売,7,TOPIX Small 2
20260831,2747,北雄ラッキー,スタンダード（内国株式）,6100,小売業,14,小売,-,-
20260831,2749,ＪＰホールディングス,プライム（内国株式）,9050,サービス業,10,情報通信・サービスその他,6,TOPIX Small 1
20260831,274A,ガーデン,スタンダード（内国株式）,6100,小売業,14,小売,-,-
20260831,2750,石光商事,スタンダード（内国株式）,6050,卸売業,13,商社・卸売,-,-
20260831,2751,テンポスホールディングス,スタンダード（内国株式）,6050,卸売業,13,商社・卸売,-,-
20260831,2752,フジオフードグループ本社,プライム（内国株式）,6100,小売業,14,小売,6,TOPIX Small 1
20260831,2753,あみやき亭,プライム（内国株式）,6100,小売業,14,小売,7,TOPIX Small 2
20260831,2760,東京エレクトロン　デバイス,プライム（内国株式）,6050,卸売業,13,商社・卸売,6,TOPIX Small 1
20260831,2762,ＳＡＮＫＯ　ＭＡＲＫＥＴＩＮＧ　ＦＯＯＤＳ,スタンダード（内国株式）,6100,小売業,14,小売,-,-
20260831,2764,ひらまつ,スタンダード（内国株式）,6100,小売業,14,小売,-,-
20260831,2767,円谷フィールズホールディングス,プライム（内国株式）,6050,卸売業,13,商社・卸売,6,TOPIX Small 1
20260831,2768,双日,プライム（内国株式）,6050,卸売業,13,商社・卸売,4,TOPIX Mid400
20260831,2769,ヴィレッジヴァンガードコーポレーション,スタンダード（内国株式）,6100,小売業,14,小売,-,-
20260831,276A,ククレブ・アドバイザーズ,グロース（内国株式）,8050,不動産業,17,不動産,-,-
20260831,2776,新都ホールディングス,スタンダード（内国株式）,6050,卸売業,13,商社・卸売,-,-
20260831,2778,パレモ・ホールディングス,スタンダード（内国株式）,6100,小売業,14,小売,-,-
20260831,277A,グロービング,プライム（内国株式）,9050,サービス業,10,情報通信・サービスその他,7,TOPIX Small 2
20260831,2780,コメ兵ホールディングス,スタンダード（内国株式）,6100,小売業,14,小売,-,-
20260831,2782,セリア,スタンダード（内国株式）,6100,小売業,14,小売,-,-
20260831,2784,アルフレッサ　ホールディングス,プライム（内国株式）,6050,卸売業,13,商社・卸売,4,TOPIX Mid400
20260831,2788,アップルインターナショナル,スタンダード（内国株式）,6050,卸売業,13,商社・卸売,-,-
20260831,2789,カルラ,スタンダード（内国株式）,6100,小売業,14,小売,-,-
20260831,278A,Ｔｅｒｒａ　Ｄｒｏｎｅ,グロース（内国株式）,3750,精密機器,9,電機・精密,-,-
20260831,2790,ナフコ,スタンダード（内国株式）,6100,小売業,14,小売,-,-
20260831,2791,大黒天物産,プライム（内国株式）,6100,小売業,14,小売,6,TOPIX Small 1
20260831,2792,ハニーズホールディングス,プライム（内国株式）,6100,小売業,14,小売,7,TOPIX Small 2
20260831,2795,日本プリメックス,スタンダード（内国株式）,6050,卸売業,13,商社・卸売,-,-
20260831,2796,ファーマライズホールディングス,スタンダード（内国株式）,6100,小売業,14,小売,-,-
20260831,2798,ワイズテーブルコーポレーション,スタンダード（内国株式）,6100,小売業,14,小売,-,-
20260831,279A,インターグ,PRO Market,9050,サービス業,10,情報通信・サービスその他,-,-
20260831,2801,キッコーマン,プライム（内国株式）,3050,食料品,1,食品,4,TOPIX Mid400
20260831,2802,味の素,プライム（内国株式）,3050,食料品,1,食品,2,TOPIX Large70
20260831,2804,ブルドックソース,プライム（内国株式）,3050,食料品,1,食品,7,TOPIX Small 2
20260831,2805,ヱスビー食品,スタンダード（内国株式）,3050,食料品,1,食品,-,-
20260831,2806,ユタカフーズ,スタンダード（内国株式）,3050,食料品,1,食品,-,-
20260831,2809,キユーピー,プライム（内国株式）,3050,食料品,1,食品,4,TOPIX Mid400
20260831,280A,ＴＭＨ,グロース（内国株式）,6050,卸売業,13,商社・卸売,-,-
20260831,2810,ハウス食品グループ本社,プライム（内国株式）,3050,食料品,1,食品,4,TOPIX Mid400
20260831,2811,カゴメ,プライム（内国株式）,3050,食料品,1,食品,4,TOPIX Mid400
20260831,2813,和弘食品,スタンダード（内国株式）,3050,食料品,1,食品,-,-
20260831,2814,佐藤食品工業,スタンダード（内国株式）,3050,食料品,1,食品,-,-
20260831,2815,アリアケジャパン,プライム（内国株式）,3050,食料品,1,食品,6,TOPIX Small 1
20260831,2816,ダイショー,スタンダード（内国株式）,3050,食料品,1,食品,-,-
20260831,2818,ピエトロ,スタンダード（内国株式）,3050,食料品,1,食品,-,-
20260831,2819,エバラ食品工業,スタンダード（内国株式）,3050,食料品,1,食品,7,TOPIX Small 2
20260831,281A,インフォメティス,グロース（内国株式）,5250,情報・通信業,10,情報通信・サービスその他,-,-
20260831,2820,やまみ,スタンダード（内国株式）,3050,食料品,1,食品,-,-
20260831,282A,グローバルＸ　半導体・トップ１０－日本株式　ＥＴＦ,ETF・ETN,-,-,-,-,-,-
20260831,2831,はごろもフーズ,スタンダード（内国株式）,3050,食料品,1,食品,-,-
20260831,2836,グローバルＸ　フィンテック－日本株式　ＥＴＦ,ETF・ETN,-,-,-,-,-,-
20260831,2837,グローバルＸ　中小型リーダーズ－日本株式　ＥＴＦ,ETF・ETN,-,-,-,-,-,-
20260831,2838,ＭＡＸＩＳ米国国債７－１０年上場投信（為替ヘッジなし）,ETF・ETN,-,-,-,-,-,-
20260831,2839,ＭＡＸＩＳ米国国債７－１０年上場投信（為替ヘッジあり）,ETF・ETN,-,-,-,-,-,-
20260831,283A,グローバルＸ　ＵＳ　テック・配当貴族　ＥＴＦ,ETF・ETN,-,-,-,-,-,-
20260831,2840,ｉＦｒｅｅＥＴＦ　ＮＡＳＤＡＱ１００（為替ヘッジなし）,ETF・ETN,-,-,-,-,-,-
20260831,2841,ｉＦｒｅｅＥＴＦ　ＮＡＳＤＡＱ１００（為替ヘッジあり）,ETF・ETN,-,-,-,-,-,-
20260831,2842,ｉＦｒｅｅＥＴＦ　ＮＡＳＤＡＱ１００インバース,ETF・ETN,-,-,-,-,-,-
20260831,2843,上場インデックスファンド豪州国債（為替ヘッジあり）,ETF・ETN,-,-,-,-,-,-
20260831,2844,上場インデックスファンド豪州国債（為替ヘッジなし）,ETF・ETN,-,-,-,-,-,-
20260831,2845,ＮＥＸＴ　ＦＵＮＤＳ　ＮＡＳＤＡＱ－１００（為替ヘッジあり）連動型上場投信,ETF・ETN,-,-,-,-,-,-
20260831,2846,ＮＥＸＴ　ＦＵＮＤＳ　ダウ・ジョーンズ工業株３０種平均株価（為替ヘッジあり）連動型上場投信,ETF・ETN,-,-,-,-,-,-
20260831,2847,グローバルＸ　新成長インフラ－日本株式　ＥＴＦ,ETF・ETN,-,-,-,-,-,-
20260831,2848,グローバルＸ　ＭＳＣＩ　気候変動対応－日本株式　ＥＴＦ,ETF・ETN,-,-,-,-,-,-
20260831,2849,グローバルＸ　Ｍｏｒｎｉｎｇｓｔａｒ　高配当　ＥＳＧ－日本株式　ＥＴＦ,ETF・ETN,-,-,-,-,-,-
20260831,284A,フクヤ建設,PRO Market,2050,建設業,3,建設・資材,-,-
20260831,2851,ｉシェアーズ　ＭＳＣＩ　ジャパンＳＲＩ　ＥＴＦ,ETF・ETN,-,-,-,-,-,-
20260831,2852,ｉシェアーズ　グリーンＪリート　ＥＴＦ,ETF・ETN,-,-,-,-,-,-
20260831,2853,ｉシェアーズ　気候リスク調整世界国債　ＥＴＦ（除く日本・為替ヘッジあり）,ETF・ETN,-,-,-,-,-,-
20260831,2854,グローバルＸ　テック・トップ２０－日本株式　ＥＴＦ,ETF・ETN,-,-,-,-,-,-
20260831,2855,グローバルＸ　グリーン・Ｊ－ＲＥＩＴ　ＥＴＦ,ETF・ETN,-,-,-,-,-,-
20260831,2856,ｉシェアーズ　米国債３－７年　ＥＴＦ（為替ヘッジあり）,ETF・ETN,-,-,-,-,-,-
20260831,2857,ｉシェアーズ　ドイツ国債　ＥＴＦ（為替ヘッジあり）,ETF・ETN,-,-,-,-,-,-
20260831,2858,グローバルＸ　日経２２５　カバード・コール　ＥＴＦ（プレミアム再投資型）,ETF・ETN,-,-,-,-,-,-
20260831,2859,ＮＥＸＴ　ＦＵＮＤＳ　ユーロ・ストックス５０指数（為替ヘッジあり）連動型上場投信,ETF・ETN,-,-,-,-,-,-
20260831,285A,キオクシアホールディングス,プライム（内国株式）,3650,電気機器,9,電機・精密,4,TOPIX Mid400
20260831,2860,ＮＥＸＴ　ＦＵＮＤＳ　ドイツ株式・ＤＡＸ（為替ヘッジあり）連動型上場投信,ETF・ETN,-,-,-,-,-,-
20260831,2861,上場インデックスファンドフランス国債（為替ヘッジなし）,ETF・ETN,-,-,-,-,-,-
20260831,2862,上場インデックスファンドフランス国債（為替ヘッジあり）,ETF・ETN,-,-,-,-,-,-
20260831,2864,グローバルＸ　ロジスティクス・ＲＥＩＴ　ＥＴＦ,ETF・ETN,-,-,-,-,-,-
20260831,2865,グローバルＸ　ＮＡＳＤＡＱ１００・カバード・コール　ＥＴＦ,ETF・ETN,-,-,-,-,-,-
20260831,2866,グローバルＸ　米国優先証券　ＥＴＦ,ETF・ETN,-,-,-,-,-,-
20260831,2867,グローバルＸ　自動運転＆ＥＶ　ＥＴＦ,ETF・ETN,-,-,-,-,-,-
20260831,2868,グローバルＸ　Ｓ＆Ｐ５００・カバード・コール　ＥＴＦ,ETF・ETN,-,-,-,-,-,-
20260831,2869,ｉＦｒｅｅＥＴＦ　ＮＡＳＤＡＱ１００レバレッジ,ETF・ETN,-,-,-,-,-,-
20260831,286A,ユカリア,グロース（内国株式）,9050,サービス業,10,情報通信・サービスその他,-,-
20260831,2870,ｉＦｒｅｅＥＴＦ　ＮＡＳＤＡＱ１００ダブルインバース,ETF・ETN,-,-,-,-,-,-
20260831,2871,ニチレイ,プライム（内国株式）,3050,食料品,1,食品,4,TOPIX Mid400
20260831,2872,セイヒョー,スタンダード（内国株式）,3050,食料品,1,食品,-,-
20260831,2874,横浜冷凍,プライム（内国株式）,6050,卸売業,13,商社・卸売,6,TOPIX Small 1
20260831,2875,東洋水産,プライム（内国株式）,3050,食料品,1,食品,4,TOPIX Mid400
20260831,2876,デルソーレ,スタンダード（内国株式）,3050,食料品,1,食品,-,-
20260831,2877,日東ベスト,スタンダード（内国株式）,3050,食料品,1,食品,-,-
20260831,287A,黒田グループ,スタンダード（内国株式）,6050,卸売業,13,商社・卸売,-,-
20260831,2882,イートアンドホールディングス,プライム（内国株式）,3050,食料品,1,食品,7,TOPIX Small 2
20260831,2883,大冷,スタンダード（内国株式）,3050,食料品,1,食品,-,-
20260831,2884,ヨシムラ・フード・ホールディングス,プライム（内国株式）,3050,食料品,1,食品,7,TOPIX Small 2
20260831,288A,ラクサス・テクノロジーズ,グロース（内国株式）,9050,サービス業,10,情報通信・サービスその他,-,-
20260831,2892,日本食品化工,スタンダード（内国株式）,3050,食料品,1,食品,-,-
20260831,2894,石井食品,スタンダード（内国株式）,3050,食料品,1,食品,-,-
20260831,2897,日清食品ホールディングス,プライム（内国株式）,3050,食料品,1,食品,4,TOPIX Mid400
20260831,2901,ウェルディッシュ,スタンダード（内国株式）,3050,食料品,1,食品,-,-
20260831,2903,シノブフーズ,スタンダード（内国株式）,3050,食料品,1,食品,-,-
20260831,2904,一正蒲鉾,スタンダード（内国株式）,3050,食料品,1,食品,-,-
20260831,2907,あじかん,スタンダード（内国株式）,3050,食料品,1,食品,-,-
20260831,2908,フジッコ,プライム（内国株式）,3050,食料品,1,食品,7,TOPIX Small 2
20260831,290A,Ｓｙｎｓｐｅｃｔｉｖｅ,グロース（内国株式）,5250,情報・通信業,10,情報通信・サービスその他,-,-
20260831,2910,ロック・フィールド,プライム（内国株式）,3050,食料品,1,食品,7,TOPIX Small 2
20260831,2911,旭松食品,スタンダード（内国株式）,3050,食料品,1,食品,-,-
20260831,2914,日本たばこ産業,プライム（内国株式）,3050,食料品,1,食品,1,TOPIX Core30
20260831,2915,ケンコーマヨネーズ,プライム（内国株式）,3050,食料品,1,食品,7,TOPIX Small 2
20260831,2916,仙波糖化工業,スタンダード（内国株式）,3050,食料品,1,食品,-,-
20260831,2917,大森屋,スタンダード（内国株式）,3050,食料品,1,食品,-,-
20260831,2918,わらべや日洋ホールディングス,プライム（内国株式）,3050,食料品,1,食品,6,TOPIX Small 1
20260831,291A,リスキル,グロース（内国株式）,9050,サービス業,10,情報通信・サービスその他,-,-
20260831,2922,なとり,プライム（内国株式）,3050,食料品,1,食品,7,TOPIX Small 2
20260831,2923,サトウ食品,スタンダード（内国株式）,3050,食料品,1,食品,-,-
20260831,2924,イフジ産業,スタンダード（内国株式）,3050,食料品,1,食品,-,-
20260831,2926,篠崎屋,スタンダード（内国株式）,3050,食料品,1,食品,-,-
20260831,2927,ＡＦＣ－ＨＤアムスライフサイエンス,スタンダード（内国株式）,3050,食料品,1,食品,-,-
20260831,2929,ファーマフーズ,プライム（内国株式）,3050,食料品,1,食品,7,TOPIX Small 2
20260831,292A,エスアイイー,PRO Market,9050,サービス業,10,情報通信・サービスその他,-,-
20260831,2930,北の達人コーポレーション,プライム（内国株式）,3200,化学,4,素材・化学,7,TOPIX Small 2
20260831,2931,ユーグレナ,プライム（内国株式）,3050,食料品,1,食品,6,TOPIX Small 1
20260831,2932,ＳＴＩフードホールディングス,スタンダード（内国株式）,3050,食料品,1,食品,-,-
20260831,2933,紀文食品,プライム（内国株式）,3050,食料品,1,食品,7,TOPIX Small 2
20260831,2934,ジェイフロンティア,グロース（内国株式）,3050,食料品,1,食品,-,-
20260831,2935,ピックルスホールディングス,プライム（内国株式）,3050,食料品,1,食品,7,TOPIX Small 2
20260831,2936,ベースフード,グロース（内国株式）,3050,食料品,1,食品,-,-
20260831,2937,サンクゼール,グロース（内国株式）,3050,食料品,1,食品,-,-
20260831,2938,オカムラ食品工業,スタンダード（内国株式）,3050,食料品,1,食品,-,-
20260831,293A,ＢＡＢＹ　ＪＯＢ,PRO Market,6100,小売業,14,小売,-,-
20260831,294A,ＮＥＸＴ　ＦＵＮＤＳ　ＭＳＣＩジャパン気候変動指数（セレクト）連動型上場投信,ETF・ETN,-,-,-,-,-,-
20260831,295A,Ｏｎｅ　ＥＴＦ　ＦＴＳＥ・サウジアラビア・インデックス,ETF・ETN,-,-,-,-,-,-
20260831,2961,日本調理機,スタンダード（内国株式）,3550,金属製品,3,建設・資材,-,-
20260831,2962,テクニスコ,スタンダード（内国株式）,3550,金属製品,3,建設・資材,-,-
20260831,296A,令和アカウンティング・ホールディングス,グロース（内国株式）,9050,サービス業,10,情報通信・サービスその他,-,-
20260831,2970,ＧＬＣ　ＧＲＯＵＰ,スタンダード（内国株式）,8050,不動産業,17,不動産,-,-
20260831,2971,エスコンジャパンリート投資法人,REIT・ベンチャーファンド・カントリーファンド・インフラファンド,-,-,-,-,-,-
20260831,2972,サンケイリアルエステート投資法人,REIT・ベンチャーファンド・カントリーファンド・インフラファンド,-,-,-,-,-,-
20260831,2975,スター・マイカ・ホールディングス,プライム（内国株式）,8050,不動産業,17,不動産,7,TOPIX Small 2
20260831,2978,ツクルバ,グロース（内国株式）,8050,不動産業,17,不動産,-,-
20260831,2979,ＳＯＳｉＬＡ物流リート投資法人,REIT・ベンチャーファンド・カントリーファンド・インフラファンド,-,-,-,-,-,-
20260831,297A,アルピコホールディングス,スタンダード（内国株式）,6100,小売業,14,小売,-,-
20260831,2980,ＳＲＥホールディングス,プライム（内国株式）,8050,不動産業,17,不動産,7,TOPIX Small 2
20260831,2981,ランディックス,グロース（内国株式）,8050,不動産業,17,不動産,-,-
20260831,2982,ＡＤワークスグループ,プライム（内国株式）,8050,不動産業,17,不動産,-,-
20260831,2983,アールプランナー,グロース（内国株式）,8050,不動産業,17,不動産,-,-
20260831,2984,ヤマイチエステート,スタンダード（内国株式）,8050,不動産業,17,不動産,-,-
20260831,2985,ファーストステージ,PRO Market,8050,不動産業,17,不動産,-,-
20260831,2986,ＬＡホールディングス,グロース（内国株式）,8050,不動産業,17,不動産,-,-
20260831,2989,東海道リート投資法人,REIT・ベンチャーファンド・カントリーファンド・インフラファンド,-,-,-,-,-,-
20260831,298A,ＧＶＡ　ＴＥＣＨ,グロース（内国株式）,5250,情報・通信業,10,情報通信・サービスその他,-,-
20260831,2990,アイダ設計,PRO Market,8050,不動産業,17,不動産,-,-
20260831,2991,ランドネット,スタンダード（内国株式）,8050,不動産業,17,不動産,-,-
20260831,2992,アーバンライク,PRO Market,8050,不動産業,17,不動産,-,-
20260831,2993,長栄,スタンダード（内国株式）,8050,不動産業,17,不動産,-,-
20260831,2994,アンサーホールディングス,PRO Market,8050,不動産業,17,不動産,-,-
20260831,2995,ジェイレックス・コーポレーション,PRO Market,8050,不動産業,17,不動産,-,-
20260831,2997,ストレージ王,グロース（内国株式）,8050,不動産業,17,不動産,-,-
20260831,2998,クリアル,グロース（内国株式）,8050,不動産業,17,不動産,-,-
20260831,2999,ホームポジション,スタンダード（内国株式）,8050,不動産業,17,不動産,-,-
20260831,299A,クラシル,グロース（内国株式）,9050,サービス業,10,情報通信・サービスその他,-,-
20260831,3001,片倉工業,スタンダード（内国株式）,3100,繊維製品,4,素材・化学,7,TOPIX Small 2
20260831,3002,グンゼ,プライム（内国株式）,3100,繊維製品,4,素材・化学,6,TOPIX Small 1
20260831,3003,ヒューリック,プライム（内国株式）,8050,不動産業,17,不動産,4,TOPIX Mid400
20260831,3004,神栄,スタンダード（内国株式）,6050,卸売業,13,商社・卸売,-,-
20260831,300A,ＭＩＣ,スタンダード（内国株式）,9050,サービス業,10,情報通信・サービスその他,-,-
20260831,3010,ポラリス・ホールディングス,スタンダード（内国株式）,9050,サービス業,10,情報通信・サービスその他,-,-
20260831,3011,バナーズ,スタンダード（内国株式）,6100,小売業,14,小売,-,-
20260831,301A,インデックス,PRO Market,8050,不動産業,17,不動産,-,-
20260831,3020,アプライド,スタンダード（内国株式）,6100,小売業,14,小売,-,-
20260831,3021,パシフィックネット,スタンダード（内国株式）,9050,サービス業,10,情報通信・サービスその他,-,-
20260831,3023,ラサ商事,スタンダード（内国株式）,6050,卸売業,13,商社・卸売,7,TOPIX Small 2
20260831,3024,クリエイト,スタンダード（内国株式）,6050,卸売業,13,商社・卸売,-,-
20260831,3028,アルペン,プライム（内国株式）,6100,小売業,14,小売,6,TOPIX Small 1
20260831,302A,ビースタイルホールディングス,グロース（内国株式）,9050,サービス業,10,情報通信・サービスその他,-,-
20260831,3030,ハブ,スタンダード（内国株式）,6100,小売業,14,小売,-,-
20260831,3031,ラクーンホールディングス,プライム（内国株式）,5250,情報・通信業,10,情報通信・サービスその他,7,TOPIX Small 2
20260831,3034,クオールホールディングス,プライム（内国株式）,6100,小売業,14,小売,6,TOPIX Small 1
20260831,3035,ケイティケイ,スタンダード（内国株式）,6050,卸売業,13,商社・卸売,-,-
20260831,3036,アルコニックス,プライム（内国株式）,6050,卸売業,13,商社・卸売,6,TOPIX Small 1
20260831,3038,神戸物産,プライム（内国株式）,6050,卸売業,13,商社・卸売,4,TOPIX Mid400
20260831,303A,ｖｉｓｕｍｏ,グロース（内国株式）,5250,情報・通信業,10,情報通信・サービスその他,-,-
20260831,3040,ソリトンシステムズ,プライム（内国株式）,5250,情報・通信業,10,情報通信・サービスその他,7,TOPIX Small 2
20260831,3041,ビューティカダンホールディングス,スタンダード（内国株式）,6050,卸売業,13,商社・卸売,-,-
20260831,3042,セキュアヴェイル,スタンダード（内国株式）,5250,情報・通信業,10,情報通信・サービスその他,-,-
20260831,3045,カワサキ,スタンダード（内国株式）,6050,卸売業,13,商社・卸売,-,-
20260831,3046,ジンズホールディングス,プライム（内国株式）,6100,小売業,14,小売,6,TOPIX Small 1
20260831,3048,ビックカメラ,プライム（内国株式）,6100,小売業,14,小売,4,TOPIX Mid400
20260831,304A,フォルシア,グロース（内国株式）,5250,情報・通信業,10,情報通信・サービスその他,-,-
20260831,3050,ＤＣＭホールディングス,プライム（内国株式）,6100,小売業,14,小売,6,TOPIX Small 1
20260831,3053,ペッパーフードサービス,スタンダード（内国株式）,6100,小売業,14,小売,7,TOPIX Small 2
20260831,3054,ハイパー,スタンダード（内国株式）,6050,卸売業,13,商社・卸売,-,-
20260831,3058,三洋堂ホールディングス,スタンダード（内国株式）,6100,小売業,14,小売,-,-
20260831,3059,ヒラキ,スタンダード（内国株式）,6100,小売業,14,小売,-,-
20260831,305A,ダブルツリー,PRO Market,6100,小売業,14,小売,-,-
20260831,3063,ジェイグループホールディングス,グロース（内国株式）,6100,小売業,14,小売,-,-
20260831,3064,ＭｏｎｏｔａＲＯ,プライム（内国株式）,6100,小売業,14,小売,4,TOPIX Mid400
20260831,3065,ライフフーズ,スタンダード（内国株式）,6100,小売業,14,小売,-,-
20260831,3067,東京一番フーズ,スタンダード（内国株式）,6100,小売業,14,小売,-,-
20260831,3068,ＷＤＩ,スタンダード（内国株式）,6100,小売業,14,小売,-,-
20260831,3069,ＪＦＬＡホールディングス,スタンダード（内国株式）,3050,食料品,1,食品,-,-
20260831,3070,ジェリービーンズグループ,グロース（内国株式）,6050,卸売業,13,商社・卸売,-,-
20260831,3071,ストリーム,スタンダード（内国株式）,6100,小売業,14,小売,-,-
20260831,3075,銚子丸,スタンダード（内国株式）,6100,小売業,14,小売,-,-
20260831,3076,あい　ホールディングス,プライム（内国株式）,6050,卸売業,13,商社・卸売,6,TOPIX Small 1
20260831,3077,ホリイフードサービス,スタンダード（内国株式）,6100,小売業,14,小売,-,-
20260831,307A,ハウジング・スタッフ,PRO Market,2050,建設業,3,建設・資材,-,-
20260831,3080,ジェーソン,スタンダード（内国株式）,6100,小売業,14,小売,-,-
20260831,3082,きちりホールディングス,スタンダード（内国株式）,6100,小売業,14,小売,-,-
20260831,3083,スターシーズ,スタンダード（内国株式）,6100,小売業,14,小売,-,-
20260831,3086,Ｊ．フロント　リテイリング,プライム（内国株式）,6100,小売業,14,小売,4,TOPIX Mid400
20260831,3087,ドトール・日レスホールディングス,プライム（内国株式）,6100,小売業,14,小売,6,TOPIX Small 1
20260831,3088,マツキヨココカラ＆カンパニー,プライム（内国株式）,6100,小売業,14,小売,4,TOPIX Mid400
20260831,3089,テクノアルファ,スタンダード（内国株式）,6050,卸売業,13,商社・卸売,-,-
20260831,308A,ぽすとめいとホールディングス,PRO Market,9050,サービス業,10,情報通信・サービスその他,-,-
20260831,3091,ブロンコビリー,プライム（内国株式）,6100,小売業,14,小売,6,TOPIX Small 1
20260831,3092,ＺＯＺＯ,プライム（内国株式）,6100,小売業,14,小売,4,TOPIX Mid400
20260831,3093,トレジャー・ファクトリー,プライム（内国株式）,6100,小売業,14,小売,7,TOPIX Small 2
20260831,3096,オーシャンシステム,スタンダード（内国株式）,6100,小売業,14,小売,-,-
20260831,3097,物語コーポレーション,プライム（内国株式）,6100,小売業,14,小売,6,TOPIX Small 1
20260831,3099,三越伊勢丹ホールディングス,プライム（内国株式）,6100,小売業,14,小売,4,TOPIX Mid400
20260831,309A,コスモス調剤,PRO Market,6100,小売業,14,小売,-,-
20260831,3101,東洋紡,プライム（内国株式）,3200,化学,4,素材・化学,6,TOPIX Small 1
20260831,3103,ユニチカ,スタンダード（内国株式）,3100,繊維製品,4,素材・化学,7,TOPIX Small 2
20260831,3104,富士紡ホールディングス,プライム（内国株式）,3100,繊維製品,4,素材・化学,7,TOPIX Small 2
20260831,3105,日清紡ホールディングス,プライム（内国株式）,3650,電気機器,9,電機・精密,4,TOPIX Mid400
20260831,3106,倉敷紡績,プライム（内国株式）,3100,繊維製品,4,素材・化学,6,TOPIX Small 1
20260831,3107,ダイワボウホールディングス,プライム（内国株式）,6050,卸売業,13,商社・卸売,4,TOPIX Mid400
20260831,3109,シキボウ,プライム（内国株式）,3100,繊維製品,4,素材・化学,7,TOPIX Small 2
20260831,310A,サーティーフォー,PRO Market,8050,不動産業,17,不動産,-,-
20260831,3110,日東紡績,プライム（内国株式）,3400,ガラス・土石製品,3,建設・資材,6,TOPIX Small 1
20260831,3111,オーミケンシ,スタンダード（内国株式）,3100,繊維製品,4,素材・化学,-,-
20260831,3113,ＵＮＩＶＡ・Ｏａｋホールディングス,スタンダード（内国株式）,7100,証券、商品先物取引業,16,金融（除く銀行）,-,-
20260831,3116,トヨタ紡織,プライム（内国株式）,3700,輸送用機器,6,自動車・輸送機,4,TOPIX Mid400
20260831,3121,マーチャント・バンカーズ,スタンダード（内国株式）,9050,サービス業,10,情報通信・サービスその他,-,-
20260831,3123,サイボー,スタンダード（内国株式）,3100,繊維製品,4,素材・化学,-,-
20260831,312A,シンコーホールディングス,PRO Market,2050,建設業,3,建設・資材,-,-
20260831,3131,シンデン・ハイテックス,スタンダード（内国株式）,6050,卸売業,13,商社・卸売,-,-
20260831,3132,マクニカホールディングス,プライム（内国株式）,6050,卸売業,13,商社・卸売,4,TOPIX Mid400
20260831,3133,海帆,グロース（内国株式）,6100,小売業,14,小売,-,-
20260831,3134,Ｈａｍｅｅ,スタンダード（内国株式）,6100,小売業,14,小売,7,TOPIX Small 2
20260831,3135,マーケットエンタープライズ,スタンダード（内国株式）,6100,小売業,14,小売,-,-
20260831,3137,ファンデリー,スタンダード（内国株式）,6100,小売業,14,小売,-,-
20260831,3138,富士山マガジンサービス,スタンダード（内国株式）,6100,小売業,14,小売,-,-
20260831,3139,ラクト・ジャパン,プライム（内国株式）,6050,卸売業,13,商社・卸売,7,TOPIX Small 2
20260831,313A,ｉシェアーズ　Ｓ＆Ｐ　５００　トップ　２０　ＥＴＦ,ETF・ETN,-,-,-,-,-,-
20260831,3140,ＢＲＵＮＯ,グロース（内国株式）,6050,卸売業,13,商社・卸売,-,-
20260831,3143,オーウイル,スタンダード（内国株式）,6050,卸売業,13,商社・卸売,-,-
20260831,3148,クリエイトＳＤホールディングス,プライム（内国株式）,6100,小売業,14,小売,6,TOPIX Small 1
20260831,314A,ｉシェアーズ　ゴールド　ＥＴＦ,ETF・ETN,-,-,-,-,-,-
20260831,3150,グリムス,プライム（内国株式）,4050,電気・ガス業,11,電力・ガス,7,TOPIX Small 2
20260831,3151,バイタルケーエスケー・ホールディングス,プライム（内国株式）,6050,卸売業,13,商社・卸売,7,TOPIX Small 2
20260831,3153,八洲電機,プライム（内国株式）,6050,卸売業,13,商社・卸売,7,TOPIX Small 2
20260831,3154,メディアスホールディングス,プライム（内国株式）,6050,卸売業,13,商社・卸売,7,TOPIX Small 2
20260831,3156,レスター,プライム（内国株式）,6050,卸売業,13,商社・卸売,7,TOPIX Small 2
20260831,3157,ジオリーブグループ,スタンダード（内国株式）,6050,卸売業,13,商社・卸売,-,-
20260831,3159,丸善ＣＨＩホールディングス,スタンダード（内国株式）,6100,小売業,14,小売,-,-
20260831,315A,グローバルＸ　銀行　高配当－日本株式　ＥＴＦ,ETF・ETN,-,-,-,-,-,-
20260831,3160,大光,スタンダード（内国株式）,6050,卸売業,13,商社・卸売,-,-
20260831,3161,アゼアス,スタンダード（内国株式）,6050,卸売業,13,商社・卸売,-,-
20260831,3166,ＯＣＨＩホールディングス,スタンダード（内国株式）,6050,卸売業,13,商社・卸売,-,-
20260831,3167,ＴＯＫＡＩホールディングス,プライム（内国株式）,6050,卸売業,13,商社・卸売,6,TOPIX Small 1
20260831,3168,ＭＥＲＦ,スタンダード（内国株式）,6050,卸売業,13,商社・卸売,-,-
20260831,3169,ミサワ,スタンダード（内国株式）,6100,小売業,14,小売,-,-
20260831,316A,ｉＦｒｅｅＥＴＦ　ＦＡＮＧ＋,ETF・ETN,-,-,-,-,-,-
20260831,3172,ティーライフ,スタンダード（内国株式）,6100,小売業,14,小売,-,-
20260831,3173,Ｃｏｍｉｎｉｘ,スタンダード（内国株式）,6050,卸売業,13,商社・卸売,-,-
20260831,3174,ハピネス・アンド・ディ,スタンダード（内国株式）,6100,小売業,14,小売,-,-
20260831,3175,エー・ピーホールディングス,スタンダード（内国株式）,6100,小売業,14,小売,-,-
20260831,3176,三洋貿易,プライム（内国株式）,6050,卸売業,13,商社・卸売,7,TOPIX Small 2
20260831,3177,ありがとうサービス,スタンダード（内国株式）,6100,小売業,14,小売,-,-
20260831,3178,チムニー,スタンダード（内国株式）,6100,小売業,14,小売,-,-
20260831,3179,シュッピン,プライム（内国株式）,6100,小売業,14,小売,7,TOPIX Small 2
20260831,317A,エス・エム・エス・データテック,PRO Market,5250,情報・通信業,10,情報通信・サービスその他,-,-
20260831,3180,ビューティガレージ,プライム（内国株式）,6050,卸売業,13,商社・卸売,7,TOPIX Small 2
20260831,3181,買取王国,スタンダード（内国株式）,6100,小売業,14,小売,-,-
20260831,3182,オイシックス,プライム（内国株式）,6100,小売業,14,小売,6,TOPIX Small 1
20260831,3183,ウイン・パートナーズ,プライム（内国株式）,6050,卸売業,13,商社・卸売,7,TOPIX Small 2
20260831,3184,ＩＣＤＡホールディングス,スタンダード（内国株式）,6100,小売業,14,小売,-,-
20260831,3185,夢展望,グロース（内国株式）,6100,小売業,14,小売,-,-
20260831,3186,ネクステージ,プライム（内国株式）,6100,小売業,14,小売,6,TOPIX Small 1
20260831,3187,ミラタップ,グロース（内国株式）,6100,小売業,14,小売,-,-
20260831,3189,ＡＮＡＰホールディングス,スタンダード（内国株式）,6100,小売業,14,小売,-,-
20260831,318A,ＶＩＸ短期先物指数ＥＴＦ,ETF・ETN,-,-,-,-,-,-
20260831,3190,ホットマン,スタンダード（内国株式）,6100,小売業,14,小売,-,-
20260831,3191,ジョイフル本田,プライム（内国株式）,6100,小売業,14,小売,6,TOPIX Small 1
20260831,3192,白鳩,スタンダード（内国株式）,6100,小売業,14,小売,-,-
20260831,3193,エターナルホスピタリティグループ,プライム（内国株式）,6100,小売業,14,小売,7,TOPIX Small 2
20260831,3195,ジェネレーションパス,スタンダード（内国株式）,6100,小売業,14,小売,-,-
20260831,3196,ホットランドホールディングス,プライム（内国株式）,6100,小売業,14,小売,7,TOPIX Small 2
20260831,3197,すかいらーくホールディングス,プライム（内国株式）,6100,小売業,14,小売,4,TOPIX Mid400
20260831,3199,綿半ホールディングス,プライム（内国株式）,6100,小売業,14,小売,7,TOPIX Small 2
20260831,319A,技術承継機構,グロース（内国株式）,3550,金属製品,3,建設・資材,-,-
20260831,3201,日本毛織,プライム（内国株式）,3100,繊維製品,4,素材・化学,6,TOPIX Small 1
20260831,3202,ダイトウボウ,スタンダード（内国株式）,3100,繊維製品,4,素材・化学,-,-
20260831,3204,トーア紡コーポレーション,スタンダード（内国株式）,3100,繊維製品,4,素材・化学,-,-
20260831,3205,ダイドーリミテッド,スタンダード（内国株式）,3100,繊維製品,4,素材・化学,-,-
20260831,320A,Ｄ＆Ｉ,PRO Market,9050,サービス業,10,情報通信・サービスその他,-,-
20260831,321A,ヒューマンステージホールディングス,PRO Market,9050,サービス業,10,情報通信・サービスその他,-,-
20260831,3221,ヨシックスホールディングス,プライム（内国株式）,6100,小売業,14,小売,7,TOPIX Small 2
20260831,3222,ユナイテッド・スーパーマーケット・ホールディングス,スタンダード（内国株式）,6100,小売業,14,小売,6,TOPIX Small 1
20260831,3223,エスエルディー,スタンダード（内国株式）,6100,小売業,14,小売,-,-
20260831,3224,ゼネラル・オイスター,グロース（内国株式）,6100,小売業,14,小売,-,-
20260831,3226,三井不動産アコモデーションファンド投資法人,REIT・ベンチャーファンド・カントリーファンド・インフラファンド,-,-,-,-,-,-
20260831,322A,ヒメジ理化,PRO Market,3400,ガラス・土石製品,3,建設・資材,-,-
20260831,3231,野村不動産ホールディングス,プライム（内国株式）,8050,不動産業,17,不動産,4,TOPIX Mid400
20260831,3232,三重交通グループホールディングス,プライム（内国株式）,8050,不動産業,17,不動産,7,TOPIX Small 2
20260831,3234,森ヒルズリート投資法人,REIT・ベンチャーファンド・カントリーファンド・インフラファンド,-,-,-,-,-,-
20260831,3236,プロパスト,スタンダード（内国株式）,8050,不動産業,17,不動産,-,-
20260831,3237,イントランス,グロース（内国株式）,8050,不動産業,17,不動産,-,-
20260831,3238,セントラル総合開発,スタンダード（内国株式）,8050,不動産業,17,不動産,-,-
20260831,323A,フライヤー,グロース（内国株式）,5250,情報・通信業,10,情報通信・サービスその他,-,-
20260831,3241,ウィル,スタンダード（内国株式）,8050,不動産業,17,不動産,-,-
20260831,3242,アーバネットコーポレーション,スタンダード（内国株式）,8050,不動産業,17,不動産,-,-
20260831,3245,ディア・ライフ,プライム（内国株式）,8050,不動産業,17,不動産,7,TOPIX Small 2
20260831,3246,コーセーアールイー,スタンダード（内国株式）,8050,不動産業,17,不動産,-,-
20260831,3248,アールエイジ,スタンダード（内国株式）,8050,不動産業,17,不動産,-,-
20260831,3249,産業ファンド投資法人,REIT・ベンチャーファンド・カントリーファンド・インフラファンド,-,-,-,-,-,-
20260831,324A,ブッキングリゾート,グロース（内国株式）,9050,サービス業,10,情報通信・サービスその他,-,-
20260831,3252,地主,プライム（内国株式）,8050,不動産業,17,不動産,7,TOPIX Small 2
20260831,325A,ＴＥＮＴＩＡＬ,グロース（内国株式）,3100,繊維製品,4,素材・化学,-,-
20260831,3261,グランディーズ,グロース（内国株式）,8050,不動産業,17,不動産,-,-
20260831,3266,ファンドクリエーショングループ,スタンダード（内国株式）,8050,不動産業,17,不動産,-,-
20260831,3267,フィル・カンパニー,スタンダード（内国株式）,2050,建設業,3,建設・資材,7,TOPIX Small 2
20260831,3269,アドバンス・レジデンス投資法人,REIT・ベンチャーファンド・カントリーファンド・インフラファンド,-,-,-,-,-,-
20260831,326A,ａｅｒｏ　ｌａｂ　ｉｎｔｅｒｎａｔｉｏｎａｌ,PRO Market,6050,卸売業,13,商社・卸売,-,-
20260831,3276,ＪＰＭＣ,プライム（内国株式）,8050,不動産業,17,不動産,7,TOPIX Small 2
20260831,3277,サンセイランディック,スタンダード（内国株式）,8050,不動産業,17,不動産,-,-
20260831,3279,アクティビア・プロパティーズ投資法人,REIT・ベンチャーファンド・カントリーファンド・インフラファンド,-,-,-,-,-,-
20260831,3280,エストラスト,スタンダード（内国株式）,8050,不動産業,17,不動産,-,-
20260831,3281,ＧＬＰ投資法人,REIT・ベンチャーファンド・カントリーファンド・インフラファンド,-,-,-,-,-,-
20260831,3282,コンフォリア・レジデンシャル投資法人,REIT・ベンチャーファンド・カントリーファンド・インフラファンド,-,-,-,-,-,-
20260831,3283,日本プロロジスリート投資法人,REIT・ベンチャーファンド・カントリーファンド・インフラファンド,-,-,-,-,-,-
20260831,3284,フージャースホールディングス,プライム（内国株式）,8050,不動産業,17,不動産,7,TOPIX Small 2
20260831,3286,トラストホールディングス,スタンダード（内国株式）,8050,不動産業,17,不動産,-,-
20260831,3287,星野リゾート・リート投資法人,REIT・ベンチャーファンド・カントリーファンド・インフラファンド,-,-,-,-,-,-
20260831,3288,オープンハウスグループ,プライム（内国株式）,8050,不動産業,17,不動産,4,TOPIX Mid400
20260831,3289,東急不動産ホールディングス,プライム（内国株式）,8050,不動産業,17,不動産,4,TOPIX Mid400
20260831,328A,グローバルＸ　プライシングパワー・リーダーズ－日本株式　ＥＴＦ,ETF・ETN,-,-,-,-,-,-
20260831,3290,Ｏｎｅリート投資法人,REIT・ベンチャーファンド・カントリーファンド・インフラファンド,-,-,-,-,-,-
20260831,3291,飯田グループホールディングス,プライム（内国株式）,8050,不動産業,17,不動産,4,TOPIX Mid400
20260831,3292,イオンリート投資法人,REIT・ベンチャーファンド・カントリーファンド・インフラファンド,-,-,-,-,-,-
20260831,3293,アズマハウス,スタンダード（内国株式）,8050,不動産業,17,不動産,-,-
20260831,3295,ヒューリックリート投資法人,REIT・ベンチャーファンド・カントリーファンド・インフラファンド,-,-,-,-,-,-
20260831,3296,日本リート投資法人,REIT・ベンチャーファンド・カントリーファンド・インフラファンド,-,-,-,-,-,-
20260831,3297,東武住販,スタンダード（内国株式）,8050,不動産業,17,不動産,-,-
20260831,3299,ムゲンエステート,スタンダード（内国株式）,8050,不動産業,17,不動産,-,-
20260831,329A,ジールアソシエイツ,PRO Market,9050,サービス業,10,情報通信・サービスその他,-,-
20260831,3300,アンビション　ＤＸ　ホールディングス,グロース（内国株式）,8050,不動産業,17,不動産,-,-
20260831,3302,帝国繊維,プライム（内国株式）,3100,繊維製品,4,素材・化学,7,TOPIX Small 2
20260831,3306,日本製麻,スタンダード（内国株式）,6050,卸売業,13,商社・卸売,-,-
20260831,3309,積水ハウス・リート投資法人,REIT・ベンチャーファンド・カントリーファンド・インフラファンド,-,-,-,-,-,-
20260831,330A,ＴａｌｅｎｔＸ,グロース（内国株式）,5250,情報・通信業,10,情報通信・サービスその他,-,-
20260831,3315,日本コークス工業,プライム（内国株式）,3300,石油・石炭製品,2,エネルギー資源,7,TOPIX Small 2
20260831,3317,フライングガーデン,スタンダード（内国株式）,6100,小売業,14,小売,-,-
20260831,331A,メディックス,スタンダード（内国株式）,9050,サービス業,10,情報通信・サービスその他,-,-
20260831,3320,クロスプラス,スタンダード（内国株式）,6050,卸売業,13,商社・卸売,-,-
20260831,3321,ミタチ産業,スタンダード（内国株式）,6050,卸売業,13,商社・卸売,-,-
20260831,3323,レカム,スタンダード（内国株式）,6050,卸売業,13,商社・卸売,-,-
20260831,3326,ランシステム,スタンダード（内国株式）,9050,サービス業,10,情報通信・サービスその他,-,-
20260831,3329,東和フードサービス,スタンダード（内国株式）,6100,小売業,14,小売,-,-
20260831,332A,ミーク,グロース（内国株式）,5250,情報・通信業,10,情報通信・サービスその他,-,-
20260831,3333,あさひ,プライム（内国株式）,6100,小売業,14,小売,7,TOPIX Small 2
20260831,333A,テクノスマイル,PRO Market,9050,サービス業,10,情報通信・サービスその他,-,-
20260831,3349,コスモス薬品,プライム（内国株式）,6100,小売業,14,小売,4,TOPIX Mid400
20260831,334A,ビジュアル・プロセッシング・ジャパン,グロース（内国株式）,5250,情報・通信業,10,情報通信・サービスその他,-,-
20260831,3350,メタプラネット,スタンダード（内国株式）,6050,卸売業,13,商社・卸売,-,-
20260831,3352,バッファロー,スタンダード（内国株式）,6100,小売業,14,小売,-,-
20260831,3353,メディカル一光グループ,スタンダード（内国株式）,6100,小売業,14,小売,-,-
20260831,3355,クリヤマホールディングス,スタンダード（内国株式）,6050,卸売業,13,商社・卸売,-,-
20260831,3358,Ｔｒａｉｌｈｅａｄ　Ｇｌｏｂａｌ　Ｈｏｌｄｉｎｇｓ,スタンダード（内国株式）,6100,小売業,14,小売,-,-
20260831,3359,ｃｏｔｔａ,グロース（内国株式）,6050,卸売業,13,商社・卸売,-,-
20260831,335A,ミライロ,グロース（内国株式）,5250,情報・通信業,10,情報通信・サービスその他,-,-
20260831,3360,シップヘルスケアホールディングス,プライム（内国株式）,6050,卸売業,13,商社・卸売,4,TOPIX Mid400
20260831,3361,トーエル,スタンダード（内国株式）,6100,小売業,14,小売,-,-
20260831,336A,ダイナミックマッププラットフォーム,グロース（内国株式）,5250,情報・通信業,10,情報通信・サービスその他,-,-
20260831,3370,フジタコーポレーション,スタンダード（内国株式）,6100,小売業,14,小売,-,-
20260831,3371,ソフトクリエイトホールディングス,プライム（内国株式）,5250,情報・通信業,10,情報通信・サービスその他,7,TOPIX Small 2
20260831,3372,関門海,スタンダード（内国株式）,6100,小売業,14,小売,-,-
20260831,3374,内外テック,スタンダード（内国株式）,6050,卸売業,13,商社・卸売,-,-
20260831,3375,ＺＯＡ,スタンダード（内国株式）,6100,小売業,14,小売,-,-
20260831,3377,バイク王＆カンパニー,スタンダード（内国株式）,6050,卸売業,13,商社・卸売,-,-
20260831,3382,セブン＆アイ・ホールディングス,プライム（内国株式）,6100,小売業,14,小売,1,TOPIX Core30
20260831,3386,コスモ・バイオ,スタンダード（内国株式）,6050,卸売業,13,商社・卸売,-,-
20260831,3387,クリエイト・レストランツ・ホールディングス,プライム（内国株式）,6100,小売業,14,小売,6,TOPIX Small 1
20260831,3388,明治電機工業,プライム（内国株式）,6050,卸売業,13,商社・卸売,7,TOPIX Small 2
20260831,338A,ＺｅｎｍｕＴｅｃｈ,グロース（内国株式）,5250,情報・通信業,10,情報通信・サービスその他,-,-
20260831,3391,ツルハホールディングス,プライム（内国株式）,6100,小売業,14,小売,4,TOPIX Mid400
20260831,3392,デリカフーズホールディングス,スタンダード（内国株式）,6050,卸売業,13,商社・卸売,-,-
20260831,3393,スターティアホールディングス,プライム（内国株式）,6050,卸売業,13,商社・卸売,-,-
20260831,3395,サンマルクホールディングス,プライム（内国株式）,6100,小売業,14,小売,6,TOPIX Small 1
20260831,3396,フェリシモ,スタンダード（内国株式）,6100,小売業,14,小売,-,-
20260831,3397,トリドールホールディングス,プライム（内国株式）,6100,小売業,14,小売,4,TOPIX Mid400
20260831,3399,丸千代山岡家,スタンダード（内国株式）,6100,小売業,14,小売,-,-
20260831,339A,プログレス・テクノロジーズ　グループ,グロース（内国株式）,9050,サービス業,10,情報通信・サービスその他,-,-
20260831,3401,帝人,プライム（内国株式）,3100,繊維製品,4,素材・化学,4,TOPIX Mid400
20260831,3402,東レ,プライム（内国株式）,3100,繊維製品,4,素材・化学,4,TOPIX Mid400
20260831,3405,クラレ,プライム（内国株式）,3200,化学,4,素材・化学,4,TOPIX Mid400
20260831,3407,旭化成,プライム（内国株式）,3200,化学,4,素材・化学,2,TOPIX Large70
20260831,3409,北紡,スタンダード（内国株式）,3100,繊維製品,4,素材・化学,-,-
20260831,340A,ジグザグ,グロース（内国株式）,5250,情報・通信業,10,情報通信・サービスその他,-,-
20260831,3415,ＴＯＫＹＯ　ＢＡＳＥ,プライム（内国株式）,6100,小売業,14,小売,7,TOPIX Small 2
20260831,3416,ピクスタ,スタンダード（内国株式）,6100,小売業,14,小売,-,-
20260831,3417,大木ヘルスケアホールディングス,スタンダード（内国株式）,6050,卸売業,13,商社・卸売,-,-
20260831,3418,バルニバービ,グロース（内国株式）,6100,小売業,14,小売,-,-
20260831,341A,トヨコー,グロース（内国株式）,2050,建設業,3,建設・資材,-,-
20260831,3420,ケー・エフ・シー,スタンダード（内国株式）,3550,金属製品,3,建設・資材,-,-
20260831,3421,稲葉製作所,スタンダード（内国株式）,3550,金属製品,3,建設・資材,7,TOPIX Small 2
20260831,3422,Ｊ－ＭＡＸ,スタンダード（内国株式）,3550,金属製品,3,建設・資材,-,-
20260831,3423,エスイー,スタンダード（内国株式）,3550,金属製品,3,建設・資材,-,-
20260831,3426,アトムリビンテック,スタンダード（内国株式）,3550,金属製品,3,建設・資材,-,-
20260831,3431,宮地エンジニアリンググループ,プライム（内国株式）,3550,金属製品,3,建設・資材,6,TOPIX Small 1
20260831,3433,トーカロ,プライム（内国株式）,3550,金属製品,3,建設・資材,6,TOPIX Small 1
20260831,3434,アルファＣｏ,スタンダード（内国株式）,3550,金属製品,3,建設・資材,-,-
20260831,3435,サンコーテクノ,スタンダード（内国株式）,3550,金属製品,3,建設・資材,-,-
20260831,3436,ＳＵＭＣＯ,プライム（内国株式）,3550,金属製品,3,建設・資材,4,TOPIX Mid400
20260831,3437,特殊電極,スタンダード（内国株式）,3550,金属製品,3,建設・資材,-,-
20260831,3439,三ツ知,スタンダード（内国株式）,3550,金属製品,3,建設・資材,-,-
20260831,343A,ＩＡＣＥトラベル,スタンダード（内国株式）,9050,サービス業,10,情報通信・サービスその他,-,-
20260831,3440,日創グループ,スタンダード（内国株式）,3550,金属製品,3,建設・資材,-,-
20260831,3441,山王,スタンダード（内国株式）,3550,金属製品,3,建設・資材,-,-
20260831,3443,川田テクノロジーズ,プライム（内国株式）,3550,金属製品,3,建設・資材,7,TOPIX Small 2
20260831,3444,菊池製作所,スタンダード（内国株式）,3550,金属製品,3,建設・資材,-,-
20260831,3445,ＲＳ　Ｔｅｃｈｎｏｌｏｇｉｅｓ,プライム（内国株式）,3550,金属製品,3,建設・資材,6,TOPIX Small 1
20260831,3446,ジェイテックコーポレーション,スタンダード（内国株式）,3550,金属製品,3,建設・資材,-,-
20260831,3447,信和,スタンダード（内国株式）,3550,金属製品,3,建設・資材,-,-
20260831,3448,清鋼材,PRO Market,3550,金属製品,3,建設・資材,-,-
20260831,3449,テクノフレックス,スタンダード（内国株式）,3550,金属製品,3,建設・資材,-,-
20260831,3451,トーセイ・リート投資法人,REIT・ベンチャーファンド・カントリーファンド・インフラファンド,-,-,-,-,-,-
20260831,3452,ビーロット,スタンダード（内国株式）,8050,不動産業,17,不動産,-,-
20260831,3454,ファーストブラザーズ,スタンダード（内国株式）,8050,不動産業,17,不動産,-,-
20260831,3455,ヘルスケア＆メディカル投資法人,REIT・ベンチャーファンド・カントリーファンド・インフラファンド,-,-,-,-,-,-
20260831,3457,Ａｎｄ　Ｄｏホールディングス,プライム（内国株式）,8050,不動産業,17,不動産,7,TOPIX Small 2
20260831,3459,サムティ・レジデンシャル投資法人,REIT・ベンチャーファンド・カントリーファンド・インフラファンド,-,-,-,-,-,-
20260831,345A,高配当成長　日本株（ネットリターン）ＥＴＮ,ETF・ETN,-,-,-,-,-,-
20260831,3461,パルマ,スタンダード（内国株式）,8050,不動産業,17,不動産,-,-
20260831,3462,野村不動産マスターファンド投資法人,REIT・ベンチャーファンド・カントリーファンド・インフラファンド,-,-,-,-,-,-
20260831,3463,いちごホテルリート投資法人,REIT・ベンチャーファンド・カントリーファンド・インフラファンド,-,-,-,-,-,-
20260831,3465,ケイアイスター不動産,プライム（内国株式）,8050,不動産業,17,不動産,6,TOPIX Small 1
20260831,3466,ラサールロジポート投資法人,REIT・ベンチャーファンド・カントリーファンド・インフラファンド,-,-,-,-,-,-
20260831,3467,アグレ都市デザイン,スタンダード（内国株式）,8050,不動産業,17,不動産,-,-
20260831,3468,スターアジア不動産投資法人,REIT・ベンチャーファンド・カントリーファンド・インフラファンド,-,-,-,-,-,-
20260831,3469,デュアルタップ,スタンダード（内国株式）,8050,不動産業,17,不動産,-,-
20260831,346A,ＮＥＸＴ　ＦＵＮＤＳ　Ｓ＆Ｐ　５００　半導体・半導体製造装置３５％キャップ指数連動型上場投信,ETF・ETN,-,-,-,-,-,-
20260831,3470,マリモ地方創生リート投資法人,REIT・ベンチャーファンド・カントリーファンド・インフラファンド,-,-,-,-,-,-
20260831,3471,三井不動産ロジスティクスパーク投資法人,REIT・ベンチャーファンド・カントリーファンド・インフラファンド,-,-,-,-,-,-
20260831,3472,日本ホテル＆レジデンシャル投資法人,REIT・ベンチャーファンド・カントリーファンド・インフラファンド,-,-,-,-,-,-
20260831,3474,Ｇ－ＦＡＣＴＯＲＹ,グロース（内国株式）,8050,不動産業,17,不動産,-,-
20260831,3475,グッドコムアセット,プライム（内国株式）,8050,不動産業,17,不動産,7,TOPIX Small 2
20260831,3476,投資法人みらい,REIT・ベンチャーファンド・カントリーファンド・インフラファンド,-,-,-,-,-,-
20260831,3477,フォーライフ,グロース（内国株式）,8050,不動産業,17,不動産,-,-
20260831,3479,ＴＫＰ,グロース（内国株式）,8050,不動産業,17,不動産,-,-
20260831,347A,ＧＲＯＷＴＨ　ＰＯＷＥＲ,PRO Market,6050,卸売業,13,商社・卸売,-,-
20260831,3480,ジェイ・エス・ビー,プライム（内国株式）,8050,不動産業,17,不動産,-,-
20260831,3481,三菱地所物流リート投資法人,REIT・ベンチャーファンド・カントリーファンド・インフラファンド,-,-,-,-,-,-
20260831,3482,ロードスターキャピタル,プライム（内国株式）,8050,不動産業,17,不動産,7,TOPIX Small 2
20260831,3483,翔栄,PRO Market,8050,不動産業,17,不動産,-,-
20260831,3484,イノベーションホールディングス,スタンダード（内国株式）,8050,不動産業,17,不動産,-,-
20260831,3486,グローバル・リンク・マネジメント,プライム（内国株式）,8050,不動産業,17,不動産,-,-
20260831,3487,ＣＲＥロジスティクスファンド投資法人,REIT・ベンチャーファンド・カントリーファンド・インフラファンド,-,-,-,-,-,-
20260831,3488,セントラル・リート投資法人,REIT・ベンチャーファンド・カントリーファンド・インフラファンド,-,-,-,-,-,-
20260831,3489,フェイスネットワーク,スタンダード（内国株式）,8050,不動産業,17,不動産,-,-
20260831,348A,ＭＡＸＩＳ読売３３３日本株上場投信,ETF・ETN,-,-,-,-,-,-
20260831,3490,アズ企画設計,スタンダード（内国株式）,8050,不動産業,17,不動産,-,-
20260831,3491,ＧＡ　ｔｅｃｈｎｏｌｏｇｉｅｓ,グロース（内国株式）,8050,不動産業,17,不動産,-,-
20260831,3492,ＭＩＲＡＲＴＨ不動産投資法人,REIT・ベンチャーファンド・カントリーファンド・インフラファンド,-,-,-,-,-,-
20260831,3494,マリオン,スタンダード（内国株式）,8050,不動産業,17,不動産,-,-
20260831,3495,香陵住販,スタンダード（内国株式）,8050,不動産業,17,不動産,-,-
20260831,3496,アズーム,プライム（内国株式）,8050,不動産業,17,不動産,7,TOPIX Small 2
20260831,3498,霞ヶ関キャピタル,プライム（内国株式）,8050,不動産業,17,不動産,6,TOPIX Small 1
20260831,349A,ＳＭＤＡＭ　Ａｃｔｉｖｅ　ＥＴＦ　日本グロース株式,ETF・ETN,-,-,-,-,-,-
20260831,3501,ＳＵＭＩＮＯＥ,プライム（内国株式）,3100,繊維製品,4,素材・化学,-,-
20260831,350A,デジタルグリッド,グロース（内国株式）,4050,電気・ガス業,11,電力・ガス,-,-
20260831,3512,日本フエルト,スタンダード（内国株式）,3100,繊維製品,4,素材・化学,-,-
20260831,3513,イチカワ,スタンダード（内国株式）,3100,繊維製品,4,素材・化学,-,-
20260831,351A,アクシスＩＴパートナーズ,PRO Market,5250,情報・通信業,10,情報通信・サービスその他,-,-
20260831,3521,テルマー湯ホールディングス,スタンダード（内国株式）,9050,サービス業,10,情報通信・サービスその他,-,-
20260831,3524,日東製網,スタンダード（内国株式）,3100,繊維製品,4,素材・化学,-,-
20260831,3529,アツギ,スタンダード（内国株式）,3100,繊維製品,4,素材・化学,-,-
20260831,352A,ＬＯＩＶＥ,グロース（内国株式）,9050,サービス業,10,情報通信・サービスその他,-,-
20260831,3536,アクサスホールディングス,スタンダード（内国株式）,6100,小売業,14,小売,-,-
20260831,3537,昭栄薬品,スタンダード（内国株式）,6050,卸売業,13,商社・卸売,-,-
20260831,3538,ウイルプラスホールディングス,スタンダード（内国株式）,6100,小売業,14,小売,-,-
20260831,3539,ＪＭホールディングス,プライム（内国株式）,6100,小売業,14,小売,7,TOPIX Small 2
20260831,3542,ベガコーポレーション,グロース（内国株式）,6100,小売業,14,小売,-,-
20260831,3543,コメダホールディングス,プライム（内国株式）,6050,卸売業,13,商社・卸売,6,TOPIX Small 1
20260831,3544,サツドラホールディングス,スタンダード（内国株式）,6100,小売業,14,小売,-,-
20260831,3547,ユニシアホールディングス,スタンダード（内国株式）,6100,小売業,14,小売,7,TOPIX Small 2
20260831,3548,バロックジャパンリミテッド,プライム（内国株式）,6100,小売業,14,小売,7,TOPIX Small 2
20260831,3549,クスリのアオキホールディングス,スタンダード（内国株式）,6100,小売業,14,小売,4,TOPIX Mid400
20260831,354A,ｉＦｒｅｅＥＴＦ　ブルームバーグ日本株高配当５０指数,ETF・ETN,-,-,-,-,-,-
20260831,3550,スタジオアタオ,グロース（内国株式）,6100,小売業,14,小売,-,-
20260831,3551,ダイニック,スタンダード（内国株式）,3100,繊維製品,4,素材・化学,-,-
20260831,3553,共和レザー,スタンダード（内国株式）,3200,化学,4,素材・化学,-,-
20260831,3556,リネットジャパングループ,グロース（内国株式）,6100,小売業,14,小売,-,-
20260831,3557,ユナイテッド＆コレクティブ,グロース（内国株式）,6100,小売業,14,小売,-,-
20260831,3558,ジェイドグループ,グロース（内国株式）,6100,小売業,14,小売,-,-
20260831,3559,ピーバンドットコム,スタンダード（内国株式）,6050,卸売業,13,商社・卸売,-,-
20260831,355A,ナウビレッジ,PRO Market,9050,サービス業,10,情報通信・サービスその他,-,-
20260831,3560,ほぼ日,スタンダード（内国株式）,6100,小売業,14,小売,-,-
20260831,3561,力の源ホールディングス,プライム（内国株式）,6100,小売業,14,小売,7,TOPIX Small 2
20260831,3562,Ｎｏ．１,スタンダード（内国株式）,6050,卸売業,13,商社・卸売,-,-
20260831,3563,ＦＯＯＤ　＆　ＬＩＦＥ　ＣＯＭＰＡＮＩＥＳ,プライム（内国株式）,6100,小売業,14,小売,4,TOPIX Mid400
20260831,3565,アセンテック,スタンダード（内国株式）,6050,卸売業,13,商社・卸売,7,TOPIX Small 2
20260831,3566,ユニフォームネクスト,グロース（内国株式）,6100,小売業,14,小売,-,-
20260831,3569,セーレン,プライム（内国株式）,3100,繊維製品,4,素材・化学,6,TOPIX Small 1
20260831,356A,グローバルＸ　Ｓ＆Ｐ５００　キャッシュフロー・トップ１００　ＥＴＦ,ETF・ETN,-,-,-,-,-,-
20260831,3571,ソトー,スタンダード（内国株式）,3100,繊維製品,4,素材・化学,-,-
20260831,3577,東海染工,スタンダード（内国株式）,3100,繊維製品,4,素材・化学,-,-
20260831,357A,エフアンドエフ,PRO Market,6100,小売業,14,小売,-,-
20260831,3580,小松マテーレ,プライム（内国株式）,3100,繊維製品,4,素材・化学,7,TOPIX Small 2
20260831,3583,オーベクス,スタンダード（内国株式）,3100,繊維製品,4,素材・化学,-,-
20260831,358A,ゼン・ランド,PRO Market,8050,不動産業,17,不動産,-,-
20260831,3591,ワコールホールディングス,プライム（内国株式）,3100,繊維製品,4,素材・化学,4,TOPIX Mid400
20260831,3597,自重堂,スタンダード（内国株式）,3100,繊維製品,4,素材・化学,-,-
20260831,3598,山喜,スタンダード（内国株式）,3100,繊維製品,4,素材・化学,-,-
20260831,359A,ＮＥＸＴ　ＳＴＡＧＥ,PRO Market,9050,サービス業,10,情報通信・サービスその他,-,-
20260831,3600,フジックス,スタンダード（内国株式）,3100,繊維製品,4,素材・化学,-,-
20260831,3607,クラウディアホールディングス,スタンダード（内国株式）,3100,繊維製品,4,素材・化学,-,-
20260831,3608,ＴＳＩホールディングス,プライム（内国株式）,3100,繊維製品,4,素材・化学,6,TOPIX Small 1
20260831,360A,東証ＲＥＩＴ　Ｃｏｒｅ　ＥＴＦ,ETF・ETN,-,-,-,-,-,-
20260831,3611,マツオカコーポレーション,スタンダード（内国株式）,3100,繊維製品,4,素材・化学,-,-
20260831,3612,ワールド,プライム（内国株式）,3100,繊維製品,4,素材・化学,6,TOPIX Small 1
20260831,361A,リビングハウス,PRO Market,6100,小売業,14,小売,-,-
20260831,3622,ネットイヤーグループ,スタンダード（内国株式）,5250,情報・通信業,10,情報通信・サービスその他,-,-
20260831,3623,ビリングシステム,グロース（内国株式）,5250,情報・通信業,10,情報通信・サービスその他,-,-
20260831,3624,アクセルマーク,グロース（内国株式）,5250,情報・通信業,10,情報通信・サービスその他,-,-
20260831,3625,テックファームホールディングス,グロース（内国株式）,5250,情報・通信業,10,情報通信・サービスその他,-,-
20260831,3626,ＴＩＳＩ,プライム（内国株式）,5250,情報・通信業,10,情報通信・サービスその他,4,TOPIX Mid400
20260831,3627,テクミラホールディングス,スタンダード（内国株式）,5250,情報・通信業,10,情報通信・サービスその他,-,-
20260831,3628,データホライゾン,グロース（内国株式）,5250,情報・通信業,10,情報通信・サービスその他,-,-
20260831,362A,エクシオホールディングス,PRO Market,9050,サービス業,10,情報通信・サービスその他,-,-
20260831,3632,グリーホールディングス,プライム（内国株式）,5250,情報・通信業,10,情報通信・サービスその他,7,TOPIX Small 2
20260831,3633,ＧＭＯペパボ,スタンダード（内国株式）,5250,情報・通信業,10,情報通信・サービスその他,7,TOPIX Small 2
20260831,3634,ソケッツ,スタンダード（内国株式）,5250,情報・通信業,10,情報通信・サービスその他,-,-
20260831,3635,コーエーテクモホールディングス,プライム（内国株式）,5250,情報・通信業,10,情報通信・サービスその他,4,TOPIX Mid400
20260831,3636,三菱総合研究所,プライム（内国株式）,5250,情報・通信業,10,情報通信・サービスその他,6,TOPIX Small 1
20260831,3639,ボルテージ,スタンダード（内国株式）,5250,情報・通信業,10,情報通信・サービスその他,-,-
20260831,363A,ｉＦｒｅｅＥＴＦ　英国ＦＴＳＥ１００,ETF・ETN,-,-,-,-,-,-
20260831,3640,電算,スタンダード（内国株式）,5250,情報・通信業,10,情報通信・サービスその他,-,-
20260831,3641,パピレス,スタンダード（内国株式）,5250,情報・通信業,10,情報通信・サービスその他,-,-
20260831,3645,メディカルネット,グロース（内国株式）,5250,情報・通信業,10,情報通信・サービスその他,-,-
20260831,3646,駅探,スタンダード（内国株式）,5250,情報・通信業,10,情報通信・サービスその他,-,-
20260831,3647,アスリナ,スタンダード（内国株式）,5250,情報・通信業,10,情報通信・サービスその他,-,-
20260831,3648,ＡＧＳ,スタンダード（内国株式）,5250,情報・通信業,10,情報通信・サービスその他,-,-
20260831,3649,ファインデックス,プライム（内国株式）,5250,情報・通信業,10,情報通信・サービスその他,7,TOPIX Small 2
20260831,364A,ＮＥＸＴ　ＦＵＮＤＳ　Ｓ＆Ｐ　５００　配当貴族指数連動型上場投信,ETF・ETN,-,-,-,-,-,-
20260831,3652,ディジタルメディアプロフェッショナル,グロース（内国株式）,5250,情報・通信業,10,情報通信・サービスその他,-,-
20260831,3653,モルフォ,グロース（内国株式）,5250,情報・通信業,10,情報通信・サービスその他,-,-
20260831,3656,ＫＬａｂ,プライム（内国株式）,5250,情報・通信業,10,情報通信・サービスその他,7,TOPIX Small 2
20260831,3657,ポールトゥウィンホールディングス,プライム（内国株式）,5250,情報・通信業,10,情報通信・サービスその他,7,TOPIX Small 2
20260831,3659,ネクソン,プライム（内国株式）,5250,情報・通信業,10,情報通信・サービスその他,4,TOPIX Mid400
20260831,365A,伊澤タオル,スタンダード（内国株式）,3100,繊維製品,4,素材・化学,-,-
20260831,3660,アイスタイル,プライム（内国株式）,5250,情報・通信業,10,情報通信・サービスその他,6,TOPIX Small 1
20260831,3661,エムアップホールディングス,プライム（内国株式）,5250,情報・通信業,10,情報通信・サービスその他,6,TOPIX Small 1
20260831,3662,エイチームホールディングス,プライム（内国株式）,5250,情報・通信業,10,情報通信・サービスその他,7,TOPIX Small 2
20260831,3663,セルシス,プライム（内国株式）,5250,情報・通信業,10,情報通信・サービスその他,7,TOPIX Small 2
20260831,3664,ＷＩＺＥ,グロース（内国株式）,5250,情報・通信業,10,情報通信・サービスその他,-,-
20260831,3665,エニグモ,プライム（内国株式）,5250,情報・通信業,10,情報通信・サービスその他,7,TOPIX Small 2
20260831,3667,ｅｎｉｓｈ,スタンダード（内国株式）,5250,情報・通信業,10,情報通信・サービスその他,-,-
20260831,3668,コロプラ,プライム（内国株式）,5250,情報・通信業,10,情報通信・サービスその他,6,TOPIX Small 1
20260831,366A,ウェルネス・コミュニケーションズ,グロース（内国株式）,9050,サービス業,10,情報通信・サービスその他,-,-
20260831,3670,協立情報通信,スタンダード（内国株式）,5250,情報・通信業,10,情報通信・サービスその他,-,-
20260831,3671,ソフトマックス,スタンダード（内国株式）,5250,情報・通信業,10,情報通信・サービスその他,-,-
20260831,3672,オルトプラス,スタンダード（内国株式）,5250,情報・通信業,10,情報通信・サービスその他,-,-
20260831,3673,ブロードリーフ,プライム（内国株式）,5250,情報・通信業,10,情報通信・サービスその他,6,TOPIX Small 1
20260831,3674,オークファン,グロース（内国株式）,5250,情報・通信業,10,情報通信・サービスその他,-,-
20260831,3675,クロス・マーケティンググループ,スタンダード（内国株式）,5250,情報・通信業,10,情報通信・サービスその他,-,-
20260831,3676,デジタルハーツホールディングス,プライム（内国株式）,5250,情報・通信業,10,情報通信・サービスその他,7,TOPIX Small 2
20260831,3678,メディアドゥ,プライム（内国株式）,5250,情報・通信業,10,情報通信・サービスその他,7,TOPIX Small 2
20260831,3679,じげん,プライム（内国株式）,5250,情報・通信業,10,情報通信・サービスその他,7,TOPIX Small 2
20260831,367A,プリモグローバルホールディングス,スタンダード（内国株式）,6100,小売業,14,小売,-,-
20260831,3680,ホットリンク,グロース（内国株式）,5250,情報・通信業,10,情報通信・サービスその他,-,-
20260831,3682,エンカレッジ・テクノロジ,スタンダード（内国株式）,5250,情報・通信業,10,情報通信・サービスその他,-,-
20260831,3683,サイバーリンクス,スタンダード（内国株式）,5250,情報・通信業,10,情報通信・サービスその他,-,-
20260831,3686,ディー・エル・イー,スタンダード（内国株式）,5250,情報・通信業,10,情報通信・サービスその他,-,-
20260831,3687,フィックスターズ,プライム（内国株式）,5250,情報・通信業,10,情報通信・サービスその他,7,TOPIX Small 2
20260831,368A,北里,プライム（内国株式）,3750,精密機器,9,電機・精密,7,TOPIX Small 2
20260831,3690,イルグルム,スタンダード（内国株式）,5250,情報・通信業,10,情報通信・サービスその他,-,-
20260831,3691,デジタルプラス,グロース（内国株式）,5250,情報・通信業,10,情報通信・サービスその他,-,-
20260831,3692,ＦＦＲＩセキュリティ,グロース（内国株式）,5250,情報・通信業,10,情報通信・サービスその他,-,-
20260831,3694,オプティム,プライム（内国株式）,5250,情報・通信業,10,情報通信・サービスその他,7,TOPIX Small 2
20260831,3695,ＧＭＯプロダクトプラットフォーム,グロース（内国株式）,5250,情報・通信業,10,情報通信・サービスその他,-,-
20260831,3696,セレス,プライム（内国株式）,5250,情報・通信業,10,情報通信・サービスその他,7,TOPIX Small 2
20260831,3697,ＳＨＩＦＴ,プライム（内国株式）,5250,情報・通信業,10,情報通信・サービスその他,4,TOPIX Mid400
20260831,3698,ＣＲＩ・ミドルウェア,スタンダード（内国株式）,5250,情報・通信業,10,情報通信・サービスその他,-,-
20260831,369A,エータイ,グロース（内国株式）,9050,サービス業,10,情報通信・サービスその他,-,-
20260831,3708,特種東海製紙,プライム（内国株式）,3150,パルプ・紙,4,素材・化学,7,TOPIX Small 2
20260831,370A,リバイブル,PRO Market,8050,不動産業,17,不動産,-,-
20260831,3710,ジョルダン,スタンダード（内国株式）,5250,情報・通信業,10,情報通信・サービスその他,-,-
20260831,3712,情報企画,スタンダード（内国株式）,5250,情報・通信業,10,情報通信・サービスその他,-,-
20260831,3719,ＡＩストーム,スタンダード（内国株式）,5250,情報・通信業,10,情報通信・サービスその他,-,-
20260831,371A,デージーネット,PRO Market,5250,情報・通信業,10,情報通信・サービスその他,-,-
20260831,3723,日本ファルコム,グロース（内国株式）,5250,情報・通信業,10,情報通信・サービスその他,-,-
20260831,3726,フォーシーズＨＤ,スタンダード（内国株式）,6100,小売業,14,小売,-,-
20260831,3727,アプリックス,グロース（内国株式）,5250,情報・通信業,10,情報通信・サービスその他,-,-
20260831,372A,レント,スタンダード（内国株式）,9050,サービス業,10,情報通信・サービスその他,-,-
20260831,3733,ソフトウェア・サービス,スタンダード（内国株式）,5250,情報・通信業,10,情報通信・サービスその他,-,-
20260831,373A,リップス,グロース（内国株式）,3200,化学,4,素材・化学,-,-
20260831,3741,セック,プライム（内国株式）,5250,情報・通信業,10,情報通信・サービスその他,7,TOPIX Small 2
20260831,3744,サイオス,スタンダード（内国株式）,5250,情報・通信業,10,情報通信・サービスその他,-,-
20260831,3747,インタートレード,スタンダード（内国株式）,5250,情報・通信業,10,情報通信・サービスその他,-,-
20260831,374A,樋口総合研究所,PRO Market,5250,情報・通信業,10,情報通信・サービスその他,-,-
20260831,3750,ＡＤＲバイオメディカルホールディングス,スタンダード（内国株式）,5250,情報・通信業,10,情報通信・サービスその他,-,-
20260831,3753,フライトソリューションズ,スタンダード（内国株式）,5250,情報・通信業,10,情報通信・サービスその他,-,-
20260831,3758,アエリア,スタンダード（内国株式）,5250,情報・通信業,10,情報通信・サービスその他,-,-
20260831,375A,ＹＡＫホールディングス,PRO Market,8050,不動産業,17,不動産,-,-
20260831,3760,ケイブ,スタンダード（内国株式）,5250,情報・通信業,10,情報通信・サービスその他,-,-
20260831,3762,テクマトリックス,プライム（内国株式）,5250,情報・通信業,10,情報通信・サービスその他,6,TOPIX Small 1
20260831,3763,プロシップ,プライム（内国株式）,5250,情報・通信業,10,情報通信・サービスその他,7,TOPIX Small 2
20260831,3765,ガンホー・オンライン・エンターテイメント,プライム（内国株式）,5250,情報・通信業,10,情報通信・サービスその他,6,TOPIX Small 1
20260831,3766,システムズ・デザイン,スタンダード（内国株式）,5250,情報・通信業,10,情報通信・サービスその他,-,-
20260831,3768,リスクモンスター,スタンダード（内国株式）,5250,情報・通信業,10,情報通信・サービスその他,-,-
20260831,3769,ＧＭＯペイメントゲートウェイ,プライム（内国株式）,5250,情報・通信業,10,情報通信・サービスその他,4,TOPIX Mid400
20260831,376A,ＮＥＸＴ　ＦＵＮＤＳ　ブルームバーグ米国国債（７－１０年）インデックス（７５％為替ヘッジあり）連動型上場投信,ETF・ETN,-,-,-,-,-,-
20260831,3771,システムリサーチ,プライム（内国株式）,5250,情報・通信業,10,情報通信・サービスその他,7,TOPIX Small 2
20260831,3772,ウェルス・マネジメント,スタンダード（内国株式）,8050,不動産業,17,不動産,-,-
20260831,3773,アドバンスト・メディア,グロース（内国株式）,5250,情報・通信業,10,情報通信・サービスその他,-,-
20260831,3774,インターネットイニシアティブ,プライム（内国株式）,5250,情報・通信業,10,情報通信・サービスその他,4,TOPIX Mid400
20260831,3776,ブロードバンドタワー,スタンダード（内国株式）,5250,情報・通信業,10,情報通信・サービスその他,-,-
20260831,3777,環境フレンドリーホールディングス,グロース（内国株式）,5250,情報・通信業,10,情報通信・サービスその他,-,-
20260831,3778,さくらインターネット,プライム（内国株式）,5250,情報・通信業,10,情報通信・サービスその他,6,TOPIX Small 1
20260831,3779,ジェイ・エスコムホールディングス,スタンダード（内国株式）,5250,情報・通信業,10,情報通信・サービスその他,-,-
20260831,3787,テクノマセマティカル,スタンダード（内国株式）,5250,情報・通信業,10,情報通信・サービスその他,-,-
20260831,3788,ＧＭＯグローバルサイン・ホールディングス,プライム（内国株式）,5250,情報・通信業,10,情報通信・サービスその他,7,TOPIX Small 2
20260831,378A,ヒット,グロース（内国株式）,9050,サービス業,10,情報通信・サービスその他,-,-
20260831,3791,ＩＧポート,スタンダード（内国株式）,5250,情報・通信業,10,情報通信・サービスその他,-,-
20260831,3793,ドリコム,グロース（内国株式）,5250,情報・通信業,10,情報通信・サービスその他,-,-
20260831,3796,いい生活,スタンダード（内国株式）,5250,情報・通信業,10,情報通信・サービスその他,-,-
20260831,3798,ＵＬＳグループ,スタンダード（内国株式）,5250,情報・通信業,10,情報通信・サービスその他,-,-
20260831,3799,キーウェアソリューションズ,スタンダード（内国株式）,5250,情報・通信業,10,情報通信・サービスその他,-,-
20260831,379A,グローバルＸ　Ｓ＆Ｐ５００　ＥＴＦ（ダイナミック・プロテクション）,ETF・ETN,-,-,-,-,-,-
20260831,3800,ユニリタ,スタンダード（内国株式）,5250,情報・通信業,10,情報通信・サービスその他,-,-
20260831,3802,エコミック,スタンダード（内国株式）,5250,情報・通信業,10,情報通信・サービスその他,-,-
20260831,3803,イメージ情報開発,グロース（内国株式）,5250,情報・通信業,10,情報通信・サービスその他,-,-
20260831,3804,システム　ディ,スタンダード（内国株式）,5250,情報・通信業,10,情報通信・サービスその他,-,-
20260831,3807,フィスコ,グロース（内国株式）,5250,情報・通信業,10,情報通信・サービスその他,-,-
20260831,380A,グローバルＸ　チャイナテック　ＥＴＦ,ETF・ETN,-,-,-,-,-,-
20260831,3810,サイバーステップホールディングス,スタンダード（内国株式）,5250,情報・通信業,10,情報通信・サービスその他,-,-
20260831,3815,メディア工房,グロース（内国株式）,5250,情報・通信業,10,情報通信・サービスその他,-,-
20260831,3816,大和コンピューター,スタンダード（内国株式）,5250,情報・通信業,10,情報通信・サービスその他,-,-
20260831,3817,ＳＲＡホールディングス,プライム（内国株式）,5250,情報・通信業,10,情報通信・サービスその他,7,TOPIX Small 2
20260831,381A,ｉＦｒｅｅＥＴＦ　米国国債３－５年（為替ヘッジなし）,ETF・ETN,-,-,-,-,-,-
20260831,3823,ＴＨＥ　ＷＨＹ　ＨＯＷ　ＤＯ　ＣＯＭＰＡＮＹ,スタンダード（内国株式）,5250,情報・通信業,10,情報通信・サービスその他,-,-
20260831,3825,リミックスポイント,スタンダード（内国株式）,6100,小売業,14,小売,-,-
20260831,3826,システムインテグレータ,スタンダード（内国株式）,5250,情報・通信業,10,情報通信・サービスその他,-,-
20260831,382A,ｉＦｒｅｅＥＴＦ　米国国債３－５年（為替ヘッジあり）,ETF・ETN,-,-,-,-,-,-
20260831,3834,朝日ネット,プライム（内国株式）,5250,情報・通信業,10,情報通信・サービスその他,7,TOPIX Small 2
20260831,3835,ｅＢＡＳＥ,プライム（内国株式）,5250,情報・通信業,10,情報通信・サービスその他,7,TOPIX Small 2
20260831,3836,アバントグループ,プライム（内国株式）,5250,情報・通信業,10,情報通信・サービスその他,7,TOPIX Small 2
20260831,3837,アドソル日進,プライム（内国株式）,5250,情報・通信業,10,情報通信・サービスその他,7,TOPIX Small 2
20260831,3839,ＯＤＫソリューションズ,スタンダード（内国株式）,5250,情報・通信業,10,情報通信・サービスその他,-,-
20260831,383A,ＭＡＸＩＳ　Ｓ＆Ｐ５００均等ウェイト上場投信,ETF・ETN,-,-,-,-,-,-
20260831,3840,パス,スタンダード（内国株式）,5250,情報・通信業,10,情報通信・サービスその他,-,-
20260831,3841,ジーダット,スタンダード（内国株式）,5250,情報・通信業,10,情報通信・サービスその他,-,-
20260831,3842,ネクストジェン,スタンダード（内国株式）,5250,情報・通信業,10,情報通信・サービスその他,-,-
20260831,3843,フリービット,プライム（内国株式）,5250,情報・通信業,10,情報通信・サービスその他,7,TOPIX Small 2
20260831,3844,コムチュア,プライム（内国株式）,5250,情報・通信業,10,情報通信・サービスその他,6,TOPIX Small 1
20260831,3845,アイフリークモバイル,スタンダード（内国株式）,5250,情報・通信業,10,情報通信・サービスその他,-,-
20260831,3848,データ・アプリケーション,スタンダード（内国株式）,5250,情報・通信業,10,情報通信・サービスその他,-,-
20260831,3850,エヌ・ティ・ティ・データ・イントラマート,スタンダード（内国株式）,5250,情報・通信業,10,情報通信・サービスその他,-,-
20260831,3851,日本一ソフトウェア,スタンダード（内国株式）,5250,情報・通信業,10,情報通信・サービスその他,-,-
20260831,3853,アステリア,プライム（内国株式）,5250,情報・通信業,10,情報通信・サービスその他,7,TOPIX Small 2
20260831,3854,アイル,プライム（内国株式）,5250,情報・通信業,10,情報通信・サービスその他,7,TOPIX Small 2
20260831,3856,Ａｂａｌａｎｃｅ,スタンダード（内国株式）,3650,電気機器,9,電機・精密,-,-
20260831,3858,ユビキタスＡＩ,スタンダード（内国株式）,5250,情報・通信業,10,情報通信・サービスその他,-,-
20260831,385A,山本通産,PRO Market,6050,卸売業,13,商社・卸売,-,-
20260831,3861,王子ホールディングス,プライム（内国株式）,3150,パルプ・紙,4,素材・化学,4,TOPIX Mid400
20260831,3863,日本製紙,プライム（内国株式）,3150,パルプ・紙,4,素材・化学,6,TOPIX Small 1
20260831,3864,三菱製紙,プライム（内国株式）,3150,パルプ・紙,4,素材・化学,-,-
20260831,3865,北越コーポレーション,プライム（内国株式）,3150,パルプ・紙,4,素材・化学,6,TOPIX Small 1
20260831,386A,みのや,スタンダード（内国株式）,6100,小売業,14,小売,-,-
20260831,3877,中越パルプ工業,プライム（内国株式）,3150,パルプ・紙,4,素材・化学,-,-
20260831,3878,巴川コーポレーション,スタンダード（内国株式）,3200,化学,4,素材・化学,-,-
20260831,387A,フラー,グロース（内国株式）,5250,情報・通信業,10,情報通信・サービスその他,-,-
20260831,3880,大王製紙,プライム（内国株式）,3150,パルプ・紙,4,素材・化学,6,TOPIX Small 1
20260831,3891,ニッポン高度紙工業,スタンダード（内国株式）,3150,パルプ・紙,4,素材・化学,-,-
20260831,3892,岡山製紙,スタンダード（内国株式）,3150,パルプ・紙,4,素材・化学,-,-
20260831,3895,ハビックス,スタンダード（内国株式）,3150,パルプ・紙,4,素材・化学,-,-
20260831,3896,阿波製紙,スタンダード（内国株式）,3150,パルプ・紙,4,素材・化学,-,-
20260831,389A,八光オートメーション,PRO Market,3650,電気機器,9,電機・精密,-,-
20260831,3900,クラウドワークス,グロース（内国株式）,5250,情報・通信業,10,情報通信・サービスその他,-,-
20260831,3901,マークラインズ,プライム（内国株式）,5250,情報・通信業,10,情報通信・サービスその他,7,TOPIX Small 2
20260831,3903,ｇｕｍｉ,プライム（内国株式）,5250,情報・通信業,10,情報通信・サービスその他,7,TOPIX Small 2
20260831,3904,カヤック,グロース（内国株式）,5250,情報・通信業,10,情報通信・サービスその他,-,-
20260831,3905,データセクション,グロース（内国株式）,5250,情報・通信業,10,情報通信・サービスその他,-,-
20260831,3907,シリコンスタジオ,スタンダード（内国株式）,5250,情報・通信業,10,情報通信・サービスその他,-,-
20260831,3908,コラボス,スタンダード（内国株式）,5250,情報・通信業,10,情報通信・サービスその他,-,-
20260831,3909,ショーケース,スタンダード（内国株式）,5250,情報・通信業,10,情報通信・サービスその他,-,-
20260831,3910,エムケイシステム,スタンダード（内国株式）,5250,情報・通信業,10,情報通信・サービスその他,-,-
20260831,3911,Ａｉｍｉｎｇ,グロース（内国株式）,5250,情報・通信業,10,情報通信・サービスその他,-,-
20260831,3912,モバイルファクトリー,スタンダード（内国株式）,5250,情報・通信業,10,情報通信・サービスその他,-,-
20260831,3913,ＧｒｅｅｎＢｅｅ,スタンダード（内国株式）,5250,情報・通信業,10,情報通信・サービスその他,-,-
20260831,3914,ＪＩＧ－ＳＡＷ,グロース（内国株式）,5250,情報・通信業,10,情報通信・サービスその他,-,-
20260831,3915,テラスカイ,プライム（内国株式）,5250,情報・通信業,10,情報通信・サービスその他,7,TOPIX Small 2
20260831,3916,デジタル・インフォメーション・テクノロジー,プライム（内国株式）,5250,情報・通信業,10,情報通信・サービスその他,7,TOPIX Small 2
20260831,3917,アイリッジ,グロース（内国株式）,5250,情報・通信業,10,情報通信・サービスその他,-,-
20260831,3918,ＰＣＩホールディングス,スタンダード（内国株式）,5250,情報・通信業,10,情報通信・サービスその他,-,-
20260831,3920,アイビーシー,スタンダード（内国株式）,5250,情報・通信業,10,情報通信・サービスその他,-,-
20260831,3921,ネオジャパン,プライム（内国株式）,5250,情報・通信業,10,情報通信・サービスその他,7,TOPIX Small 2
20260831,3922,ＰＲ　ＴＩＭＥＳ,プライム（内国株式）,5250,情報・通信業,10,情報通信・サービスその他,7,TOPIX Small 2
20260831,3923,ラクス,プライム（内国株式）,5250,情報・通信業,10,情報通信・サービスその他,4,TOPIX Mid400
20260831,3925,ダブルスタンダード,プライム（内国株式）,5250,情報・通信業,10,情報通信・サービスその他,7,TOPIX Small 2
20260831,3926,オープンドア,スタンダード（内国株式）,5250,情報・通信業,10,情報通信・サービスその他,7,TOPIX Small 2
20260831,3927,フーバーブレイン,スタンダード（内国株式）,5250,情報・通信業,10,情報通信・サービスその他,-,-
20260831,3928,マイネット,スタンダード（内国株式）,5250,情報・通信業,10,情報通信・サービスその他,-,-
20260831,3929,ソーシャルワイヤー,グロース（内国株式）,5250,情報・通信業,10,情報通信・サービスその他,-,-
20260831,392A,ｉシェアーズ　ＮＡＳＤＡＱ　トップ　３０　ＥＴＦ,ETF・ETN,-,-,-,-,-,-
20260831,3930,はてな,グロース（内国株式）,5250,情報・通信業,10,情報通信・サービスその他,-,-
20260831,3931,バリューゴルフ,グロース（内国株式）,5250,情報・通信業,10,情報通信・サービスその他,-,-
20260831,3932,アカツキ,プライム（内国株式）,5250,情報・通信業,10,情報通信・サービスその他,7,TOPIX Small 2
20260831,3933,チエル,スタンダード（内国株式）,5250,情報・通信業,10,情報通信・サービスその他,-,-
20260831,3934,ベネフィットジャパン,スタンダード（内国株式）,5250,情報・通信業,10,情報通信・サービスその他,-,-
20260831,3935,エディア,スタンダード（内国株式）,5250,情報・通信業,10,情報通信・サービスその他,-,-
20260831,3936,グローバルウェイ,グロース（内国株式）,5250,情報・通信業,10,情報通信・サービスその他,-,-
20260831,3937,Ｕｂｉｃｏｍホールディングス,スタンダード（内国株式）,5250,情報・通信業,10,情報通信・サービスその他,7,TOPIX Small 2
20260831,3939,カナミックネットワーク,プライム（内国株式）,5250,情報・通信業,10,情報通信・サービスその他,7,TOPIX Small 2
20260831,393A,ＲｉｔａＸ,PRO Market,9050,サービス業,10,情報通信・サービスその他,-,-
20260831,3940,ノムラシステムコーポレーション,スタンダード（内国株式）,5250,情報・通信業,10,情報通信・サービスその他,-,-
20260831,3941,レンゴー,プライム（内国株式）,3150,パルプ・紙,4,素材・化学,4,TOPIX Mid400
20260831,3943,大石産業,スタンダード（内国株式）,3150,パルプ・紙,4,素材・化学,-,-
20260831,3944,古林紙工,スタンダード（内国株式）,3150,パルプ・紙,4,素材・化学,-,-
20260831,3945,スーパーバッグ,スタンダード（内国株式）,3150,パルプ・紙,4,素材・化学,-,-
20260831,3946,トーモク,プライム（内国株式）,3150,パルプ・紙,4,素材・化学,7,TOPIX Small 2
20260831,3947,ダイナパック,スタンダード（内国株式）,3150,パルプ・紙,4,素材・化学,-,-
20260831,3948,光ビジネスフォーム,スタンダード（内国株式）,3150,パルプ・紙,4,素材・化学,-,-
20260831,394A,業界改革厳選ＥＴＦテレビ業界,ETF・ETN,-,-,-,-,-,-
20260831,3950,ザ・パック,プライム（内国株式）,3150,パルプ・紙,4,素材・化学,7,TOPIX Small 2
20260831,3951,朝日印刷,スタンダード（内国株式）,3150,パルプ・紙,4,素材・化学,-,-
20260831,3953,大村紙業,スタンダード（内国株式）,3150,パルプ・紙,4,素材・化学,-,-
20260831,3954,昭和パックス,スタンダード（内国株式）,3150,パルプ・紙,4,素材・化学,-,-
20260831,3955,イムラ,スタンダード（内国株式）,3150,パルプ・紙,4,素材・化学,-,-
20260831,3958,笹徳印刷,スタンダード（内国株式）,3150,パルプ・紙,4,素材・化学,-,-
20260831,395A,業界改革厳選ＥＴＦ地銀,ETF・ETN,-,-,-,-,-,-
20260831,3962,チェンジホールディングス,プライム（内国株式）,5250,情報・通信業,10,情報通信・サービスその他,6,TOPIX Small 1
20260831,3963,シンクロ・フード,プライム（内国株式）,5250,情報・通信業,10,情報通信・サービスその他,-,-
20260831,3964,オークネット,プライム（内国株式）,5250,情報・通信業,10,情報通信・サービスその他,7,TOPIX Small 2
20260831,3965,キャピタル・アセット・プランニング,スタンダード（内国株式）,5250,情報・通信業,10,情報通信・サービスその他,-,-
20260831,3967,エルテス,グロース（内国株式）,5250,情報・通信業,10,情報通信・サービスその他,-,-
20260831,3968,セグエグループ,プライム（内国株式）,5250,情報・通信業,10,情報通信・サービスその他,-,-
20260831,3969,エイトレッド,スタンダード（内国株式）,5250,情報・通信業,10,情報通信・サービスその他,-,-
20260831,396A,業界改革厳選ＥＴＦ　ＲＥＩＴイベント・ドリブン,ETF・ETN,-,-,-,-,-,-
20260831,3970,イノベーション,スタンダード（内国株式）,5250,情報・通信業,10,情報通信・サービスその他,-,-
20260831,3974,ＳＣＡＴ,スタンダード（内国株式）,5250,情報・通信業,10,情報通信・サービスその他,-,-
20260831,3976,シャノン,グロース（内国株式）,5250,情報・通信業,10,情報通信・サービスその他,-,-
20260831,3979,うるる,グロース（内国株式）,5250,情報・通信業,10,情報通信・サービスその他,-,-
20260831,3981,ビーグリー,スタンダード（内国株式）,5250,情報・通信業,10,情報通信・サービスその他,-,-
20260831,3983,オロ,プライム（内国株式）,5250,情報・通信業,10,情報通信・サービスその他,7,TOPIX Small 2
20260831,3984,ユーザーローカル,プライム（内国株式）,5250,情報・通信業,10,情報通信・サービスその他,7,TOPIX Small 2
20260831,3985,テモナ,スタンダード（内国株式）,5250,情報・通信業,10,情報通信・サービスその他,-,-
20260831,3986,ビーブレイクシステムズ,スタンダード（内国株式）,5250,情報・通信業,10,情報通信・サービスその他,-,-
20260831,3987,エコモット,グロース（内国株式）,5250,情報・通信業,10,情報通信・サービスその他,-,-
20260831,3988,ＳＹＳホールディングス,スタンダード（内国株式）,5250,情報・通信業,10,情報通信・サービスその他,-,-
20260831,3989,シェアリングテクノロジー,グロース（内国株式）,5250,情報・通信業,10,情報通信・サービスその他,-,-
20260831,398A,リアルクオリティ,PRO Market,9050,サービス業,10,情報通信・サービスその他,-,-
20260831,3991,ウォンテッドリー,グロース（内国株式）,5250,情報・通信業,10,情報通信・サービスその他,-,-
20260831,3992,ニーズウェル,プライム（内国株式）,5250,情報・通信業,10,情報通信・サービスその他,-,-
20260831,3993,ＰＫＳＨＡ　Ｔｅｃｈｎｏｌｏｇｙ,プライム（内国株式）,5250,情報・通信業,10,情報通信・サービスその他,6,TOPIX Small 1
20260831,3994,マネーフォワード,プライム（内国株式）,5250,情報・通信業,10,情報通信・サービスその他,4,TOPIX Mid400
20260831,3996,サインポスト,スタンダード（内国株式）,5250,情報・通信業,10,情報通信・サービスその他,-,-
20260831,3997,トレードワークス,スタンダード（内国株式）,5250,情報・通信業,10,情報通信・サービスその他,-,-
20260831,3998,すららネット,グロース（内国株式）,5250,情報・通信業,10,情報通信・サービスその他,-,-
20260831,399A,上場インデックスファンド日経平均高配当株５０,ETF・ETN,-,-,-,-,-,-
20260831,4004,レゾナック・ホールディングス,プライム（内国株式）,3200,化学,4,素材・化学,4,TOPIX Mid400
20260831,4005,住友化学,プライム（内国株式）,3200,化学,4,素材・化学,4,TOPIX Mid400
20260831,4008,住友精化,プライム（内国株式）,3200,化学,4,素材・化学,6,TOPIX Small 1
20260831,4011,ヘッドウォータース,グロース（内国株式）,5250,情報・通信業,10,情報通信・サービスその他,-,-
20260831,4012,アクシス,スタンダード（内国株式）,5250,情報・通信業,10,情報通信・サービスその他,-,-
20260831,4013,勤次郎,グロース（内国株式）,5250,情報・通信業,10,情報通信・サービスその他,-,-
20260831,4014,カラダノート,グロース（内国株式）,5250,情報・通信業,10,情報通信・サービスその他,-,-
20260831,4015,ペイクラウドホールディングス,グロース（内国株式）,5250,情報・通信業,10,情報通信・サービスその他,-,-
20260831,4016,ＭＩＴホールディングス,スタンダード（内国株式）,5250,情報・通信業,10,情報通信・サービスその他,-,-
20260831,4017,クリーマ,グロース（内国株式）,5250,情報・通信業,10,情報通信・サービスその他,-,-
20260831,4019,スタメン,グロース（内国株式）,5250,情報・通信業,10,情報通信・サービスその他,-,-
20260831,401A,霞ヶ関ホテルリート投資法人,REIT・ベンチャーファンド・カントリーファンド・インフラファンド,-,-,-,-,-,-
20260831,4020,ビートレンド,グロース（内国株式）,5250,情報・通信業,10,情報通信・サービスその他,-,-
20260831,4021,日産化学,プライム（内国株式）,3200,化学,4,素材・化学,4,TOPIX Mid400
20260831,4022,ラサ工業,プライム（内国株式）,3200,化学,4,素材・化学,7,TOPIX Small 2
20260831,4023,クレハ,プライム（内国株式）,3200,化学,4,素材・化学,6,TOPIX Small 1
20260831,4025,多木化学,プライム（内国株式）,3200,化学,4,素材・化学,7,TOPIX Small 2
20260831,4026,神島化学工業,スタンダード（内国株式）,3400,ガラス・土石製品,3,建設・資材,-,-
20260831,4027,テイカ,プライム（内国株式）,3200,化学,4,素材・化学,7,TOPIX Small 2
20260831,4028,石原産業,プライム（内国株式）,3200,化学,4,素材・化学,6,TOPIX Small 1
20260831,402A,アクセルスペースホールディングス,グロース（内国株式）,3700,輸送用機器,6,自動車・輸送機,-,-
20260831,4031,片倉コープアグリ,スタンダード（内国株式）,3200,化学,4,素材・化学,-,-
20260831,403A,北條組,PRO Market,2050,建設業,3,建設・資材,-,-
20260831,4040,南海化学,スタンダード（内国株式）,3200,化学,4,素材・化学,-,-
20260831,4041,日本曹達,プライム（内国株式）,3200,化学,4,素材・化学,6,TOPIX Small 1
20260831,4042,東ソー,プライム（内国株式）,3200,化学,4,素材・化学,4,TOPIX Mid400
20260831,4043,トクヤマ,プライム（内国株式）,3200,化学,4,素材・化学,4,TOPIX Mid400
20260831,4044,セントラル硝子,プライム（内国株式）,3200,化学,4,素材・化学,6,TOPIX Small 1
20260831,4045,東亞合成,プライム（内国株式）,3200,化学,4,素材・化学,4,TOPIX Mid400
20260831,4046,大阪ソーダ,プライム（内国株式）,3200,化学,4,素材・化学,6,TOPIX Small 1
20260831,4047,関東電化工業,プライム（内国株式）,3200,化学,4,素材・化学,6,TOPIX Small 1
20260831,404A,グローバルＸ　チャイナテック・トップ１０　ＥＴＦ,ETF・ETN,-,-,-,-,-,-
20260831,4051,ＧＭＯフィナンシャルゲート,プライム（内国株式）,5250,情報・通信業,10,情報通信・サービスその他,7,TOPIX Small 2
20260831,4052,フィーチャ,グロース（内国株式）,5250,情報・通信業,10,情報通信・サービスその他,-,-
20260831,4053,Ｓｕｎ　Ａｓｔｅｒｉｓｋ,プライム（内国株式）,5250,情報・通信業,10,情報通信・サービスその他,7,TOPIX Small 2
20260831,4054,日本情報クリエイト,グロース（内国株式）,5250,情報・通信業,10,情報通信・サービスその他,-,-
20260831,4055,ティアンドエスグループ,グロース（内国株式）,5250,情報・通信業,10,情報通信・サービスその他,-,-
20260831,4056,ニューラルグループ,グロース（内国株式）,5250,情報・通信業,10,情報通信・サービスその他,-,-
20260831,4057,インターファクトリー,グロース（内国株式）,5250,情報・通信業,10,情報通信・サービスその他,-,-
20260831,4058,トヨクモ,グロース（内国株式）,5250,情報・通信業,10,情報通信・サービスその他,-,-
20260831,4059,まぐまぐ,スタンダード（内国株式）,5250,情報・通信業,10,情報通信・サービスその他,-,-
20260831,405A,コヤマ・ミライエ,PRO Market,6050,卸売業,13,商社・卸売,-,-
20260831,4060,ｒａｋｕｍｏ,グロース（内国株式）,5250,情報・通信業,10,情報通信・サービスその他,-,-
20260831,4061,デンカ,プライム（内国株式）,3200,化学,4,素材・化学,4,TOPIX Mid400
20260831,4062,イビデン,プライム（内国株式）,3650,電気機器,9,電機・精密,4,TOPIX Mid400
20260831,4063,信越化学工業,プライム（内国株式）,3200,化学,4,素材・化学,1,TOPIX Core30
20260831,4064,日本カーバイド工業,プライム（内国株式）,3200,化学,4,素材・化学,7,TOPIX Small 2
20260831,4068,ベイシス,グロース（内国株式）,5250,情報・通信業,10,情報通信・サービスその他,-,-
20260831,4069,ＢｌｕｅＭｅｍｅ,グロース（内国株式）,5250,情報・通信業,10,情報通信・サービスその他,-,-
20260831,406A,環境のミカタホールディングス,PRO Market,9050,サービス業,10,情報通信・サービスその他,-,-
20260831,4071,プラスアルファ・コンサルティング,プライム（内国株式）,5250,情報・通信業,10,情報通信・サービスその他,6,TOPIX Small 1
20260831,4072,電算システムホールディングス,プライム（内国株式）,5250,情報・通信業,10,情報通信・サービスその他,7,TOPIX Small 2
20260831,4073,ジィ・シィ企画,グロース（内国株式）,5250,情報・通信業,10,情報通信・サービスその他,-,-
20260831,4074,ラキール,グロース（内国株式）,5250,情報・通信業,10,情報通信・サービスその他,-,-
20260831,4075,ブレインズテクノロジー,グロース（内国株式）,5250,情報・通信業,10,情報通信・サービスその他,-,-
20260831,4076,シイエヌエス,グロース（内国株式）,5250,情報・通信業,10,情報通信・サービスその他,-,-
20260831,4078,堺化学工業,プライム（内国株式）,3200,化学,4,素材・化学,6,TOPIX Small 1
20260831,407A,ＵＮＩＣＯＮホールディングス,スタンダード（内国株式）,2050,建設業,3,建設・資材,-,-
20260831,4082,第一稀元素化学工業,プライム（内国株式）,3200,化学,4,素材・化学,7,TOPIX Small 2
20260831,4088,エア・ウォーター,プライム（内国株式）,3200,化学,4,素材・化学,-,-
20260831,408A,ｉシェアーズ　ＡＩ　グローバル・イノベーション　アクティブ　ＥＴＦ,ETF・ETN,-,-,-,-,-,-
20260831,4091,日本酸素ホールディングス,プライム（内国株式）,3200,化学,4,素材・化学,4,TOPIX Mid400
20260831,4092,日本化学工業,プライム（内国株式）,3200,化学,4,素材・化学,7,TOPIX Small 2
20260831,4093,東邦アセチレン,スタンダード（内国株式）,3200,化学,4,素材・化学,-,-
20260831,4094,日本化学産業,スタンダード（内国株式）,3200,化学,4,素材・化学,-,-
20260831,4095,日本パーカライジング,プライム（内国株式）,3200,化学,4,素材・化学,6,TOPIX Small 1
20260831,4097,高圧ガス工業,プライム（内国株式）,3200,化学,4,素材・化学,7,TOPIX Small 2
20260831,4098,チタン工業,スタンダード（内国株式）,3200,化学,4,素材・化学,-,-
20260831,4099,四国化成ホールディングス,プライム（内国株式）,3200,化学,4,素材・化学,7,TOPIX Small 2
20260831,409A,オリオンビール,プライム（内国株式）,3050,食料品,1,食品,7,TOPIX Small 2
20260831,4100,戸田工業,スタンダード（内国株式）,3200,化学,4,素材・化学,7,TOPIX Small 2
20260831,4102,丸尾カルシウム,スタンダード（内国株式）,3200,化学,4,素材・化学,-,-
20260831,4107,伊勢化学工業,スタンダード（内国株式）,3200,化学,4,素材・化学,-,-
20260831,4109,ステラ　ケミファ,プライム（内国株式）,3200,化学,4,素材・化学,6,TOPIX Small 1
20260831,410A,ＧＭＯコマース,グロース（内国株式）,9050,サービス業,10,情報通信・サービスその他,-,-
20260831,4112,保土谷化学工業,プライム（内国株式）,3200,化学,4,素材・化学,7,TOPIX Small 2
20260831,4113,田岡化学工業,スタンダード（内国株式）,3200,化学,4,素材・化学,-,-
20260831,4114,日本触媒,プライム（内国株式）,3200,化学,4,素材・化学,4,TOPIX Mid400
20260831,4116,大日精化工業,プライム（内国株式）,3200,化学,4,素材・化学,7,TOPIX Small 2
20260831,4118,カネカ,プライム（内国株式）,3200,化学,4,素材・化学,4,TOPIX Mid400
20260831,4119,日本ピグメントホールディングス,スタンダード（内国株式）,3200,化学,4,素材・化学,-,-
20260831,411A,日本マリタイムバンク,PRO Market,7200,その他金融業,16,金融（除く銀行）,-,-
20260831,4120,スガイ化学工業,スタンダード（内国株式）,3200,化学,4,素材・化学,-,-
20260831,4124,大阪油化工業,スタンダード（内国株式）,3200,化学,4,素材・化学,-,-
20260831,4125,三和油化工業,スタンダード（内国株式）,3200,化学,4,素材・化学,-,-
20260831,412A,ＮＥＸＴ　ＦＵＮＤＳ　ＴＩＰ　ＦａｃｔＳｅｔ　台湾イノベイティブ・テクノロジー５０指数連動型上場投信,ETF・ETN,-,-,-,-,-,-
20260831,413A,ｉＦｒｅｅＥＴＦ　キャセイ台湾テックリーダー指数,ETF・ETN,-,-,-,-,-,-
20260831,414A,オーバーラップホールディングス,グロース（内国株式）,5250,情報・通信業,10,情報通信・サービスその他,-,-
20260831,4151,協和キリン,プライム（内国株式）,3250,医薬品,5,医薬品,4,TOPIX Mid400
20260831,415A,ＧＭＯ　ＴＥＣＨホールディングス,グロース（内国株式）,9050,サービス業,10,情報通信・サービスその他,-,-
20260831,4165,プレイド,グロース（内国株式）,5250,情報・通信業,10,情報通信・サービスその他,-,-
20260831,4166,かっこ,グロース（内国株式）,5250,情報・通信業,10,情報通信・サービスその他,-,-
20260831,4167,ココペリ,グロース（内国株式）,5250,情報・通信業,10,情報通信・サービスその他,-,-
20260831,4168,ヤプリ,グロース（内国株式）,5250,情報・通信業,10,情報通信・サービスその他,-,-
20260831,4169,ＥＮＥＣＨＡＮＧＥ,グロース（内国株式）,5250,情報・通信業,10,情報通信・サービスその他,-,-
20260831,416A,富士ユナイトホールディングス,スタンダード（内国株式）,6050,卸売業,13,商社・卸売,-,-
20260831,4170,Ｋａｉｚｅｎ　Ｐｌａｔｆｏｒｍ,グロース（内国株式）,5250,情報・通信業,10,情報通信・サービスその他,-,-
20260831,4172,Ｈｉクラテス,スタンダード（内国株式）,5250,情報・通信業,10,情報通信・サービスその他,-,-
20260831,4174,アピリッツ,スタンダード（内国株式）,5250,情報・通信業,10,情報通信・サービスその他,-,-
20260831,4175,ｃｏｌｙ,グロース（内国株式）,5250,情報・通信業,10,情報通信・サービスその他,-,-
20260831,4176,ココナラ,グロース（内国株式）,5250,情報・通信業,10,情報通信・サービスその他,-,-
20260831,4177,ｉ‐ｐｌｕｇ,グロース（内国株式）,5250,情報・通信業,10,情報通信・サービスその他,-,-
20260831,4178,Ｓｈａｒｉｎｇ　Ｉｎｎｏｖａｔｉｏｎｓ,グロース（内国株式）,5250,情報・通信業,10,情報通信・サービスその他,-,-
20260831,4179,ジーネクスト,グロース（内国株式）,5250,情報・通信業,10,情報通信・サービスその他,-,-
20260831,417A,ブルーゾーンホールディングス,プライム（内国株式）,6100,小売業,14,小売,4,TOPIX Mid400
20260831,4180,Ａｐｐｉｅｒ　Ｇｒｏｕｐ,プライム（内国株式）,5250,情報・通信業,10,情報通信・サービスその他,6,TOPIX Small 1
20260831,4182,三菱瓦斯化学,プライム（内国株式）,3200,化学,4,素材・化学,4,TOPIX Mid400
20260831,4183,三井化学,プライム（内国株式）,3200,化学,4,素材・化学,4,TOPIX Mid400
20260831,4186,東京応化工業,プライム（内国株式）,3200,化学,4,素材・化学,4,TOPIX Mid400
20260831,4187,大阪有機化学工業,プライム（内国株式）,3200,化学,4,素材・化学,6,TOPIX Small 1
20260831,4188,三菱ケミカルグループ,プライム（内国株式）,3200,化学,4,素材・化学,2,TOPIX Large70
20260831,4189,ＫＨネオケム,プライム（内国株式）,3200,化学,4,素材・化学,6,TOPIX Small 1
20260831,4192,スパイダープラス,グロース（内国株式）,5250,情報・通信業,10,情報通信・サービスその他,-,-
20260831,4193,ファブリカホールディングス,スタンダード（内国株式）,5250,情報・通信業,10,情報通信・サービスその他,-,-
20260831,4194,ビジョナル,プライム（内国株式）,5250,情報・通信業,10,情報通信・サービスその他,4,TOPIX Mid400
20260831,4196,ネオマーケティング,スタンダード（内国株式）,5250,情報・通信業,10,情報通信・サービスその他,-,-
20260831,4197,アスマーク,スタンダード（内国株式）,5250,情報・通信業,10,情報通信・サービスその他,-,-
20260831,4198,テンダ,スタンダード（内国株式）,5250,情報・通信業,10,情報通信・サービスその他,-,-
20260831,4199,ワンダープラネット,グロース（内国株式）,5250,情報・通信業,10,情報通信・サービスその他,-,-
20260831,419A,ラングローブ,PRO Market,6100,小売業,14,小売,-,-
20260831,4202,ダイセル,プライム（内国株式）,3200,化学,4,素材・化学,4,TOPIX Mid400
20260831,4203,住友ベークライト,プライム（内国株式）,3200,化学,4,素材・化学,4,TOPIX Mid400
20260831,4204,積水化学工業,プライム（内国株式）,3200,化学,4,素材・化学,4,TOPIX Mid400
20260831,4205,日本ゼオン,プライム（内国株式）,3200,化学,4,素材・化学,4,TOPIX Mid400
20260831,4206,アイカ工業,プライム（内国株式）,3200,化学,4,素材・化学,4,TOPIX Mid400
20260831,4208,ＵＢＥ,プライム（内国株式）,3200,化学,4,素材・化学,4,TOPIX Mid400
20260831,4212,積水樹脂,プライム（内国株式）,3200,化学,4,素材・化学,6,TOPIX Small 1
20260831,4216,旭有機材,プライム（内国株式）,3200,化学,4,素材・化学,6,TOPIX Small 1
20260831,4218,ニチバン,プライム（内国株式）,3200,化学,4,素材・化学,7,TOPIX Small 2
20260831,421A,ムービン・ストラテジック・キャリア,グロース（内国株式）,9050,サービス業,10,情報通信・サービスその他,-,-
20260831,4220,リケンテクノス,プライム（内国株式）,3200,化学,4,素材・化学,7,TOPIX Small 2
20260831,4221,大倉工業,プライム（内国株式）,3200,化学,4,素材・化学,7,TOPIX Small 2
20260831,4222,児玉化学工業,スタンダード（内国株式）,3200,化学,4,素材・化学,-,-
20260831,4224,ロンシール工業,スタンダード（内国株式）,3200,化学,4,素材・化学,-,-
20260831,4228,積水化成品工業,プライム（内国株式）,3200,化学,4,素材・化学,7,TOPIX Small 2
20260831,4229,群栄化学工業,プライム（内国株式）,3200,化学,4,素材・化学,7,TOPIX Small 2
20260831,422A,ｔａｎｅ　ＣＲＥＡＴＩＶＥ,PRO Market,5250,情報・通信業,10,情報通信・サービスその他,-,-
20260831,4231,タイガースポリマー,スタンダード（内国株式）,3200,化学,4,素材・化学,-,-
20260831,4234,サンエー化研,スタンダード（内国株式）,3200,化学,4,素材・化学,-,-
20260831,4235,ウルトラファブリックス・ホールディングス,スタンダード（内国株式）,3200,化学,4,素材・化学,-,-
20260831,4237,フジプレアム,スタンダード（内国株式）,3200,化学,4,素材・化学,-,-
20260831,4238,ミライアル,スタンダード（内国株式）,3200,化学,4,素材・化学,-,-
20260831,423A,ライオン事務器,スタンダード（内国株式）,6050,卸売業,13,商社・卸売,-,-
20260831,4240,クラスターテクノロジー,スタンダード（内国株式）,3200,化学,4,素材・化学,-,-
20260831,4241,アテクト,スタンダード（内国株式）,3200,化学,4,素材・化学,-,-
20260831,4242,タカギセイコー,スタンダード（内国株式）,3200,化学,4,素材・化学,-,-
20260831,4243,ニックス,スタンダード（内国株式）,3200,化学,4,素材・化学,-,-
20260831,4245,ダイキアクシス,スタンダード（内国株式）,3200,化学,4,素材・化学,-,-
20260831,4246,ダイキョーニシカワ,プライム（内国株式）,3200,化学,4,素材・化学,7,TOPIX Small 2
20260831,4247,ポバール興業,スタンダード（内国株式）,3200,化学,4,素材・化学,-,-
20260831,4248,竹本容器,スタンダード（内国株式）,3200,化学,4,素材・化学,-,-
20260831,4249,森六,プライム（内国株式）,3200,化学,4,素材・化学,7,TOPIX Small 2
20260831,424A,グローバルＸ　ゴールド　ＥＴＦ（為替ヘッジあり）,ETF・ETN,-,-,-,-,-,-
20260831,4251,恵和,プライム（内国株式）,3200,化学,4,素材・化学,7,TOPIX Small 2
20260831,4255,ＴＨＥＣＯＯ,グロース（内国株式）,5250,情報・通信業,10,情報通信・サービスその他,-,-
20260831,4256,サインド,グロース（内国株式）,5250,情報・通信業,10,情報通信・サービスその他,-,-
20260831,4258,網屋,グロース（内国株式）,5250,情報・通信業,10,情報通信・サービスその他,-,-
20260831,4259,エクサウィザーズ,グロース（内国株式）,5250,情報・通信業,10,情報通信・サービスその他,-,-
20260831,425A,グローバルＸ　ゴールド　ＥＴＦ,ETF・ETN,-,-,-,-,-,-
20260831,4260,ハイブリッドテクノロジーズ,グロース（内国株式）,5250,情報・通信業,10,情報通信・サービスその他,-,-
20260831,4261,アジアクエスト,グロース（内国株式）,5250,情報・通信業,10,情報通信・サービスその他,-,-
20260831,4262,ニフティライフスタイル,グロース（内国株式）,5250,情報・通信業,10,情報通信・サービスその他,-,-
20260831,4263,サスメド,グロース（内国株式）,5250,情報・通信業,10,情報通信・サービスその他,-,-
20260831,4264,セキュア,グロース（内国株式）,5250,情報・通信業,10,情報通信・サービスその他,-,-
20260831,4265,Ｉｎｓｔｉｔｕｔｉｏｎ　ｆｏｒ　ａ　Ｇｌｏｂａｌ　Ｓｏｃｉｅｔｙ,グロース（内国株式）,5250,情報・通信業,10,情報通信・サービスその他,-,-
20260831,426A,ニッセイＥＴＦ　Ｓ＆Ｐ５００イコール・ウェイト（為替ヘッジなし）,ETF・ETN,-,-,-,-,-,-
20260831,4270,ＢｅｅＸ,グロース（内国株式）,5250,情報・通信業,10,情報通信・サービスその他,-,-
20260831,4272,日本化薬,プライム（内国株式）,3200,化学,4,素材・化学,4,TOPIX Mid400
20260831,4274,細谷火工,スタンダード（内国株式）,3200,化学,4,素材・化学,-,-
20260831,4275,カーリット,プライム（内国株式）,3200,化学,4,素材・化学,7,TOPIX Small 2
20260831,4284,ソルクシーズ,スタンダード（内国株式）,5250,情報・通信業,10,情報通信・サービスその他,-,-
20260831,4286,ＣＬホールディングス,スタンダード（内国株式）,9050,サービス業,10,情報通信・サービスその他,7,TOPIX Small 2
20260831,4287,ジャストプランニング,スタンダード（内国株式）,5250,情報・通信業,10,情報通信・サービスその他,-,-
20260831,4288,アズジェント,スタンダード（内国株式）,5250,情報・通信業,10,情報通信・サービスその他,-,-
20260831,428A,サイプレス・ホールディングス,スタンダード（内国株式）,6100,小売業,14,小売,-,-
20260831,4290,プレステージ・インターナショナル,プライム（内国株式）,9050,サービス業,10,情報通信・サービスその他,6,TOPIX Small 1
20260831,4293,セプテーニ・ホールディングス,スタンダード（内国株式）,9050,サービス業,10,情報通信・サービスその他,-,-
20260831,4299,ハイマックス,スタンダード（内国株式）,5250,情報・通信業,10,情報通信・サービスその他,7,TOPIX Small 2
20260831,429A,テクセンドフォトマスク,プライム（内国株式）,3800,その他製品,10,情報通信・サービスその他,7,TOPIX Small 2
20260831,4301,アミューズ,プライム（内国株式）,9050,サービス業,10,情報通信・サービスその他,7,TOPIX Small 2
20260831,4307,野村総合研究所,プライム（内国株式）,5250,情報・通信業,10,情報通信・サービスその他,2,TOPIX Large70
20260831,4308,Ｊストリーム,グロース（内国株式）,5250,情報・通信業,10,情報通信・サービスその他,-,-
20260831,430A,ネクストハンズ,PRO Market,5250,情報・通信業,10,情報通信・サービスその他,-,-
20260831,4310,ドリームインキュベータ,プライム（内国株式）,9050,サービス業,10,情報通信・サービスその他,7,TOPIX Small 2
20260831,4316,ビーマップ,グロース（内国株式）,5250,情報・通信業,10,情報通信・サービスその他,-,-
20260831,4317,レイ,スタンダード（内国株式）,9050,サービス業,10,情報通信・サービスその他,-,-
20260831,4318,クイック,プライム（内国株式）,9050,サービス業,10,情報通信・サービスその他,7,TOPIX Small 2
20260831,431A,ユーソナー,グロース（内国株式）,5250,情報・通信業,10,情報通信・サービスその他,-,-
20260831,4320,ＣＥホールディングス,スタンダード（内国株式）,5250,情報・通信業,10,情報通信・サービスその他,-,-
20260831,4323,日本システム技術,プライム（内国株式）,5250,情報・通信業,10,情報通信・サービスその他,7,TOPIX Small 2
20260831,4324,電通グループ,プライム（内国株式）,9050,サービス業,10,情報通信・サービスその他,4,TOPIX Mid400
20260831,4326,インテージホールディングス,プライム（内国株式）,5250,情報・通信業,10,情報通信・サービスその他,7,TOPIX Small 2
20260831,432A,クリニファー,PRO Market,6050,卸売業,13,商社・卸売,-,-
20260831,4331,テイクアンドギヴ・ニーズ,プライム（内国株式）,9050,サービス業,10,情報通信・サービスその他,7,TOPIX Small 2
20260831,4334,ユークス,スタンダード（内国株式）,5250,情報・通信業,10,情報通信・サービスその他,-,-
20260831,4335,ＩＰＳホールディングス,スタンダード（内国株式）,5250,情報・通信業,10,情報通信・サービスその他,-,-
20260831,4337,ぴあ,プライム（内国株式）,9050,サービス業,10,情報通信・サービスその他,7,TOPIX Small 2
20260831,433A,ＭＪＥ,PRO Market,6050,卸売業,13,商社・卸売,-,-
20260831,4341,西菱電機,スタンダード（内国株式）,9050,サービス業,10,情報通信・サービスその他,-,-
20260831,4343,イオンファンタジー,プライム（内国株式）,9050,サービス業,10,情報通信・サービスその他,7,TOPIX Small 2
20260831,4344,ソースネクスト,プライム（内国株式）,5250,情報・通信業,10,情報通信・サービスその他,7,TOPIX Small 2
20260831,4345,シーティーエス,プライム（内国株式）,9050,サービス業,10,情報通信・サービスその他,7,TOPIX Small 2
20260831,4346,ＮＥＸＹＺ．Ｇｒｏｕｐ,スタンダード（内国株式）,7200,その他金融業,16,金融（除く銀行）,-,-
20260831,4347,ブロードメディア,スタンダード（内国株式）,9050,サービス業,10,情報通信・サービスその他,-,-
20260831,434A,ＬＯＯＰＬＡＣＥ,PRO Market,8050,不動産業,17,不動産,-,-
20260831,4350,メディカルシステムネットワーク,スタンダード（内国株式）,6100,小売業,14,小売,7,TOPIX Small 2
20260831,4351,山田再生系債権回収総合事務所,スタンダード（内国株式）,7200,その他金融業,16,金融（除く銀行）,-,-
20260831,4356,応用技術,スタンダード（内国株式）,5250,情報・通信業,10,情報通信・サービスその他,-,-
20260831,435A,ｉＦｒｅｅＥＴＦ　日本株配当ローテーション戦略,ETF・ETN,-,-,-,-,-,-
20260831,4360,マナック・ケミカル・パートナーズ,スタンダード（内国株式）,3200,化学,4,素材・化学,-,-
20260831,4361,川口化学工業,スタンダード（内国株式）,3200,化学,4,素材・化学,-,-
20260831,4362,日本精化,プライム（内国株式）,3200,化学,4,素材・化学,7,TOPIX Small 2
20260831,4365,松本油脂製薬,スタンダード（内国株式）,3200,化学,4,素材・化学,-,-
20260831,4366,ダイトーケミックス,スタンダード（内国株式）,3200,化学,4,素材・化学,-,-
20260831,4368,扶桑化学工業,プライム（内国株式）,3200,化学,4,素材・化学,6,TOPIX Small 1
20260831,4369,トリケミカル研究所,プライム（内国株式）,3200,化学,4,素材・化学,6,TOPIX Small 1
20260831,436A,サイバーソリューションズ,グロース（内国株式）,5250,情報・通信業,10,情報通信・サービスその他,-,-
20260831,4370,モビルス,グロース（内国株式）,5250,情報・通信業,10,情報通信・サービスその他,-,-
20260831,4371,コアコンセプト・テクノロジー,グロース（内国株式）,5250,情報・通信業,10,情報通信・サービスその他,-,-
20260831,4372,ユミルリンク,グロース（内国株式）,5250,情報・通信業,10,情報通信・サービスその他,-,-
20260831,4373,シンプレクス・ホールディングス,プライム（内国株式）,5250,情報・通信業,10,情報通信・サービスその他,6,TOPIX Small 1
20260831,4374,ＲＯＢＯＴ　ＰＡＹＭＥＮＴ,グロース（内国株式）,5250,情報・通信業,10,情報通信・サービスその他,-,-
20260831,4375,セーフィー,グロース（内国株式）,5250,情報・通信業,10,情報通信・サービスその他,-,-
20260831,4376,くふうカンパニーホールディングス,グロース（内国株式）,5250,情報・通信業,10,情報通信・サービスその他,-,-
20260831,4377,ワンキャリア,グロース（内国株式）,5250,情報・通信業,10,情報通信・サービスその他,-,-
20260831,4378,ＣＩＮＣ,グロース（内国株式）,5250,情報・通信業,10,情報通信・サービスその他,-,-
20260831,4379,Ｐｈｏｔｏｓｙｎｔｈ,グロース（内国株式）,5250,情報・通信業,10,情報通信・サービスその他,-,-
20260831,437A,ジェイウェイブ,PRO Market,9050,サービス業,10,情報通信・サービスその他,-,-
20260831,4380,Ｍマート,グロース（内国株式）,5250,情報・通信業,10,情報通信・サービスその他,-,-
20260831,4381,ビープラッツ,グロース（内国株式）,5250,情報・通信業,10,情報通信・サービスその他,-,-
20260831,4382,ＨＥＲＯＺ,スタンダード（内国株式）,5250,情報・通信業,10,情報通信・サービスその他,7,TOPIX Small 2
20260831,4385,メルカリ,プライム（内国株式）,5250,情報・通信業,10,情報通信・サービスその他,4,TOPIX Mid400
20260831,4386,ＳＩＧグループ,スタンダード（内国株式）,5250,情報・通信業,10,情報通信・サービスその他,-,-
20260831,4387,ＺＵＵ,グロース（内国株式）,5250,情報・通信業,10,情報通信・サービスその他,-,-
20260831,4388,エーアイ,スタンダード（内国株式）,5250,情報・通信業,10,情報通信・サービスその他,-,-
20260831,4389,プロパティデータバンク,グロース（内国株式）,5250,情報・通信業,10,情報通信・サービスその他,-,-
20260831,438A,インフキュリオン,グロース（内国株式）,5250,情報・通信業,10,情報通信・サービスその他,-,-
20260831,4390,ＩＰＳ,プライム（内国株式）,5250,情報・通信業,10,情報通信・サービスその他,7,TOPIX Small 2
20260831,4391,ロジザード,グロース（内国株式）,5250,情報・通信業,10,情報通信・サービスその他,-,-
20260831,4392,ＦＩＧ,プライム（内国株式）,5250,情報・通信業,10,情報通信・サービスその他,-,-
20260831,4393,バンク・オブ・イノベーション,グロース（内国株式）,5250,情報・通信業,10,情報通信・サービスその他,-,-
20260831,4394,エクスモーション,グロース（内国株式）,5250,情報・通信業,10,情報通信・サービスその他,-,-
20260831,4395,アクリート,グロース（内国株式）,5250,情報・通信業,10,情報通信・サービスその他,-,-
20260831,4396,システムサポートホールディングス,プライム（内国株式）,5250,情報・通信業,10,情報通信・サービスその他,7,TOPIX Small 2
20260831,4397,チームスピリット,グロース（内国株式）,5250,情報・通信業,10,情報通信・サービスその他,-,-
20260831,4398,ブロードバンドセキュリティ,スタンダード（内国株式）,5250,情報・通信業,10,情報通信・サービスその他,-,-
20260831,439A,アクトビ,PRO Market,5250,情報・通信業,10,情報通信・サービスその他,-,-
20260831,4401,ＡＤＥＫＡ,プライム（内国株式）,3200,化学,4,素材・化学,4,TOPIX Mid400
20260831,4403,日油,プライム（内国株式）,3200,化学,4,素材・化学,4,TOPIX Mid400
20260831,4404,ミヨシ油脂,スタンダード（内国株式）,3050,食料品,1,食品,-,-
20260831,4406,新日本理化,スタンダード（内国株式）,3200,化学,4,素材・化学,-,-
20260831,4409,東邦化学工業,スタンダード（内国株式）,3200,化学,4,素材・化学,-,-
20260831,4410,ハリマ化成グループ,プライム（内国株式）,3200,化学,4,素材・化学,7,TOPIX Small 2
20260831,4412,サイエンスアーツ,グロース（内国株式）,5250,情報・通信業,10,情報通信・サービスその他,-,-
20260831,4413,ボードルア,プライム（内国株式）,5250,情報・通信業,10,情報通信・サービスその他,7,TOPIX Small 2
20260831,4414,フレクト,グロース（内国株式）,5250,情報・通信業,10,情報通信・サービスその他,-,-
20260831,4415,ブロードエンタープライズ,グロース（内国株式）,5250,情報・通信業,10,情報通信・サービスその他,-,-
20260831,4416,Ｔｒｕｅ　Ｄａｔａ,グロース（内国株式）,5250,情報・通信業,10,情報通信・サービスその他,-,-
20260831,4417,グローバルセキュリティエキスパート,グロース（内国株式）,5250,情報・通信業,10,情報通信・サービスその他,-,-
20260831,4418,ＪＤＳＣ,グロース（内国株式）,5250,情報・通信業,10,情報通信・サービスその他,-,-
20260831,4419,Ｆｉｎａｔｅｘｔホールディングス,グロース（内国株式）,5250,情報・通信業,10,情報通信・サービスその他,-,-
20260831,441A,ＮＥ,グロース（内国株式）,5250,情報・通信業,10,情報通信・サービスその他,7,TOPIX Small 2
20260831,4420,イーソル,スタンダード（内国株式）,5250,情報・通信業,10,情報通信・サービスその他,7,TOPIX Small 2
20260831,4421,ディ・アイ・システム,スタンダード（内国株式）,5250,情報・通信業,10,情報通信・サービスその他,-,-
20260831,4422,ＶＡＬＵＥＮＥＸ,グロース（内国株式）,5250,情報・通信業,10,情報通信・サービスその他,-,-
20260831,4424,Ａｍａｚｉａ,グロース（内国株式）,5250,情報・通信業,10,情報通信・サービスその他,-,-
20260831,4425,Ｋｕｄａｎ,グロース（内国株式）,5250,情報・通信業,10,情報通信・サービスその他,-,-
20260831,4426,パスロジ,PRO Market,5250,情報・通信業,10,情報通信・サービスその他,-,-
20260831,4427,ＥｄｕＬａｂ,グロース（内国株式）,5250,情報・通信業,10,情報通信・サービスその他,-,-
20260831,4428,シノプス,グロース（内国株式）,5250,情報・通信業,10,情報通信・サービスその他,-,-
20260831,4429,リックソフト,グロース（内国株式）,5250,情報・通信業,10,情報通信・サービスその他,-,-
20260831,442A,クラシコ,グロース（内国株式）,3100,繊維製品,4,素材・化学,-,-
20260831,4430,東海ソフト,スタンダード（内国株式）,5250,情報・通信業,10,情報通信・サービスその他,-,-
20260831,4431,スマレジ,グロース（内国株式）,5250,情報・通信業,10,情報通信・サービスその他,-,-
20260831,4432,ウイングアーク１ｓｔ,プライム（内国株式）,5250,情報・通信業,10,情報通信・サービスその他,6,TOPIX Small 1
20260831,4433,ヒト・コミュニケーションズ・ホールディングス,プライム（内国株式）,9050,サービス業,10,情報通信・サービスその他,7,TOPIX Small 2
20260831,4434,サーバーワークス,スタンダード（内国株式）,5250,情報・通信業,10,情報通信・サービスその他,7,TOPIX Small 2
20260831,4436,ミンカブ・ジ・インフォノイド,グロース（内国株式）,5250,情報・通信業,10,情報通信・サービスその他,-,-
20260831,4437,ｇｏｏｄｄａｙｓホールディングス,グロース（内国株式）,5250,情報・通信業,10,情報通信・サービスその他,-,-
20260831,4438,Ｗｅｌｂｙ,グロース（内国株式）,5250,情報・通信業,10,情報通信・サービスその他,-,-
20260831,4439,東名,スタンダード（内国株式）,5250,情報・通信業,10,情報通信・サービスその他,-,-
20260831,443A,ｉＦｒｅｅＥＴＦ　東証ＲＥＩＴ指数（２・５・８・１１月決算型）,ETF・ETN,-,-,-,-,-,-
20260831,4440,ヴィッツ,スタンダード（内国株式）,5250,情報・通信業,10,情報通信・サービスその他,-,-
20260831,4441,トビラシステムズ,スタンダード（内国株式）,5250,情報・通信業,10,情報通信・サービスその他,-,-
20260831,4442,バルテス・ホールディングス,グロース（内国株式）,5250,情報・通信業,10,情報通信・サービスその他,-,-
20260831,4443,Ｓａｎｓａｎ,プライム（内国株式）,5250,情報・通信業,10,情報通信・サービスその他,6,TOPIX Small 1
20260831,4444,インフォネット,グロース（内国株式）,5250,情報・通信業,10,情報通信・サービスその他,-,-
20260831,4445,リビン・テクノロジーズ,グロース（内国株式）,5250,情報・通信業,10,情報通信・サービスその他,-,-
20260831,4446,Ｌｉｎｋ－Ｕグループ,スタンダード（内国株式）,5250,情報・通信業,10,情報通信・サービスその他,-,-
20260831,4447,ピー・ビーシステムズ,グロース（内国株式）,5250,情報・通信業,10,情報通信・サービスその他,-,-
20260831,4448,ｋｕｂｅｌｌ,グロース（内国株式）,5250,情報・通信業,10,情報通信・サービスその他,-,-
20260831,444A,アイテル,PRO Market,6050,卸売業,13,商社・卸売,-,-
20260831,4450,パワーソリューションズ,グロース（内国株式）,5250,情報・通信業,10,情報通信・サービスその他,-,-
20260831,4452,花王,プライム（内国株式）,3200,化学,4,素材・化学,2,TOPIX Large70
20260831,445A,東洋コーポレーション,PRO Market,8050,不動産業,17,不動産,-,-
20260831,4461,第一工業製薬,プライム（内国株式）,3200,化学,4,素材・化学,7,TOPIX Small 2
20260831,4462,石原ケミカル,プライム（内国株式）,3200,化学,4,素材・化学,7,TOPIX Small 2
20260831,4463,日華化学,スタンダード（内国株式）,3200,化学,4,素材・化学,-,-
20260831,4464,ソフト９９コーポレーション,スタンダード（内国株式）,3200,化学,4,素材・化学,-,-
20260831,4465,ニイタカ,スタンダード（内国株式）,3200,化学,4,素材・化学,-,-
20260831,446A,ノースサンド,グロース（内国株式）,9050,サービス業,10,情報通信・サービスその他,-,-
20260831,4471,三洋化成工業,プライム（内国株式）,3200,化学,4,素材・化学,6,TOPIX Small 1
20260831,4475,ＨＥＮＮＧＥ,グロース（内国株式）,5250,情報・通信業,10,情報通信・サービスその他,-,-
20260831,4476,ＡＩ　ＣＲＯＳＳ,グロース（内国株式）,5250,情報・通信業,10,情報通信・サービスその他,-,-
20260831,4477,ＢＡＳＥ,グロース（内国株式）,5250,情報・通信業,10,情報通信・サービスその他,-,-
20260831,4478,フリー,グロース（内国株式）,5250,情報・通信業,10,情報通信・サービスその他,-,-
20260831,4479,マクアケ,グロース（内国株式）,5250,情報・通信業,10,情報通信・サービスその他,-,-
20260831,447A,ステート・ストリート・スパイダー　ゴールド　ＥＴＦ（為替ヘッジなし）,ETF・ETN,-,-,-,-,-,-
20260831,4480,メドレー,プライム（内国株式）,5250,情報・通信業,10,情報通信・サービスその他,6,TOPIX Small 1
20260831,4481,ベース,プライム（内国株式）,5250,情報・通信業,10,情報通信・サービスその他,7,TOPIX Small 2
20260831,4482,ウィルズ,グロース（内国株式）,5250,情報・通信業,10,情報通信・サービスその他,-,-
20260831,4483,ＪＭＤＣ,プライム（内国株式）,5250,情報・通信業,10,情報通信・サービスその他,6,TOPIX Small 1
20260831,4484,ランサーズ,グロース（内国株式）,5250,情報・通信業,10,情報通信・サービスその他,-,-
20260831,4486,ユナイトアンドグロウ,グロース（内国株式）,5250,情報・通信業,10,情報通信・サービスその他,-,-
20260831,4487,スペースマーケット,グロース（内国株式）,5250,情報・通信業,10,情報通信・サービスその他,-,-
20260831,4488,ＡＩ　ｉｎｓｉｄｅ,グロース（内国株式）,5250,情報・通信業,10,情報通信・サービスその他,-,-
20260831,448A,ステート・ストリート・スパイダー　ゴールド　ＥＴＦ（為替ヘッジあり）,ETF・ETN,-,-,-,-,-,-
20260831,4490,ビザスク,グロース（内国株式）,5250,情報・通信業,10,情報通信・サービスその他,-,-
20260831,4491,コンピューターマネージメント,スタンダード（内国株式）,5250,情報・通信業,10,情報通信・サービスその他,-,-
20260831,4492,ゼネテック,スタンダード（内国株式）,5250,情報・通信業,10,情報通信・サービスその他,-,-
20260831,4493,サイバーセキュリティクラウド,グロース（内国株式）,5250,情報・通信業,10,情報通信・サービスその他,-,-
20260831,4495,アイキューブドシステムズ,グロース（内国株式）,5250,情報・通信業,10,情報通信・サービスその他,-,-
20260831,4496,コマースＯｎｅホールディングス,グロース（内国株式）,5250,情報・通信業,10,情報通信・サービスその他,-,-
20260831,4498,サイバートラスト,グロース（内国株式）,5250,情報・通信業,10,情報通信・サービスその他,-,-
20260831,4499,Ｓｐｅｅｅ,スタンダード（内国株式）,5250,情報・通信業,10,情報通信・サービスその他,-,-
20260831,449A,ステート・ストリート・スパイダー　Ｓ＆Ｐ５００　ＥＴＦ（為替ヘッジなし）,ETF・ETN,-,-,-,-,-,-
20260831,4502,武田薬品工業,プライム（内国株式）,3250,医薬品,5,医薬品,1,TOPIX Core30
20260831,4503,アステラス製薬,プライム（内国株式）,3250,医薬品,5,医薬品,2,TOPIX Large70
20260831,4506,住友ファーマ,プライム（内国株式）,3250,医薬品,5,医薬品,4,TOPIX Mid400
20260831,4507,塩野義製薬,プライム（内国株式）,3250,医薬品,5,医薬品,2,TOPIX Large70
20260831,450A,ステート・ストリート・スパイダー　Ｓ＆Ｐ５００　ＥＴＦ（為替ヘッジあり）,ETF・ETN,-,-,-,-,-,-
20260831,4512,わかもと製薬,スタンダード（内国株式）,3250,医薬品,5,医薬品,-,-
20260831,4516,日本新薬,プライム（内国株式）,3250,医薬品,5,医薬品,4,TOPIX Mid400
20260831,4519,中外製薬,プライム（内国株式）,3250,医薬品,5,医薬品,2,TOPIX Large70
20260831,451A,ステート・ストリート・スパイダー　Ｓ＆Ｐ５００高配当株　ＥＴＦ,ETF・ETN,-,-,-,-,-,-
20260831,4521,科研製薬,プライム（内国株式）,3250,医薬品,5,医薬品,6,TOPIX Small 1
20260831,4523,エーザイ,プライム（内国株式）,3250,医薬品,5,医薬品,4,TOPIX Mid400
20260831,4524,森下仁丹,スタンダード（内国株式）,3250,医薬品,5,医薬品,-,-
20260831,4526,理研ビタミン,プライム（内国株式）,3050,食料品,1,食品,7,TOPIX Small 2
20260831,4527,ロート製薬,プライム（内国株式）,3250,医薬品,5,医薬品,4,TOPIX Mid400
20260831,4528,小野薬品工業,プライム（内国株式）,3250,医薬品,5,医薬品,4,TOPIX Mid400
20260831,452A,ｉシェアーズ　Ｓ＆Ｐ　５００　プレミアムインカム　ＥＴＦ,ETF・ETN,-,-,-,-,-,-
20260831,4531,有機合成薬品工業,スタンダード（内国株式）,3200,化学,4,素材・化学,-,-
20260831,4534,持田製薬,プライム（内国株式）,3250,医薬品,5,医薬品,7,TOPIX Small 2
20260831,4536,参天製薬,プライム（内国株式）,3250,医薬品,5,医薬品,4,TOPIX Mid400
20260831,4538,扶桑薬品工業,プライム（内国株式）,3250,医薬品,5,医薬品,7,TOPIX Small 2
20260831,4539,日本ケミファ,スタンダード（内国株式）,3250,医薬品,5,医薬品,-,-
20260831,453A,ｉシェアーズ　米国債２０年超　プレミアムインカム　ＥＴＦ,ETF・ETN,-,-,-,-,-,-
20260831,4540,ツムラ,プライム（内国株式）,3250,医薬品,5,医薬品,4,TOPIX Mid400
20260831,4543,テルモ,プライム（内国株式）,3750,精密機器,9,電機・精密,2,TOPIX Large70
20260831,4544,Ｈ．Ｕ．グループホールディングス,プライム（内国株式）,9050,サービス業,10,情報通信・サービスその他,4,TOPIX Mid400
20260831,4547,キッセイ薬品工業,プライム（内国株式）,3250,医薬品,5,医薬品,6,TOPIX Small 1
20260831,4548,生化学工業,プライム（内国株式）,3250,医薬品,5,医薬品,7,TOPIX Small 2
20260831,4549,栄研化学,プライム（内国株式）,3250,医薬品,5,医薬品,6,TOPIX Small 1
20260831,4552,ＪＣＲファーマ,プライム（内国株式）,3250,医薬品,5,医薬品,6,TOPIX Small 1
20260831,4553,東和薬品,プライム（内国株式）,3250,医薬品,5,医薬品,6,TOPIX Small 1
20260831,4554,富士製薬工業,プライム（内国株式）,3250,医薬品,5,医薬品,7,TOPIX Small 2
20260831,4558,中京医薬品,スタンダード（内国株式）,3250,医薬品,5,医薬品,-,-
20260831,4559,ゼリア新薬工業,プライム（内国株式）,3250,医薬品,5,医薬品,6,TOPIX Small 1
20260831,455A,バリューソフトホールディングス,PRO Market,5250,情報・通信業,10,情報通信・サービスその他,-,-
20260831,4563,アンジェス,グロース（内国株式）,3250,医薬品,5,医薬品,-,-
20260831,4564,オンコセラピー・サイエンス,グロース（内国株式）,3250,医薬品,5,医薬品,-,-
20260831,4565,ネクセラファーマ,プライム（内国株式）,3250,医薬品,5,医薬品,6,TOPIX Small 1
20260831,4568,第一三共,プライム（内国株式）,3250,医薬品,5,医薬品,1,TOPIX Core30
20260831,4569,杏林製薬,プライム（内国株式）,3250,医薬品,5,医薬品,6,TOPIX Small 1
20260831,456A,ＨＵＭＡＮ　ＭＡＤＥ,グロース（内国株式）,6100,小売業,14,小売,-,-
20260831,4570,免疫生物研究所,グロース（内国株式）,3250,医薬品,5,医薬品,-,-
20260831,4571,ＮＡＮＯホールディングス,グロース（内国株式）,3250,医薬品,5,医薬品,-,-
20260831,4572,カルナバイオサイエンス,グロース（内国株式）,3250,医薬品,5,医薬品,-,-
20260831,4574,大幸薬品,プライム（内国株式）,3250,医薬品,5,医薬品,7,TOPIX Small 2
20260831,4575,キャンバス,グロース（内国株式）,3250,医薬品,5,医薬品,-,-
20260831,4576,デ・ウエスタン・セラピテクス研究所,グロース（内国株式）,3250,医薬品,5,医薬品,-,-
20260831,4577,ダイト,プライム（内国株式）,3250,医薬品,5,医薬品,7,TOPIX Small 2
20260831,4578,大塚ホールディングス,プライム（内国株式）,3250,医薬品,5,医薬品,2,TOPIX Large70
20260831,4579,ラクオリア創薬,グロース（内国株式）,3250,医薬品,5,医薬品,-,-
20260831,457A,ルリアン,PRO Market,9050,サービス業,10,情報通信・サービスその他,-,-
20260831,4582,シンバイオ製薬,グロース（内国株式）,3250,医薬品,5,医薬品,-,-
20260831,4583,カイオム・バイオサイエンス,グロース（内国株式）,3250,医薬品,5,医薬品,-,-
20260831,4584,キッズウェル・バイオ,グロース（内国株式）,3250,医薬品,5,医薬品,-,-
20260831,4586,メドレックス,グロース（内国株式）,3250,医薬品,5,医薬品,-,-
20260831,4587,ペプチドリーム,プライム（内国株式）,3250,医薬品,5,医薬品,4,TOPIX Mid400
20260831,4588,オンコリスバイオファーマ,グロース（内国株式）,3250,医薬品,5,医薬品,-,-
20260831,458A,プラン・ドゥ,PRO Market,8050,不動産業,17,不動産,-,-
20260831,4591,リボミック,グロース（内国株式）,3250,医薬品,5,医薬品,-,-
20260831,4592,サンバイオ,グロース（内国株式）,3250,医薬品,5,医薬品,-,-
20260831,4593,ヘリオス,グロース（内国株式）,3250,医薬品,5,医薬品,-,-
20260831,4594,ブライトパス・バイオ,グロース（内国株式）,3250,医薬品,5,医薬品,-,-
20260831,4595,ミズホメディー,スタンダード（内国株式）,3250,医薬品,5,医薬品,-,-
20260831,4596,窪田製薬ホールディングス,グロース（内国株式）,3250,医薬品,5,医薬品,-,-
20260831,4597,ソレイジア・ファーマ,グロース（内国株式）,3250,医薬品,5,医薬品,-,-
20260831,4598,Ｄｅｌｔａ－Ｆｌｙ　Ｐｈａｒｍａ,グロース（内国株式）,3250,医薬品,5,医薬品,-,-
20260831,4599,ステムリム,グロース（内国株式）,3250,医薬品,5,医薬品,-,-
20260831,459A,野村高利回りＪリート指数ＥＴＦ,ETF・ETN,-,-,-,-,-,-
20260831,460A,ＢＲＡＮＵ,グロース（内国株式）,5250,情報・通信業,10,情報通信・サービスその他,-,-
20260831,4611,大日本塗料,プライム（内国株式）,3200,化学,4,素材・化学,7,TOPIX Small 2
20260831,4612,日本ペイントホールディングス,プライム（内国株式）,3200,化学,4,素材・化学,4,TOPIX Mid400
20260831,4613,関西ペイント,プライム（内国株式）,3200,化学,4,素材・化学,4,TOPIX Mid400
20260831,4615,神東塗料,スタンダード（内国株式）,3200,化学,4,素材・化学,-,-
20260831,4616,川上塗料,スタンダード（内国株式）,3200,化学,4,素材・化学,-,-
20260831,4617,中国塗料,プライム（内国株式）,3200,化学,4,素材・化学,6,TOPIX Small 1
20260831,4619,日本特殊塗料,スタンダード（内国株式）,3200,化学,4,素材・化学,-,-
20260831,461A,ＭＡＸＩＳ日本株高配当ＳＭＡＲＴ５０上場投信,ETF・ETN,-,-,-,-,-,-
20260831,4620,藤倉化成,スタンダード（内国株式）,3200,化学,4,素材・化学,7,TOPIX Small 2
20260831,4623,アサヒペン,スタンダード（内国株式）,3200,化学,4,素材・化学,-,-
20260831,4624,イサム塗料,スタンダード（内国株式）,3200,化学,4,素材・化学,-,-
20260831,4625,アトミクス,スタンダード（内国株式）,3200,化学,4,素材・化学,-,-
20260831,4626,太陽ホールディングス,プライム（内国株式）,3200,化学,4,素材・化学,4,TOPIX Mid400
20260831,4627,ナトコ,スタンダード（内国株式）,3200,化学,4,素材・化学,-,-
20260831,4628,エスケー化研,スタンダード（内国株式）,3200,化学,4,素材・化学,-,-
20260831,4629,大伸化学,スタンダード（内国株式）,3200,化学,4,素材・化学,-,-
20260831,462A,ＦＵＮＤＩＮＮＯ,グロース（内国株式）,7100,証券、商品先物取引業,16,金融（除く銀行）,-,-
20260831,4631,ＤＩＣ,プライム（内国株式）,3200,化学,4,素材・化学,4,TOPIX Mid400
20260831,4633,サカタインクス,プライム（内国株式）,3200,化学,4,素材・化学,6,TOPIX Small 1
20260831,4634,ａｒｔｉｅｎｃｅ,プライム（内国株式）,3200,化学,4,素材・化学,6,TOPIX Small 1
20260831,4635,東京インキ,スタンダード（内国株式）,3200,化学,4,素材・化学,-,-
20260831,463A,インテリックスホールディングス,スタンダード（内国株式）,8050,不動産業,17,不動産,-,-
20260831,4641,アルプス技研,プライム（内国株式）,9050,サービス業,10,情報通信・サービスその他,7,TOPIX Small 2
20260831,4642,オリジナル設計,スタンダード（内国株式）,9050,サービス業,10,情報通信・サービスその他,-,-
20260831,4644,イマジニア,スタンダード（内国株式）,5250,情報・通信業,10,情報通信・サービスその他,-,-
20260831,4645,市進ホールディングス,スタンダード（内国株式）,9050,サービス業,10,情報通信・サービスその他,-,-
20260831,464A,ＱＰＳホールディングス,グロース（内国株式）,5250,情報・通信業,10,情報通信・サービスその他,-,-
20260831,4650,ＳＤエンターテイメント,スタンダード（内国株式）,9050,サービス業,10,情報通信・サービスその他,-,-
20260831,4651,サニックスホールディングス,スタンダード（内国株式）,9050,サービス業,10,情報通信・サービスその他,7,TOPIX Small 2
20260831,4657,環境管理センター,スタンダード（内国株式）,9050,サービス業,10,情報通信・サービスその他,-,-
20260831,4658,日本空調サービス,プライム（内国株式）,9050,サービス業,10,情報通信・サービスその他,7,TOPIX Small 2
20260831,465A,グローバルＸ　日経平均株主還元４０－日本株式　ＥＴＦ,ETF・ETN,-,-,-,-,-,-
20260831,4661,オリエンタルランド,プライム（内国株式）,9050,サービス業,10,情報通信・サービスその他,2,TOPIX Large70
20260831,4662,フォーカスシステムズ,プライム（内国株式）,5250,情報・通信業,10,情報通信・サービスその他,7,TOPIX Small 2
20260831,4664,アール・エス・シー,スタンダード（内国株式）,9050,サービス業,10,情報通信・サービスその他,-,-
20260831,4665,ダスキン,プライム（内国株式）,9050,サービス業,10,情報通信・サービスその他,4,TOPIX Mid400
20260831,4666,パーク２４,プライム（内国株式）,8050,不動産業,17,不動産,4,TOPIX Mid400
20260831,4667,アイサンテクノロジー,スタンダード（内国株式）,5250,情報・通信業,10,情報通信・サービスその他,-,-
20260831,4668,明光ネットワークジャパン,プライム（内国株式）,9050,サービス業,10,情報通信・サービスその他,7,TOPIX Small 2
20260831,466A,グローバルＸ　防衛テック　ＥＴＦ,ETF・ETN,-,-,-,-,-,-
20260831,4671,ファルコホールディングス,スタンダード（内国株式）,9050,サービス業,10,情報通信・サービスその他,7,TOPIX Small 2
20260831,4673,川崎地質,スタンダード（内国株式）,9050,サービス業,10,情報通信・サービスその他,-,-
20260831,4674,クレスコ,プライム（内国株式）,5250,情報・通信業,10,情報通信・サービスその他,7,TOPIX Small 2
20260831,4676,フジ・メディア・ホールディングス,プライム（内国株式）,5250,情報・通信業,10,情報通信・サービスその他,4,TOPIX Mid400
20260831,4678,秀英予備校,スタンダード（内国株式）,9050,サービス業,10,情報通信・サービスその他,-,-
20260831,4679,田谷,スタンダード（内国株式）,9050,サービス業,10,情報通信・サービスその他,-,-
20260831,467A,グローバルＸ　米ドル建て投資適格社債　ＥＴＦ（為替ヘッジあり）,ETF・ETN,-,-,-,-,-,-
20260831,4680,ラウンドワン,プライム（内国株式）,9050,サービス業,10,情報通信・サービスその他,4,TOPIX Mid400
20260831,4681,リゾートトラスト,プライム（内国株式）,9050,サービス業,10,情報通信・サービスその他,4,TOPIX Mid400
20260831,4684,オービック,プライム（内国株式）,5250,情報・通信業,10,情報通信・サービスその他,4,TOPIX Mid400
20260831,4685,菱友システムズ,スタンダード（内国株式）,5250,情報・通信業,10,情報通信・サービスその他,-,-
20260831,4686,ジャストシステム,プライム（内国株式）,5250,情報・通信業,10,情報通信・サービスその他,6,TOPIX Small 1
20260831,4687,ＴＤＣソフト,プライム（内国株式）,5250,情報・通信業,10,情報通信・サービスその他,7,TOPIX Small 2
20260831,4689,ＬＩＮＥヤフー,プライム（内国株式）,5250,情報・通信業,10,情報通信・サービスその他,2,TOPIX Large70
20260831,468A,グローバルＸ　米ドル建て投資適格社債　ＥＴＦ,ETF・ETN,-,-,-,-,-,-
20260831,4691,ワシントンホテル,スタンダード（内国株式）,9050,サービス業,10,情報通信・サービスその他,-,-
20260831,4694,ビー・エム・エル,プライム（内国株式）,9050,サービス業,10,情報通信・サービスその他,6,TOPIX Small 1
20260831,469A,フィットクルー,グロース（内国株式）,9050,サービス業,10,情報通信・サービスその他,-,-
20260831,4704,トレンドマイクロ,プライム（内国株式）,5250,情報・通信業,10,情報通信・サービスその他,4,TOPIX Mid400
20260831,4705,クリップコーポレーション,スタンダード（内国株式）,9050,サービス業,10,情報通信・サービスその他,-,-
20260831,4707,キタック,スタンダード（内国株式）,9050,サービス業,10,情報通信・サービスその他,-,-
20260831,4709,ＩＤホールディングス,プライム（内国株式）,5250,情報・通信業,10,情報通信・サービスその他,7,TOPIX Small 2
20260831,470A,ローカル,PRO Market,6100,小売業,14,小売,-,-
20260831,4712,ＫｅｙＨｏｌｄｅｒ,スタンダード（内国株式）,9050,サービス業,10,情報通信・サービスその他,-,-
20260831,4714,リソー教育グループ,プライム（内国株式）,9050,サービス業,10,情報通信・サービスその他,7,TOPIX Small 2
20260831,4716,日本オラクル,スタンダード（内国株式）,5250,情報・通信業,10,情報通信・サービスその他,4,TOPIX Mid400
20260831,4718,早稲田アカデミー,プライム（内国株式）,9050,サービス業,10,情報通信・サービスその他,7,TOPIX Small 2
20260831,4719,アルファシステムズ,プライム（内国株式）,5250,情報・通信業,10,情報通信・サービスその他,7,TOPIX Small 2
20260831,471A,ＮＳグループ,プライム（内国株式）,7200,その他金融業,16,金融（除く銀行）,7,TOPIX Small 2
20260831,4720,城南進学研究社,スタンダード（内国株式）,9050,サービス業,10,情報通信・サービスその他,-,-
20260831,4722,フューチャー,プライム（内国株式）,5250,情報・通信業,10,情報通信・サービスその他,6,TOPIX Small 1
20260831,4725,ＣＡＣ　Ｈｏｌｄｉｎｇｓ,プライム（内国株式）,5250,情報・通信業,10,情報通信・サービスその他,7,TOPIX Small 2
20260831,4728,トーセ,スタンダード（内国株式）,5250,情報・通信業,10,情報通信・サービスその他,-,-
20260831,472A,ミラティブ,グロース（内国株式）,5250,情報・通信業,10,情報通信・サービスその他,-,-
20260831,4732,ユー・エス・エス,プライム（内国株式）,9050,サービス業,10,情報通信・サービスその他,4,TOPIX Mid400
20260831,4733,オービックビジネスコンサルタント,プライム（内国株式）,5250,情報・通信業,10,情報通信・サービスその他,4,TOPIX Mid400
20260831,4735,京進,スタンダード（内国株式）,9050,サービス業,10,情報通信・サービスその他,-,-
20260831,4736,日本ラッド,スタンダード（内国株式）,5250,情報・通信業,10,情報通信・サービスその他,-,-
20260831,473A,ニッセイＥＴＦ　日経２２５インデックス,ETF・ETN,-,-,-,-,-,-
20260831,4743,アイティフォー,プライム（内国株式）,5250,情報・通信業,10,情報通信・サービスその他,7,TOPIX Small 2
20260831,4746,東計電算,スタンダード（内国株式）,5250,情報・通信業,10,情報通信・サービスその他,7,TOPIX Small 2
20260831,4750,ダイサン,スタンダード（内国株式）,9050,サービス業,10,情報通信・サービスその他,-,-
20260831,4751,サイバーエージェント,プライム（内国株式）,9050,サービス業,10,情報通信・サービスその他,4,TOPIX Mid400
20260831,4752,昭和システムエンジニアリング,スタンダード（内国株式）,5250,情報・通信業,10,情報通信・サービスその他,-,-
20260831,4754,トスネット,スタンダード（内国株式）,9050,サービス業,10,情報通信・サービスその他,-,-
20260831,4755,楽天グループ,プライム（内国株式）,9050,サービス業,10,情報通信・サービスその他,4,TOPIX Mid400
20260831,475A,ギミック,スタンダード（内国株式）,9050,サービス業,10,情報通信・サービスその他,-,-
20260831,4760,アルファ,スタンダード（内国株式）,9050,サービス業,10,情報通信・サービスその他,-,-
20260831,4761,さくらケーシーエス,スタンダード（内国株式）,5250,情報・通信業,10,情報通信・サービスその他,-,-
20260831,4762,エックスネット,スタンダード（内国株式）,5250,情報・通信業,10,情報通信・サービスその他,-,-
20260831,4763,クリーク・アンド・リバー社,プライム（内国株式）,9050,サービス業,10,情報通信・サービスその他,7,TOPIX Small 2
20260831,4765,ＳＢＩグローバルアセットマネジメント,プライム（内国株式）,9050,サービス業,10,情報通信・サービスその他,7,TOPIX Small 2
20260831,4766,ピーエイ,スタンダード（内国株式）,9050,サービス業,10,情報通信・サービスその他,-,-
20260831,4767,テー・オー・ダブリュー,スタンダード（内国株式）,9050,サービス業,10,情報通信・サービスその他,7,TOPIX Small 2
20260831,4768,大塚商会,プライム（内国株式）,5250,情報・通信業,10,情報通信・サービスその他,4,TOPIX Mid400
20260831,4769,ＩＣ,スタンダード（内国株式）,5250,情報・通信業,10,情報通信・サービスその他,-,-
20260831,476A,辻・本郷ＩＴコンサルティング,スタンダード（内国株式）,5250,情報・通信業,10,情報通信・サービスその他,-,-
20260831,4771,エフアンドエム,スタンダード（内国株式）,9050,サービス業,10,情報通信・サービスその他,-,-
20260831,4772,ＳＭ　ＥＮＴＥＲＴＡＩＮＭＥＮＴ　ＪＡＰＡＮ,グロース（内国株式）,5250,情報・通信業,10,情報通信・サービスその他,-,-
20260831,4776,サイボウズ,プライム（内国株式）,5250,情報・通信業,10,情報通信・サービスその他,6,TOPIX Small 1
20260831,4777,ガーラ,スタンダード（内国株式）,5250,情報・通信業,10,情報通信・サービスその他,-,-
20260831,477A,スタートライン,グロース（内国株式）,9050,サービス業,10,情報通信・サービスその他,-,-
20260831,4783,ＮＣＤ,スタンダード（内国株式）,5250,情報・通信業,10,情報通信・サービスその他,-,-
20260831,4784,ＧＭＯインターネット,プライム（内国株式）,9050,サービス業,10,情報通信・サービスその他,7,TOPIX Small 2
20260831,478A,フツパー,グロース（内国株式）,5250,情報・通信業,10,情報通信・サービスその他,-,-
20260831,4792,山田コンサルティンググループ,プライム（内国株式）,9050,サービス業,10,情報通信・サービスその他,7,TOPIX Small 2
20260831,479A,ＰＲＯＮＩ,グロース（内国株式）,5250,情報・通信業,10,情報通信・サービスその他,-,-
20260831,4800,オリコン,スタンダード（内国株式）,5250,情報・通信業,10,情報通信・サービスその他,-,-
20260831,4801,セントラルスポーツ,プライム（内国株式）,9050,サービス業,10,情報通信・サービスその他,7,TOPIX Small 2
20260831,4809,パラカ,プライム（内国株式）,8050,不動産業,17,不動産,7,TOPIX Small 2
20260831,480A,リブ・コンサルティング,グロース（内国株式）,9050,サービス業,10,情報通信・サービスその他,-,-
20260831,4811,ドリーム・アーツ,グロース（内国株式）,5250,情報・通信業,10,情報通信・サービスその他,-,-
20260831,4812,電通総研,プライム（内国株式）,5250,情報・通信業,10,情報通信・サービスその他,6,TOPIX Small 1
20260831,4813,ＡＣＣＥＳＳ,プライム（内国株式）,5250,情報・通信業,10,情報通信・サービスその他,-,-
20260831,4814,ネクストウェア,スタンダード（内国株式）,5250,情報・通信業,10,情報通信・サービスその他,-,-
20260831,4816,東映アニメーション,スタンダード（内国株式）,5250,情報・通信業,10,情報通信・サービスその他,-,-
20260831,4819,デジタルガレージ,プライム（内国株式）,5250,情報・通信業,10,情報通信・サービスその他,6,TOPIX Small 1
20260831,481A,ＪＳｅｃｕｒｉｔｙ,PRO Market,5250,情報・通信業,10,情報通信・サービスその他,-,-
20260831,4820,イーエムシステムズ,プライム（内国株式）,5250,情報・通信業,10,情報通信・サービスその他,7,TOPIX Small 2
20260831,4825,ウェザーニューズ,プライム（内国株式）,5250,情報・通信業,10,情報通信・サービスその他,6,TOPIX Small 1
20260831,4826,ＣＩＪ,プライム（内国株式）,5250,情報・通信業,10,情報通信・サービスその他,7,TOPIX Small 2
20260831,4828,ビジネスエンジニアリング,プライム（内国株式）,5250,情報・通信業,10,情報通信・サービスその他,7,TOPIX Small 2
20260831,4829,日本エンタープライズ,スタンダード（内国株式）,5250,情報・通信業,10,情報通信・サービスその他,-,-
20260831,4832,ＪＦＥシステムズ,スタンダード（内国株式）,5250,情報・通信業,10,情報通信・サービスその他,-,-
20260831,4833,Ｄｅｆ　ｃｏｎｓｕｌｔｉｎｇ,グロース（内国株式）,9050,サービス業,10,情報通信・サービスその他,-,-
20260831,4838,スペースシャワーＳＫＩＹＡＫＩホールディングス,スタンダード（内国株式）,5250,情報・通信業,10,情報通信・サービスその他,-,-
20260831,4839,ＷＯＷＯＷ,プライム（内国株式）,5250,情報・通信業,10,情報通信・サービスその他,7,TOPIX Small 2
20260831,483A,テラテクノロジー,スタンダード（内国株式）,5250,情報・通信業,10,情報通信・サービスその他,-,-
20260831,4840,トライアイズ,スタンダード（内国株式）,9050,サービス業,10,情報通信・サービスその他,-,-
20260831,4845,スカラ,スタンダード（内国株式）,5250,情報・通信業,10,情報通信・サービスその他,7,TOPIX Small 2
20260831,4847,インテリジェント　ウェイブ,プライム（内国株式）,5250,情報・通信業,10,情報通信・サービスその他,-,-
20260831,4848,フルキャストホールディングス,プライム（内国株式）,9050,サービス業,10,情報通信・サービスその他,7,TOPIX Small 2
20260831,4849,エン,プライム（内国株式）,9050,サービス業,10,情報通信・サービスその他,6,TOPIX Small 1
20260831,484A,ニューズドテック,PRO Market,6100,小売業,14,小売,-,-
20260831,485A,パワーエックス,グロース（内国株式）,3650,電気機器,9,電機・精密,-,-
20260831,486A,ＮＥＸＴ　ＦＵＮＤＳ　ユーロ・ストックス５０指数（為替ヘッジなし）連動型上場投信,ETF・ETN,-,-,-,-,-,-
20260831,4875,メディシノバ・インク,スタンダード（外国株式）,3250,医薬品,5,医薬品,-,-
20260831,487A,ＮＥＸＴ　ＦＵＮＤＳ　ドイツ株式・ＤＡＸ（為替ヘッジなし）連動型上場投信,ETF・ETN,-,-,-,-,-,-
20260831,4880,セルソース,スタンダード（内国株式）,3250,医薬品,5,医薬品,7,TOPIX Small 2
20260831,4881,ファンペップ,グロース（内国株式）,3250,医薬品,5,医薬品,-,-
20260831,4882,ペルセウスプロテオミクス,グロース（内国株式）,3250,医薬品,5,医薬品,-,-
20260831,4883,モダリス,グロース（内国株式）,3250,医薬品,5,医薬品,-,-
20260831,4884,クリングルファーマ,グロース（内国株式）,3250,医薬品,5,医薬品,-,-
20260831,4885,室町ケミカル,スタンダード（内国株式）,3250,医薬品,5,医薬品,-,-
20260831,4886,あすか製薬ホールディングス,プライム（内国株式）,3250,医薬品,5,医薬品,7,TOPIX Small 2
20260831,4887,サワイグループホールディングス,プライム（内国株式）,3250,医薬品,5,医薬品,4,TOPIX Mid400
20260831,4888,ステラファーマ,グロース（内国株式）,3250,医薬品,5,医薬品,-,-
20260831,4889,レナサイエンス,グロース（内国株式）,3250,医薬品,5,医薬品,-,-
20260831,488A,ｉシェアーズ　円高フォーカス　ＥＴＦ,ETF・ETN,-,-,-,-,-,-
20260831,4890,坪田ラボ,グロース（内国株式）,3250,医薬品,5,医薬品,-,-
20260831,4891,ティムス,グロース（内国株式）,3250,医薬品,5,医薬品,-,-
20260831,4892,サイフューズ,グロース（内国株式）,3250,医薬品,5,医薬品,-,-
20260831,4893,ノイルイミューン・バイオテック,グロース（内国株式）,3250,医薬品,5,医薬品,-,-
20260831,4894,クオリプス,グロース（内国株式）,3250,医薬品,5,医薬品,-,-
20260831,4896,ケイファーマ,グロース（内国株式）,3250,医薬品,5,医薬品,-,-
20260831,489A,東証ＲＥＩＴ物流フォーカスＥＴＦ,ETF・ETN,-,-,-,-,-,-
20260831,4901,富士フイルムホールディングス,プライム（内国株式）,3200,化学,4,素材・化学,2,TOPIX Large70
20260831,4902,コニカミノルタ,プライム（内国株式）,3650,電気機器,9,電機・精密,4,TOPIX Mid400
20260831,490A,センス・トラスト,PRO Market,8050,不動産業,17,不動産,-,-
20260831,4911,資生堂,プライム（内国株式）,3200,化学,4,素材・化学,4,TOPIX Mid400
20260831,4912,ライオン,プライム（内国株式）,3200,化学,4,素材・化学,4,TOPIX Mid400
20260831,4914,高砂香料工業,プライム（内国株式）,3200,化学,4,素材・化学,6,TOPIX Small 1
20260831,4918,アイビー化粧品,スタンダード（内国株式）,3200,化学,4,素材・化学,-,-
20260831,4919,ミルボン,プライム（内国株式）,3200,化学,4,素材・化学,6,TOPIX Small 1
20260831,491A,ｉシェアーズ　Ｓ＆Ｐ　５００　除く金融　ＥＴＦ（為替ヘッジあり）,ETF・ETN,-,-,-,-,-,-
20260831,4920,日本色材工業研究所,スタンダード（内国株式）,3200,化学,4,素材・化学,-,-
20260831,4922,コーセーホールディングス,プライム（内国株式）,3200,化学,4,素材・化学,4,TOPIX Mid400
20260831,4923,コタ,プライム（内国株式）,3200,化学,4,素材・化学,7,TOPIX Small 2
20260831,4925,ハーバー研究所,スタンダード（内国株式）,3200,化学,4,素材・化学,-,-
20260831,4926,シーボン,スタンダード（内国株式）,3200,化学,4,素材・化学,-,-
20260831,4927,ポーラ・オルビスホールディングス,プライム（内国株式）,3200,化学,4,素材・化学,4,TOPIX Mid400
20260831,4928,ノエビアホールディングス,プライム（内国株式）,3200,化学,4,素材・化学,6,TOPIX Small 1
20260831,4929,アジュバンホールディングス,スタンダード（内国株式）,3200,化学,4,素材・化学,-,-
20260831,492A,Ｏｎｅ　ＥＴＦ　日本国債　高クーポン（平均残存１０年未満）,ETF・ETN,-,-,-,-,-,-
20260831,4931,新日本製薬,プライム（内国株式）,3200,化学,4,素材・化学,7,TOPIX Small 2
20260831,4932,アルマード,スタンダード（内国株式）,3200,化学,4,素材・化学,-,-
20260831,4933,Ｉ－ｎｅ,プライム（内国株式）,3200,化学,4,素材・化学,7,TOPIX Small 2
20260831,4934,プレミアアンチエイジング,グロース（内国株式）,3200,化学,4,素材・化学,-,-
20260831,4935,リベルタ,スタンダード（内国株式）,3200,化学,4,素材・化学,-,-
20260831,4936,アクシージア,スタンダード（内国株式）,3200,化学,4,素材・化学,7,TOPIX Small 2
20260831,4937,Ｗａｑｏｏ,グロース（内国株式）,3200,化学,4,素材・化学,-,-
20260831,493A,Ｏｎｅ　ＥＴＦ　日本国債　１－３年,ETF・ETN,-,-,-,-,-,-
20260831,494A,Ｏｎｅ　ＥＴＦ　日本国債　３－７年,ETF・ETN,-,-,-,-,-,-
20260831,4951,エステー,プライム（内国株式）,3200,化学,4,素材・化学,7,TOPIX Small 2
20260831,4956,コニシ,プライム（内国株式）,3200,化学,4,素材・化学,7,TOPIX Small 2
20260831,4958,長谷川香料,プライム（内国株式）,3200,化学,4,素材・化学,6,TOPIX Small 1
20260831,495A,Ｏｎｅ　ＥＴＦ　日本国債　７－１０年,ETF・ETN,-,-,-,-,-,-
20260831,4960,ケミプロ化成,スタンダード（内国株式）,3200,化学,4,素材・化学,-,-
20260831,4966,上村工業,スタンダード（内国株式）,3200,化学,4,素材・化学,-,-
20260831,4967,小林製薬,プライム（内国株式）,3200,化学,4,素材・化学,4,TOPIX Mid400
20260831,4968,荒川化学工業,プライム（内国株式）,3200,化学,4,素材・化学,7,TOPIX Small 2
20260831,496A,Ｏｎｅ　ＥＴＦ　日本国債　１７－２０年,ETF・ETN,-,-,-,-,-,-
20260831,4970,東洋合成工業,スタンダード（内国株式）,3200,化学,4,素材・化学,-,-
20260831,4971,メック,プライム（内国株式）,3200,化学,4,素材・化学,6,TOPIX Small 1
20260831,4972,綜研化学,スタンダード（内国株式）,3200,化学,4,素材・化学,-,-
20260831,4973,日本高純度化学,プライム（内国株式）,3200,化学,4,素材・化学,7,TOPIX Small 2
20260831,4975,ＪＣＵ,プライム（内国株式）,3200,化学,4,素材・化学,6,TOPIX Small 1
20260831,4976,東洋ドライルーブ,スタンダード（内国株式）,3200,化学,4,素材・化学,-,-
20260831,4977,新田ゼラチン,スタンダード（内国株式）,3200,化学,4,素材・化学,-,-
20260831,4978,リプロセル,グロース（内国株式）,3200,化学,4,素材・化学,-,-
20260831,4979,ＯＡＴアグリオ,スタンダード（内国株式）,3200,化学,4,素材・化学,7,TOPIX Small 2
20260831,497A,インバウンド消費関連　日本株（ネットリターン）ＥＴＮ,ETF・ETN,-,-,-,-,-,-
20260831,4980,デクセリアルズ,プライム（内国株式）,3200,化学,4,素材・化学,4,TOPIX Mid400
20260831,4985,アース製薬,プライム（内国株式）,3200,化学,4,素材・化学,6,TOPIX Small 1
20260831,498A,防衛・航空宇宙　欧州株（ネットリターン）ＥＴＮ,ETF・ETN,-,-,-,-,-,-
20260831,4990,昭和化学工業,スタンダード（内国株式）,3200,化学,4,素材・化学,-,-
20260831,4992,北興化学工業,スタンダード（内国株式）,3200,化学,4,素材・化学,7,TOPIX Small 2
20260831,4994,大成ラミックグループ,スタンダード（内国株式）,3200,化学,4,素材・化学,7,TOPIX Small 2
20260831,4996,クミアイ化学工業,プライム（内国株式）,3200,化学,4,素材・化学,6,TOPIX Small 1
20260831,4997,日本農薬,プライム（内国株式）,3200,化学,4,素材・化学,7,TOPIX Small 2
20260831,4998,フマキラー,スタンダード（内国株式）,3200,化学,4,素材・化学,-,-
20260831,499A,ラグジュアリー厳選１０　欧州株（ネットリターン）ＥＴＮ,ETF・ETN,-,-,-,-,-,-
20260831,500A,ＴＯブックス,スタンダード（内国株式）,5250,情報・通信業,10,情報通信・サービスその他,-,-
20260831,5010,日本精蝋,スタンダード（内国株式）,3300,石油・石炭製品,2,エネルギー資源,-,-
20260831,5011,ニチレキグループ,プライム（内国株式）,3300,石油・石炭製品,2,エネルギー資源,7,TOPIX Small 2
20260831,5013,ユシロ,スタンダード（内国株式）,3300,石油・石炭製品,2,エネルギー資源,7,TOPIX Small 2
20260831,5015,ビーピー・カストロール,スタンダード（内国株式）,3300,石油・石炭製品,2,エネルギー資源,-,-
20260831,5016,ＪＸ金属,プライム（内国株式）,3500,非鉄金属,7,鉄鋼・非鉄,4,TOPIX Mid400
20260831,5018,ＭＯＲＥＳＣＯ,スタンダード（内国株式）,3300,石油・石炭製品,2,エネルギー資源,-,-
20260831,5019,出光興産,プライム（内国株式）,3300,石油・石炭製品,2,エネルギー資源,4,TOPIX Mid400
20260831,501A,プレシャスパートナーズ,PRO Market,9050,サービス業,10,情報通信・サービスその他,-,-
20260831,5020,ＥＮＥＯＳホールディングス,プライム（内国株式）,3300,石油・石炭製品,2,エネルギー資源,2,TOPIX Large70
20260831,5021,コスモエネルギーホールディングス,プライム（内国株式）,3300,石油・石炭製品,2,エネルギー資源,4,TOPIX Mid400
20260831,5025,マーキュリー,グロース（内国株式）,5250,情報・通信業,10,情報通信・サービスその他,-,-
20260831,5026,トリプルアイズ,グロース（内国株式）,5250,情報・通信業,10,情報通信・サービスその他,-,-
20260831,5027,ＡｎｙＭｉｎｄ　Ｇｒｏｕｐ,グロース（内国株式）,5250,情報・通信業,10,情報通信・サービスその他,-,-
20260831,5028,セカンドサイトアナリティカ,グロース（内国株式）,5250,情報・通信業,10,情報通信・サービスその他,-,-
20260831,5029,サークレイス,グロース（内国株式）,5250,情報・通信業,10,情報通信・サービスその他,-,-
20260831,502A,グローバルＸ　超短期円建て債券　ＥＴＦ,ETF・ETN,-,-,-,-,-,-
20260831,5031,モイ,グロース（内国株式）,5250,情報・通信業,10,情報通信・サービスその他,-,-
20260831,5032,ＡＮＹＣＯＬＯＲ,プライム（内国株式）,5250,情報・通信業,10,情報通信・サービスその他,6,TOPIX Small 1
20260831,5033,ヌーラボ,グロース（内国株式）,5250,情報・通信業,10,情報通信・サービスその他,-,-
20260831,5034,ｕｎｅｒｒｙ,グロース（内国株式）,5250,情報・通信業,10,情報通信・サービスその他,-,-
20260831,5035,ＨＯＵＳＥＩ,グロース（内国株式）,5250,情報・通信業,10,情報通信・サービスその他,-,-
20260831,5036,日本ビジネスシステムズ,プライム（内国株式）,5250,情報・通信業,10,情報通信・サービスその他,7,TOPIX Small 2
20260831,5037,フィットワークス,PRO Market,5250,情報・通信業,10,情報通信・サービスその他,-,-
20260831,5038,ｅＷｅＬＬ,グロース（内国株式）,5250,情報・通信業,10,情報通信・サービスその他,-,-
20260831,503A,ベルチャイルド,PRO Market,5250,情報・通信業,10,情報通信・サービスその他,-,-
20260831,504A,イノバセル,グロース（内国株式）,3250,医薬品,5,医薬品,-,-
20260831,505A,ギークリー,スタンダード（内国株式）,9050,サービス業,10,情報通信・サービスその他,-,-
20260831,506A,シンカナース,PRO Market,9050,サービス業,10,情報通信・サービスその他,-,-
20260831,5071,ヴィス,スタンダード（内国株式）,9050,サービス業,10,情報通信・サービスその他,-,-
20260831,5072,アートフォースジャパン,PRO Market,2050,建設業,3,建設・資材,-,-
20260831,5074,テスホールディングス,プライム（内国株式）,2050,建設業,3,建設・資材,7,TOPIX Small 2
20260831,5076,インフロニア・ホールディングス,プライム（内国株式）,2050,建設業,3,建設・資材,4,TOPIX Mid400
20260831,50765,インフロニア・ホールディングス第１回社債型種類株式,プライム（内国株式）,2050,建設業,3,建設・資材,-,-
20260831,5077,ハンズ,PRO Market,2050,建設業,3,建設・資材,-,-
20260831,5078,セレコーポレーション,スタンダード（内国株式）,2050,建設業,3,建設・資材,-,-
20260831,5079,ノバック,スタンダード（内国株式）,2050,建設業,3,建設・資材,-,-
20260831,507A,デジタル・ナレッジ,PRO Market,5250,情報・通信業,10,情報通信・サービスその他,-,-
20260831,509A,グリーンライト・再エネインフラ投資法人,REIT・ベンチャーファンド・カントリーファンド・インフラファンド,-,-,-,-,-,-
20260831,5101,横浜ゴム,プライム（内国株式）,3350,ゴム製品,6,自動車・輸送機,4,TOPIX Mid400
20260831,5105,ＴＯＹＯ　ＴＩＲＥ,プライム（内国株式）,3350,ゴム製品,6,自動車・輸送機,4,TOPIX Mid400
20260831,5108,ブリヂストン,プライム（内国株式）,3350,ゴム製品,6,自動車・輸送機,2,TOPIX Large70
20260831,510A,ハートアップ,PRO Market,9050,サービス業,10,情報通信・サービスその他,-,-
20260831,5110,住友ゴム工業,プライム（内国株式）,3350,ゴム製品,6,自動車・輸送機,4,TOPIX Mid400
20260831,511A,ヴァンガードスミス,PRO Market,9050,サービス業,10,情報通信・サービスその他,-,-
20260831,5121,藤倉コンポジット,プライム（内国株式）,3350,ゴム製品,6,自動車・輸送機,7,TOPIX Small 2
20260831,5122,オカモト,プライム（内国株式）,3350,ゴム製品,6,自動車・輸送機,7,TOPIX Small 2
20260831,5125,ファインズ,グロース（内国株式）,5250,情報・通信業,10,情報通信・サービスその他,-,-
20260831,5126,ポーターズ,グロース（内国株式）,5250,情報・通信業,10,情報通信・サービスその他,-,-
20260831,5129,ＦＩＸＥＲ,グロース（内国株式）,5250,情報・通信業,10,情報通信・サービスその他,-,-
20260831,512A,グローバルＸ　ステーブルコイン＆トークンビジネス　ＥＴＦ（除く日本）,ETF・ETN,-,-,-,-,-,-
20260831,5130,ヒロホールディングス,PRO Market,5250,情報・通信業,10,情報通信・サービスその他,-,-
20260831,5131,リンカーズ,グロース（内国株式）,5250,情報・通信業,10,情報通信・サービスその他,-,-
20260831,5132,ｐｌｕｓｚｅｒｏ,グロース（内国株式）,5250,情報・通信業,10,情報通信・サービスその他,-,-
20260831,5133,テリロジーホールディングス,スタンダード（内国株式）,5250,情報・通信業,10,情報通信・サービスその他,-,-
20260831,5134,ＰＯＰＥＲ,グロース（内国株式）,5250,情報・通信業,10,情報通信・サービスその他,-,-
20260831,5135,ＡＩＲ－Ｕ,PRO Market,5250,情報・通信業,10,情報通信・サービスその他,-,-
20260831,5136,ｔｒｉｐｌａ,グロース（内国株式）,5250,情報・通信業,10,情報通信・サービスその他,-,-
20260831,5137,スマートドライブ,グロース（内国株式）,5250,情報・通信業,10,情報通信・サービスその他,-,-
20260831,5138,Ｒｅｂａｓｅ,グロース（内国株式）,5250,情報・通信業,10,情報通信・サービスその他,-,-
20260831,5139,オープンワーク,グロース（内国株式）,5250,情報・通信業,10,情報通信・サービスその他,-,-
20260831,513A,グローバルＸ　防衛テック－日本株式　ＥＴＦ,ETF・ETN,-,-,-,-,-,-
20260831,5142,アキレス,プライム（内国株式）,3200,化学,4,素材・化学,7,TOPIX Small 2
20260831,514A,孫の手,PRO Market,9050,サービス業,10,情報通信・サービスその他,-,-
20260831,515A,ｉシェアーズ　高格付け日本円社債　ＥＴＦ,ETF・ETN,-,-,-,-,-,-
20260831,5161,西川ゴム工業,スタンダード（内国株式）,3350,ゴム製品,6,自動車・輸送機,-,-
20260831,5162,朝日ラバー,スタンダード（内国株式）,3350,ゴム製品,6,自動車・輸送機,-,-
20260831,516A,ｉＦｒｅｅＥＴＦ　米ドル・ブル（１倍）,ETF・ETN,-,-,-,-,-,-
20260831,517A,ｉＦｒｅｅＥＴＦ　米ドル・ベア（１倍）,ETF・ETN,-,-,-,-,-,-
20260831,5184,ニチリン,スタンダード（内国株式）,3350,ゴム製品,6,自動車・輸送機,-,-
20260831,5185,フコク,プライム（内国株式）,3350,ゴム製品,6,自動車・輸送機,7,TOPIX Small 2
20260831,5186,ニッタ,プライム（内国株式）,3350,ゴム製品,6,自動車・輸送機,7,TOPIX Small 2
20260831,5187,クリエートメディック,スタンダード（内国株式）,3750,精密機器,9,電機・精密,-,-
20260831,5189,櫻護謨,スタンダード（内国株式）,3350,ゴム製品,6,自動車・輸送機,-,-
20260831,518A,ＮＥＸＴ　ＦＵＮＤＳ　ＦＴＳＥ日本株高配当キャッシュフロー５０指数連動型上場投信,ETF・ETN,-,-,-,-,-,-
20260831,5192,三ツ星ベルト,プライム（内国株式）,3350,ゴム製品,6,自動車・輸送機,6,TOPIX Small 1
20260831,5194,相模ゴム工業,スタンダード（内国株式）,3350,ゴム製品,6,自動車・輸送機,-,-
20260831,5195,バンドー化学,プライム（内国株式）,3350,ゴム製品,6,自動車・輸送機,7,TOPIX Small 2
20260831,5199,不二ラテックス,スタンダード（内国株式）,3350,ゴム製品,6,自動車・輸送機,-,-
20260831,519A,ベーシック,グロース（内国株式）,5250,情報・通信業,10,情報通信・サービスその他,-,-
20260831,5201,ＡＧＣ,プライム（内国株式）,3400,ガラス・土石製品,3,建設・資材,4,TOPIX Mid400
20260831,5202,日本板硝子,プライム（内国株式）,3400,ガラス・土石製品,3,建設・資材,6,TOPIX Small 1
20260831,5204,石塚硝子,スタンダード（内国株式）,3400,ガラス・土石製品,3,建設・資材,-,-
20260831,5208,有沢製作所,プライム（内国株式）,3200,化学,4,素材・化学,6,TOPIX Small 1
20260831,520A,ジェイファーマ,グロース（内国株式）,3250,医薬品,5,医薬品,-,-
20260831,5210,日本山村硝子,スタンダード（内国株式）,3400,ガラス・土石製品,3,建設・資材,-,-
20260831,5214,日本電気硝子,プライム（内国株式）,3400,ガラス・土石製品,3,建設・資材,4,TOPIX Mid400
20260831,5216,倉元製作所,スタンダード（内国株式）,3400,ガラス・土石製品,3,建設・資材,-,-
20260831,5218,オハラ,スタンダード（内国株式）,3400,ガラス・土石製品,3,建設・資材,7,TOPIX Small 2
20260831,521A,ｉＦｒｅｅＥＴＦ　ＦＡＮＧ＋ゴールド,ETF・ETN,-,-,-,-,-,-
20260831,522A,ＣＯＥＬ,PRO Market,5250,情報・通信業,10,情報通信・サービスその他,-,-
20260831,5232,住友大阪セメント,プライム（内国株式）,3400,ガラス・土石製品,3,建設・資材,4,TOPIX Mid400
20260831,5233,太平洋セメント,プライム（内国株式）,3400,ガラス・土石製品,3,建設・資材,4,TOPIX Mid400
20260831,5237,ノザワ,スタンダード（内国株式）,3400,ガラス・土石製品,3,建設・資材,-,-
20260831,523A,セイワホールディングス,グロース（内国株式）,3550,金属製品,3,建設・資材,-,-
20260831,5240,ｍｏｎｏＡＩ　ｔｅｃｈｎｏｌｏｇｙ,グロース（内国株式）,5250,情報・通信業,10,情報通信・サービスその他,-,-
20260831,5242,アイズ,グロース（内国株式）,5250,情報・通信業,10,情報通信・サービスその他,-,-
20260831,5243,ｎｏｔｅ,グロース（内国株式）,5250,情報・通信業,10,情報通信・サービスその他,-,-
20260831,5244,ｊｉｇ．ｊｐ,グロース（内国株式）,5250,情報・通信業,10,情報通信・サービスその他,-,-
20260831,5246,ＥＬＥＭＥＮＴＳ,グロース（内国株式）,5250,情報・通信業,10,情報通信・サービスその他,-,-
20260831,5247,ＢＴＭ,グロース（内国株式）,5250,情報・通信業,10,情報通信・サービスその他,-,-
20260831,5248,テクノロジーズ,グロース（内国株式）,5250,情報・通信業,10,情報通信・サービスその他,-,-
20260831,5249,あさかわシステムズ,PRO Market,5250,情報・通信業,10,情報通信・サービスその他,-,-
20260831,524A,田村ビルズグループ,PRO Market,8050,不動産業,17,不動産,-,-
20260831,5250,ＧＭＯプライム・ストラテジー,スタンダード（内国株式）,5250,情報・通信業,10,情報通信・サービスその他,-,-
20260831,5251,ウイズ・ワン,PRO Market,5250,情報・通信業,10,情報通信・サービスその他,-,-
20260831,5252,日本ナレッジ,グロース（内国株式）,5250,情報・通信業,10,情報通信・サービスその他,-,-
20260831,5253,カバー,グロース（内国株式）,5250,情報・通信業,10,情報通信・サービスその他,-,-
20260831,5254,Ａｒｅｎｔ,グロース（内国株式）,5250,情報・通信業,10,情報通信・サービスその他,-,-
20260831,5255,モンスターラボ,グロース（内国株式）,5250,情報・通信業,10,情報通信・サービスその他,-,-
20260831,5256,Ｆｕｓｉｃ,グロース（内国株式）,5250,情報・通信業,10,情報通信・サービスその他,-,-
20260831,5257,ノバシステム,スタンダード（内国株式）,5250,情報・通信業,10,情報通信・サービスその他,-,-
20260831,5258,トランザクション・メディア・ネットワークス,グロース（内国株式）,5250,情報・通信業,10,情報通信・サービスその他,-,-
20260831,525A,ｍａｎｅｂｉ,PRO Market,5250,情報・通信業,10,情報通信・サービスその他,-,-
20260831,5261,リソルホールディングス,プライム（内国株式）,9050,サービス業,10,情報通信・サービスその他,-,-
20260831,5262,日本ヒューム,プライム（内国株式）,3400,ガラス・土石製品,3,建設・資材,6,TOPIX Small 1
20260831,5268,旭コンクリート工業,スタンダード（内国株式）,3400,ガラス・土石製品,3,建設・資材,-,-
20260831,5269,日本コンクリート工業,プライム（内国株式）,3400,ガラス・土石製品,3,建設・資材,7,TOPIX Small 2
20260831,526A,ＪＰＸスタートアップ急成長１００ＥＴＦ,ETF・ETN,-,-,-,-,-,-
20260831,5271,トーヨーアサノ,スタンダード（内国株式）,3400,ガラス・土石製品,3,建設・資材,-,-
20260831,5273,三谷セキサン,スタンダード（内国株式）,3400,ガラス・土石製品,3,建設・資材,7,TOPIX Small 2
20260831,5279,日本興業,スタンダード（内国株式）,3400,ガラス・土石製品,3,建設・資材,-,-
20260831,527A,ＮＯＳＥ　ＳＨＯＰ,PRO Market,6100,小売業,14,小売,-,-
20260831,5280,ヨシコン,スタンダード（内国株式）,8050,不動産業,17,不動産,-,-
20260831,5282,ジオスター,スタンダード（内国株式）,3400,ガラス・土石製品,3,建設・資材,-,-
20260831,5283,高見澤,スタンダード（内国株式）,6050,卸売業,13,商社・卸売,-,-
20260831,5284,ヤマウホールディングス,スタンダード（内国株式）,3400,ガラス・土石製品,3,建設・資材,-,-
20260831,5285,ヤマックス,スタンダード（内国株式）,3400,ガラス・土石製品,3,建設・資材,-,-
20260831,5287,イトーヨーギョー,スタンダード（内国株式）,3400,ガラス・土石製品,3,建設・資材,-,-
20260831,5288,アジアパイルホールディングス,プライム（内国株式）,3400,ガラス・土石製品,3,建設・資材,7,TOPIX Small 2
20260831,528A,フリースタイル,PRO Market,5250,情報・通信業,10,情報通信・サービスその他,-,-
20260831,5290,ベルテクスコーポレーション,スタンダード（内国株式）,3400,ガラス・土石製品,3,建設・資材,-,-
20260831,5301,東海カーボン,プライム（内国株式）,3400,ガラス・土石製品,3,建設・資材,4,TOPIX Mid400
20260831,5302,日本カーボン,プライム（内国株式）,3400,ガラス・土石製品,3,建設・資材,6,TOPIX Small 1
20260831,5304,ＳＥＣカーボン,スタンダード（内国株式）,3400,ガラス・土石製品,3,建設・資材,-,-
20260831,530A,ＮＺＡＭ　上場投信　東証ＲＥＩＴ指数（２・５・８・１１月決算型）,ETF・ETN,-,-,-,-,-,-
20260831,5310,東洋炭素,プライム（内国株式）,3400,ガラス・土石製品,3,建設・資材,6,TOPIX Small 1
20260831,531A,ＮＺＡＭ　上場投信　日経平均高配当株５０,ETF・ETN,-,-,-,-,-,-
20260831,532A,ＮＺＡＭ　上場投信　ＴＯＰＩＸ高配当４０,ETF・ETN,-,-,-,-,-,-
20260831,5331,ノリタケ,プライム（内国株式）,3400,ガラス・土石製品,3,建設・資材,6,TOPIX Small 1
20260831,5332,ＴＯＴＯ,プライム（内国株式）,3400,ガラス・土石製品,3,建設・資材,4,TOPIX Mid400
20260831,5333,ＮＧＫ,プライム（内国株式）,3400,ガラス・土石製品,3,建設・資材,4,TOPIX Mid400
20260831,5334,日本特殊陶業,プライム（内国株式）,3400,ガラス・土石製品,3,建設・資材,4,TOPIX Mid400
20260831,5337,ダントーホールディングス,スタンダード（内国株式）,3400,ガラス・土石製品,3,建設・資材,-,-
20260831,533A,ＮＺＡＭ　上場投信　Ｓ＆Ｐ５００（為替ヘッジなし）,ETF・ETN,-,-,-,-,-,-
20260831,5341,ＡＳＡＨＩ　ＥＩＴＯホールディングス,スタンダード（内国株式）,3400,ガラス・土石製品,3,建設・資材,-,-
20260831,5344,ＭＡＲＵＷＡ,プライム（内国株式）,3400,ガラス・土石製品,3,建設・資材,4,TOPIX Mid400
20260831,534A,ＮＺＡＭ　上場投信　ＮＡＳＤＡＱ１００（為替ヘッジなし）,ETF・ETN,-,-,-,-,-,-
20260831,5351,品川リフラ,プライム（内国株式）,3400,ガラス・土石製品,3,建設・資材,6,TOPIX Small 1
20260831,5355,日本坩堝,スタンダード（内国株式）,3400,ガラス・土石製品,3,建設・資材,-,-
20260831,5356,美濃窯業,スタンダード（内国株式）,3400,ガラス・土石製品,3,建設・資材,-,-
20260831,5357,ヨータイ,プライム（内国株式）,3400,ガラス・土石製品,3,建設・資材,7,TOPIX Small 2
20260831,535A,ＮＺＡＭ　上場投信　ＤＡＸ（為替ヘッジなし）,ETF・ETN,-,-,-,-,-,-
20260831,5363,東京窯業,スタンダード（内国株式）,3400,ガラス・土石製品,3,建設・資材,-,-
20260831,5367,ニッカトー,スタンダード（内国株式）,3400,ガラス・土石製品,3,建設・資材,-,-
20260831,5368,日本インシュレーション,スタンダード（内国株式）,3400,ガラス・土石製品,3,建設・資材,-,-
20260831,536A,ＮＺＡＭ　上場投信　先進国株式（ＭＳＣＩ－ＫＯＫＵＳＡＩ）（為替ヘッジなし）,ETF・ETN,-,-,-,-,-,-
20260831,537A,ＮＺＡＭ　上場投信　全世界株式（ＭＳＣＩ　ＡＣＷＩ）（為替ヘッジなし）,ETF・ETN,-,-,-,-,-,-
20260831,5380,新東,スタンダード（内国株式）,3400,ガラス・土石製品,3,建設・資材,-,-
20260831,5381,マイポックス,スタンダード（内国株式）,3400,ガラス・土石製品,3,建設・資材,-,-
20260831,5384,フジミインコーポレーテッド,プライム（内国株式）,3400,ガラス・土石製品,3,建設・資材,6,TOPIX Small 1
20260831,5388,クニミネ工業,スタンダード（内国株式）,3400,ガラス・土石製品,3,建設・資材,-,-
20260831,538A,ＮＺＡＭ　上場投信　米国国債７－１０年（為替ヘッジなし）,ETF・ETN,-,-,-,-,-,-
20260831,5391,エーアンドエーマテリアル,スタンダード（内国株式）,3400,ガラス・土石製品,3,建設・資材,-,-
20260831,5393,ニチアス,プライム（内国株式）,3400,ガラス・土石製品,3,建設・資材,4,TOPIX Mid400
20260831,539A,ＮＺＡＭ　上場投信　海外債券（ＦＴＳＥ　ＷＧＢＩ除く日本）（為替ヘッジなし）,ETF・ETN,-,-,-,-,-,-
20260831,5401,日本製鉄,プライム（内国株式）,3450,鉄鋼,7,鉄鋼・非鉄,2,TOPIX Large70
20260831,5406,神戸製鋼所,プライム（内国株式）,3450,鉄鋼,7,鉄鋼・非鉄,4,TOPIX Mid400
20260831,5408,中山製鋼所,プライム（内国株式）,3450,鉄鋼,7,鉄鋼・非鉄,7,TOPIX Small 2
20260831,540A,上場インデックスファンド日経銀行株トップ１０,ETF・ETN,-,-,-,-,-,-
20260831,5410,合同製鐵,プライム（内国株式）,3450,鉄鋼,7,鉄鋼・非鉄,6,TOPIX Small 1
20260831,5411,ＪＦＥホールディングス,プライム（内国株式）,3450,鉄鋼,7,鉄鋼・非鉄,4,TOPIX Mid400
20260831,541A,Ｏｎｅ　ＥＴＦ　ＴＯＰＩＸ高配当株グロース指数,ETF・ETN,-,-,-,-,-,-
20260831,5423,東京製鐵,プライム（内国株式）,3450,鉄鋼,7,鉄鋼・非鉄,6,TOPIX Small 1
20260831,542A,ビタブリッドジャパン,グロース（内国株式）,3200,化学,4,素材・化学,-,-
20260831,543A,ＡＲＣＨＩＯＮ,プライム（内国株式）,3700,輸送用機器,6,自動車・輸送機,6,TOPIX Small 1
20260831,5440,共英製鋼,プライム（内国株式）,3450,鉄鋼,7,鉄鋼・非鉄,6,TOPIX Small 1
20260831,5444,大和工業,プライム（内国株式）,3450,鉄鋼,7,鉄鋼・非鉄,4,TOPIX Mid400
20260831,5445,東京鐵鋼,プライム（内国株式）,3450,鉄鋼,7,鉄鋼・非鉄,6,TOPIX Small 1
20260831,5446,北越メタル,スタンダード（内国株式）,3450,鉄鋼,7,鉄鋼・非鉄,-,-
20260831,5449,大阪製鐵,スタンダード（内国株式）,3450,鉄鋼,7,鉄鋼・非鉄,7,TOPIX Small 2
20260831,544A,ＧＭＳグループ,プライム（内国株式）,3600,機械,8,機械,7,TOPIX Small 2
20260831,5451,ヨドコウ,プライム（内国株式）,3450,鉄鋼,7,鉄鋼・非鉄,6,TOPIX Small 1
20260831,5458,高砂鐵工,スタンダード（内国株式）,3450,鉄鋼,7,鉄鋼・非鉄,-,-
20260831,545A,トランヴィア,プライム（内国株式）,5250,情報・通信業,10,情報通信・サービスその他,7,TOPIX Small 2
20260831,5461,中部鋼鈑,プライム（内国株式）,3450,鉄鋼,7,鉄鋼・非鉄,6,TOPIX Small 1
20260831,5463,丸一鋼管,プライム（内国株式）,3450,鉄鋼,7,鉄鋼・非鉄,4,TOPIX Mid400
20260831,5464,モリ工業,スタンダード（内国株式）,3450,鉄鋼,7,鉄鋼・非鉄,7,TOPIX Small 2
20260831,546A,ＭＩＲＡＩＮＩホールディングス,プライム（内国株式）,6050,卸売業,13,商社・卸売,7,TOPIX Small 2
20260831,5471,大同特殊鋼,プライム（内国株式）,3450,鉄鋼,7,鉄鋼・非鉄,4,TOPIX Mid400
20260831,547A,ムニノバホールディングス,プライム（内国株式）,7200,その他金融業,16,金融（除く銀行）,6,TOPIX Small 1
20260831,5480,日本冶金工業,プライム（内国株式）,3450,鉄鋼,7,鉄鋼・非鉄,6,TOPIX Small 1
20260831,5482,愛知製鋼,プライム（内国株式）,3450,鉄鋼,7,鉄鋼・非鉄,6,TOPIX Small 1
20260831,5484,東北特殊鋼,スタンダード（内国株式）,3450,鉄鋼,7,鉄鋼・非鉄,-,-
20260831,548A,システムエグゼ,スタンダード（内国株式）,5250,情報・通信業,10,情報通信・サービスその他,-,-
20260831,5491,日本金属,スタンダード（内国株式）,3450,鉄鋼,7,鉄鋼・非鉄,-,-
20260831,549A,ヒトトヒトホールディングス,スタンダード（内国株式）,9050,サービス業,10,情報通信・サービスその他,-,-
20260831,550A,ソフトテックス,スタンダード（内国株式）,5250,情報・通信業,10,情報通信・サービスその他,-,-
20260831,551A,ＩＺＵＭＩグループ,PRO Market,9050,サービス業,10,情報通信・サービスその他,-,-
20260831,5525,フロンティアホールディングス,PRO Market,8050,不動産業,17,不動産,-,-
20260831,5527,ｐｒｏｐｅｒｔｙ　ｔｅｃｈｎｏｌｏｇｉｅｓ,グロース（内国株式）,8050,不動産業,17,不動産,-,-
20260831,5528,フロンティアハウス,PRO Market,8050,不動産業,17,不動産,-,-
20260831,552A,ＭＡＸＩＳ米国ＡＩインフラ株上場投信,ETF・ETN,-,-,-,-,-,-
20260831,5531,エヌバイテクノロジーズ,PRO Market,8050,不動産業,17,不動産,-,-
20260831,5532,リアルゲイト,グロース（内国株式）,8050,不動産業,17,不動産,-,-
20260831,5533,エリッツホールディングス,スタンダード（内国株式）,8050,不動産業,17,不動産,-,-
20260831,5534,エンゼルグループ,PRO Market,8050,不動産業,17,不動産,-,-
20260831,5535,ミガロホールディングス,プライム（内国株式）,8050,不動産業,17,不動産,-,-
20260831,5536,京橋アートレジデンス,PRO Market,8050,不動産業,17,不動産,-,-
20260831,5537,ＡｌｂａＬｉｎｋ,グロース（内国株式）,8050,不動産業,17,不動産,-,-
20260831,5541,大平洋金属,プライム（内国株式）,3450,鉄鋼,7,鉄鋼・非鉄,7,TOPIX Small 2
20260831,5542,新報国マテリアル,スタンダード（内国株式）,3450,鉄鋼,7,鉄鋼・非鉄,-,-
20260831,554A,バトンズ,グロース（内国株式）,5250,情報・通信業,10,情報通信・サービスその他,-,-
20260831,555A,北王ＧＲＯＵＰ,PRO Market,5050,陸運業,12,運輸・物流,-,-
20260831,5563,新日本電工,プライム（内国株式）,3450,鉄鋼,7,鉄鋼・非鉄,6,TOPIX Small 1
20260831,556A,犬猫生活,グロース（内国株式）,6100,小売業,14,小売,-,-
20260831,5570,ジェノバ,グロース（内国株式）,5250,情報・通信業,10,情報通信・サービスその他,-,-
20260831,5571,エキサイトホールディングス,スタンダード（内国株式）,5250,情報・通信業,10,情報通信・サービスその他,-,-
20260831,5572,Ｒｉｄｇｅ－ｉ,グロース（内国株式）,5250,情報・通信業,10,情報通信・サービスその他,-,-
20260831,5573,働楽ホールディングス,PRO Market,5250,情報・通信業,10,情報通信・サービスその他,-,-
20260831,5574,ＡＢＥＪＡ,グロース（内国株式）,5250,情報・通信業,10,情報通信・サービスその他,-,-
20260831,5575,Ｇｌｏｂｅｅ,グロース（内国株式）,5250,情報・通信業,10,情報通信・サービスその他,-,-
20260831,5576,オービーシステム,スタンダード（内国株式）,5250,情報・通信業,10,情報通信・サービスその他,-,-
20260831,5578,ＡＲアドバンストテクノロジ,グロース（内国株式）,5250,情報・通信業,10,情報通信・サービスその他,-,-
20260831,557A,フェリエスト,PRO Market,9050,サービス業,10,情報通信・サービスその他,-,-
20260831,5580,プロディライト,グロース（内国株式）,5250,情報・通信業,10,情報通信・サービスその他,-,-
20260831,5581,カイテクノロジー,PRO Market,5250,情報・通信業,10,情報通信・サービスその他,-,-
20260831,5582,グリッド,グロース（内国株式）,5250,情報・通信業,10,情報通信・サービスその他,-,-
20260831,5584,Ｓｔｒａｗｂｅｒｒｙ　ｊａｍｓ,PRO Market,5250,情報・通信業,10,情報通信・サービスその他,-,-
20260831,5586,Ｌａｂｏｒｏ．ＡＩ,グロース（内国株式）,5250,情報・通信業,10,情報通信・サービスその他,-,-
20260831,5587,インバウンドプラットフォーム,グロース（内国株式）,5250,情報・通信業,10,情報通信・サービスその他,-,-
20260831,5588,ファーストアカウンティング,グロース（内国株式）,5250,情報・通信業,10,情報通信・サービスその他,-,-
20260831,5589,オートサーバー,スタンダード（内国株式）,5250,情報・通信業,10,情報通信・サービスその他,-,-
20260831,558A,ＳＱＵＥＥＺＥ,グロース（内国株式）,9050,サービス業,10,情報通信・サービスその他,-,-
20260831,5590,ネットスターズ,グロース（内国株式）,5250,情報・通信業,10,情報通信・サービスその他,-,-
20260831,5591,ＡＶＩＬＥＮ,グロース（内国株式）,5250,情報・通信業,10,情報通信・サービスその他,-,-
20260831,5592,くすりの窓口,グロース（内国株式）,5250,情報・通信業,10,情報通信・サービスその他,-,-
20260831,5594,エム・デー・ビー,PRO Market,5250,情報・通信業,10,情報通信・サービスその他,-,-
20260831,5597,ブルーイノベーション,グロース（内国株式）,5250,情報・通信業,10,情報通信・サービスその他,-,-
20260831,5598,Ｙｏｔｔａｖｉａｓ,PRO Market,5250,情報・通信業,10,情報通信・サービスその他,-,-
20260831,5599,Ｓ＆Ｊ,グロース（内国株式）,5250,情報・通信業,10,情報通信・サービスその他,-,-
20260831,559A,梅乃宿酒造,スタンダード（内国株式）,3050,食料品,1,食品,-,-
20260831,5602,栗本鐵工所,プライム（内国株式）,3450,鉄鋼,7,鉄鋼・非鉄,6,TOPIX Small 1
20260831,5603,虹技,スタンダード（内国株式）,3450,鉄鋼,7,鉄鋼・非鉄,-,-
20260831,5609,日本鋳造,スタンダード（内国株式）,3450,鉄鋼,7,鉄鋼・非鉄,-,-
20260831,560A,オカダコーポレーション,PRO Market,6100,小売業,14,小売,-,-
20260831,5612,日本鋳鉄管,スタンダード（内国株式）,3450,鉄鋼,7,鉄鋼・非鉄,-,-
20260831,5616,雨風太陽,グロース（内国株式）,5250,情報・通信業,10,情報通信・サービスその他,-,-
20260831,5618,ナイル,グロース（内国株式）,5250,情報・通信業,10,情報通信・サービスその他,-,-
20260831,5619,マーソ,グロース（内国株式）,5250,情報・通信業,10,情報通信・サービスその他,-,-
20260831,561A,マークスライフ,PRO Market,8050,不動産業,17,不動産,-,-
20260831,5620,エスピーオー,PRO Market,5250,情報・通信業,10,情報通信・サービスその他,-,-
20260831,5621,ヒューマンテクノロジーズ,グロース（内国株式）,5250,情報・通信業,10,情報通信・サービスその他,-,-
20260831,5622,ワンビ,PRO Market,5250,情報・通信業,10,情報通信・サービスその他,-,-
20260831,562A,寶結,PRO Market,5250,情報・通信業,10,情報通信・サービスその他,-,-
20260831,5631,日本製鋼所,プライム（内国株式）,3600,機械,8,機械,4,TOPIX Mid400
20260831,5632,三菱製鋼,プライム（内国株式）,3450,鉄鋼,7,鉄鋼・非鉄,7,TOPIX Small 2
20260831,563A,グローバルＸ　ＮＡＳＤＡＱ１００・デイリー・カバード・コール　ＥＴＦ,ETF・ETN,-,-,-,-,-,-
20260831,5644,メタルアート,スタンダード（内国株式）,3450,鉄鋼,7,鉄鋼・非鉄,-,-
20260831,564A,グローバルＸ　Ｓ＆Ｐ先進国キャッシュフロー・トップ１００　ＥＴＦ,ETF・ETN,-,-,-,-,-,-
20260831,5658,日亜鋼業,スタンダード（内国株式）,3450,鉄鋼,7,鉄鋼・非鉄,-,-
20260831,5659,日本精線,プライム（内国株式）,3450,鉄鋼,7,鉄鋼・非鉄,7,TOPIX Small 2
20260831,565A,ＦＦＦホールディングス,PRO Market,6050,卸売業,13,商社・卸売,-,-
20260831,566A,ｉＦｒｅｅＥＴＦ　ブルームバーグ日本株（除く金融）高配当５０指数,ETF・ETN,-,-,-,-,-,-
20260831,567A,ディープラス,PRO Market,6050,卸売業,13,商社・卸売,-,-
20260831,568A,ｉシェアーズ　シルバー　ＥＴＦ,ETF・ETN,-,-,-,-,-,-
20260831,5695,パウダーテック,スタンダード（内国株式）,3450,鉄鋼,7,鉄鋼・非鉄,-,-
20260831,5697,サンユウ,スタンダード（内国株式）,3450,鉄鋼,7,鉄鋼・非鉄,-,-
20260831,5698,エンビプロ・ホールディングス,スタンダード（内国株式）,3450,鉄鋼,7,鉄鋼・非鉄,7,TOPIX Small 2
20260831,5699,イボキン,スタンダード（内国株式）,3450,鉄鋼,7,鉄鋼・非鉄,-,-
20260831,569A,ｉシェアーズ　プラチナ　ＥＴＦ,ETF・ETN,-,-,-,-,-,-
20260831,5702,大紀アルミニウム工業所,プライム（内国株式）,3500,非鉄金属,7,鉄鋼・非鉄,6,TOPIX Small 1
20260831,5703,日本軽金属ホールディングス,プライム（内国株式）,3500,非鉄金属,7,鉄鋼・非鉄,6,TOPIX Small 1
20260831,5704,ＪＭＣ,スタンダード（内国株式）,3500,非鉄金属,7,鉄鋼・非鉄,-,-
20260831,5706,三井金属,プライム（内国株式）,3500,非鉄金属,7,鉄鋼・非鉄,4,TOPIX Mid400
20260831,5707,東邦亜鉛,プライム（内国株式）,3500,非鉄金属,7,鉄鋼・非鉄,7,TOPIX Small 2
20260831,570A,ｉシェアーズ　日本国債０－１年　ＥＴＦ,ETF・ETN,-,-,-,-,-,-
20260831,5711,三菱マテリアル,プライム（内国株式）,3500,非鉄金属,7,鉄鋼・非鉄,4,TOPIX Mid400
20260831,5713,住友金属鉱山,プライム（内国株式）,3500,非鉄金属,7,鉄鋼・非鉄,4,TOPIX Mid400
20260831,5714,ＤＯＷＡホールディングス,プライム（内国株式）,3500,非鉄金属,7,鉄鋼・非鉄,4,TOPIX Mid400
20260831,5715,古河機械金属,プライム（内国株式）,3500,非鉄金属,7,鉄鋼・非鉄,6,TOPIX Small 1
20260831,571A,ｉシェアーズ　日本国債１－３年　ＥＴＦ,ETF・ETN,-,-,-,-,-,-
20260831,5721,エスクリプトエナジー,スタンダード（内国株式）,3500,非鉄金属,7,鉄鋼・非鉄,-,-
20260831,5724,アサカ理研,スタンダード（内国株式）,3500,非鉄金属,7,鉄鋼・非鉄,-,-
20260831,5726,大阪チタニウムテクノロジーズ,プライム（内国株式）,3500,非鉄金属,7,鉄鋼・非鉄,6,TOPIX Small 1
20260831,5729,日本精鉱,スタンダード（内国株式）,3500,非鉄金属,7,鉄鋼・非鉄,-,-
20260831,572A,ｉシェアーズ　日本国債３－７年　ＥＴＦ,ETF・ETN,-,-,-,-,-,-
20260831,573A,ｉシェアーズ　日本国債２０年超　ＥＴＦ,ETF・ETN,-,-,-,-,-,-
20260831,5741,ＵＡＣＪ,プライム（内国株式）,3500,非鉄金属,7,鉄鋼・非鉄,6,TOPIX Small 1
20260831,5742,エヌアイシ・オートテック,スタンダード（内国株式）,3500,非鉄金属,7,鉄鋼・非鉄,-,-
20260831,574A,ＬＡＳＳＩＣ,PRO Market,5250,情報・通信業,10,情報通信・サービスその他,-,-
20260831,5753,日本伸銅,スタンダード（内国株式）,3500,非鉄金属,7,鉄鋼・非鉄,-,-
20260831,5757,ＣＫサンエツ,プライム（内国株式）,3500,非鉄金属,7,鉄鋼・非鉄,7,TOPIX Small 2
20260831,575A,前澤ホールディングス,プライム（内国株式）,3600,機械,8,機械,7,TOPIX Small 2
20260831,576A,グローバルＸ　チャイナテック・カバード・コール　ＥＴＦ,ETF・ETN,-,-,-,-,-,-
20260831,577A,グローバルＸ　シルバー　ＥＴＦ,ETF・ETN,-,-,-,-,-,-
20260831,578A,グローバルＸ　シルバー　ＥＴＦ（為替ヘッジあり）,ETF・ETN,-,-,-,-,-,-
20260831,579A,グローバルＸ　銀ビジネス　ＥＴＦ,ETF・ETN,-,-,-,-,-,-
20260831,5801,古河電気工業,プライム（内国株式）,3500,非鉄金属,7,鉄鋼・非鉄,4,TOPIX Mid400
20260831,5802,住友電気工業,プライム（内国株式）,3500,非鉄金属,7,鉄鋼・非鉄,2,TOPIX Large70
20260831,5803,フジクラ,プライム（内国株式）,3500,非鉄金属,7,鉄鋼・非鉄,2,TOPIX Large70
20260831,5805,ＳＷＣＣ,プライム（内国株式）,3500,非鉄金属,7,鉄鋼・非鉄,6,TOPIX Small 1
20260831,580A,グローバルＸ　銅ビジネス　ＥＴＦ,ETF・ETN,-,-,-,-,-,-
20260831,5816,オーナンバ,スタンダード（内国株式）,3500,非鉄金属,7,鉄鋼・非鉄,-,-
20260831,5817,ＪＭＡＣＳ,スタンダード（内国株式）,3500,非鉄金属,7,鉄鋼・非鉄,-,-
20260831,5819,カナレ電気,スタンダード（内国株式）,3500,非鉄金属,7,鉄鋼・非鉄,-,-
20260831,581A,ＧＯ,グロース（内国株式）,5250,情報・通信業,10,情報通信・サービスその他,-,-
20260831,5820,三ッ星,スタンダード（内国株式）,3500,非鉄金属,7,鉄鋼・非鉄,-,-
20260831,5821,平河ヒューテック,プライム（内国株式）,3500,非鉄金属,7,鉄鋼・非鉄,7,TOPIX Small 2
20260831,5830,いよぎんホールディングス,プライム（内国株式）,7050,銀行業,15,銀行,4,TOPIX Mid400
20260831,5831,しずおかフィナンシャルグループ,プライム（内国株式）,7050,銀行業,15,銀行,4,TOPIX Mid400
20260831,5832,ちゅうぎんフィナンシャルグループ,プライム（内国株式）,7050,銀行業,15,銀行,4,TOPIX Mid400
20260831,5834,ＳＢＩリーシングサービス,グロース（内国株式）,7100,証券、商品先物取引業,16,金融（除く銀行）,-,-
20260831,5838,楽天銀行,プライム（内国株式）,7050,銀行業,15,銀行,4,TOPIX Mid400
20260831,583A,不動産流通システム,PRO Market,8050,不動産業,17,不動産,-,-
20260831,5840,日本総険,PRO Market,7150,保険業,16,金融（除く銀行）,-,-
20260831,5842,インテグラル,グロース（内国株式）,7100,証券、商品先物取引業,16,金融（除く銀行）,-,-
20260831,5843,ニッポンインシュア,スタンダード（内国株式）,7200,その他金融業,16,金融（除く銀行）,-,-
20260831,5844,京都フィナンシャルグループ,プライム（内国株式）,7050,銀行業,15,銀行,4,TOPIX Mid400
20260831,5845,全保連,スタンダード（内国株式）,7200,その他金融業,16,金融（除く銀行）,-,-
20260831,584A,ＬｉＮＫＸ,グロース（内国株式）,5250,情報・通信業,10,情報通信・サービスその他,-,-
20260831,5851,リョービ,プライム（内国株式）,3500,非鉄金属,7,鉄鋼・非鉄,6,TOPIX Small 1
20260831,5852,アーレスティ,プライム（内国株式）,3500,非鉄金属,7,鉄鋼・非鉄,-,-
20260831,5857,ＡＲＥホールディングス,プライム（内国株式）,3500,非鉄金属,7,鉄鋼・非鉄,6,TOPIX Small 1
20260831,5858,ＳＴＧ,グロース（内国株式）,3500,非鉄金属,7,鉄鋼・非鉄,-,-
20260831,585A,日本バリュー・ボトムアップ株式投資戦略アクティブＥＴＦ,ETF・ETN,-,-,-,-,-,-
20260831,5866,ＷｉｚＢｉｚ,PRO Market,9050,サービス業,10,情報通信・サービスその他,-,-
20260831,5867,エスネットワークス,グロース（内国株式）,9050,サービス業,10,情報通信・サービスその他,-,-
20260831,5868,ロココ,スタンダード（内国株式）,9050,サービス業,10,情報通信・サービスその他,-,-
20260831,5869,早稲田学習研究会,スタンダード（内国株式）,9050,サービス業,10,情報通信・サービスその他,-,-
20260831,586A,ＮＥＸＴ　ＦＵＮＤＳ　日経エンタメ・コンテンツ株指数連動型上場投信,ETF・ETN,-,-,-,-,-,-
20260831,5870,ナルネットコミュニケーションズ,グロース（内国株式）,9050,サービス業,10,情報通信・サービスその他,-,-
20260831,5871,ＳＯＬＩＺＥ　Ｈｏｌｄｉｎｇｓ,スタンダード（内国株式）,9050,サービス業,10,情報通信・サービスその他,-,-
20260831,587A,インベスコＱＱＱトラスト　シリーズ１,ETF・ETN,-,-,-,-,-,-
20260831,5884,クラダシ,グロース（内国株式）,6100,小売業,14,小売,-,-
20260831,5885,ジーデップ・アドバンス,スタンダード（内国株式）,6050,卸売業,13,商社・卸売,-,-
20260831,5886,ＯＯＫＡＢＥ　ＧＬＡＳＳ,PRO Market,6050,卸売業,13,商社・卸売,-,-
20260831,5887,光響,PRO Market,6050,卸売業,13,商社・卸売,-,-
20260831,5888,ＤＡＩＷＡ　ＣＹＣＬＥ,グロース（内国株式）,6100,小売業,14,小売,-,-
20260831,5889,Ｊａｐａｎ　Ｅｙｅｗｅａｒ　Ｈｏｌｄｉｎｇｓ,プライム（内国株式）,6100,小売業,14,小売,7,TOPIX Small 2
20260831,5890,オフィスバスターズ,PRO Market,6100,小売業,14,小売,-,-
20260831,5891,ＳＡＫＩＧＡＫＥホールディングス,スタンダード（内国株式）,6100,小売業,14,小売,-,-
20260831,5892,ｙｕｔｏｒｉ,グロース（内国株式）,6100,小売業,14,小売,-,-
20260831,5893,ＲＡＶＩＰＡ,PRO Market,6100,小売業,14,小売,-,-
20260831,589A,ネイス,グロース（内国株式）,9050,サービス業,10,情報通信・サービスその他,-,-
20260831,5900,ダイケン,スタンダード（内国株式）,3550,金属製品,3,建設・資材,-,-
20260831,5901,東洋製罐グループホールディングス,プライム（内国株式）,3550,金属製品,3,建設・資材,4,TOPIX Mid400
20260831,5902,ホッカンホールディングス,プライム（内国株式）,3550,金属製品,3,建設・資材,7,TOPIX Small 2
20260831,5905,日本製罐,スタンダード（内国株式）,3550,金属製品,3,建設・資材,-,-
20260831,5906,エムケー精工,スタンダード（内国株式）,3550,金属製品,3,建設・資材,-,-
20260831,5909,コロナ,スタンダード（内国株式）,3550,金属製品,3,建設・資材,7,TOPIX Small 2
20260831,590A,ギフティグループ,プライム（内国株式）,5250,情報・通信業,10,情報通信・サービスその他,7,TOPIX Small 2
20260831,5911,横河ブリッジホールディングス,プライム（内国株式）,3550,金属製品,3,建設・資材,6,TOPIX Small 1
20260831,5915,駒井ハルテック,スタンダード（内国株式）,3550,金属製品,3,建設・資材,-,-
20260831,5918,瀧上工業,スタンダード（内国株式）,3550,金属製品,3,建設・資材,-,-
20260831,591A,西條,PRO Market,6100,小売業,14,小売,-,-
20260831,5921,川岸工業,スタンダード（内国株式）,3550,金属製品,3,建設・資材,-,-
20260831,5922,那須電機鉄工,スタンダード（内国株式）,3550,金属製品,3,建設・資材,-,-
20260831,5923,高田機工,スタンダード（内国株式）,3550,金属製品,3,建設・資材,-,-
20260831,5928,アルメタックス,スタンダード（内国株式）,3550,金属製品,3,建設・資材,-,-
20260831,5929,三和ホールディングス,プライム（内国株式）,3550,金属製品,3,建設・資材,4,TOPIX Mid400
20260831,5930,文化シヤッター,プライム（内国株式）,3550,金属製品,3,建設・資材,6,TOPIX Small 1
20260831,5932,三協立山,プライム（内国株式）,3550,金属製品,3,建設・資材,7,TOPIX Small 2
20260831,5933,アルインコ,プライム（内国株式）,3550,金属製品,3,建設・資材,7,TOPIX Small 2
20260831,5936,東洋シヤッター,スタンダード（内国株式）,3550,金属製品,3,建設・資材,-,-
20260831,5938,ＬＩＸＩＬ,プライム（内国株式）,3550,金属製品,3,建設・資材,4,TOPIX Mid400
20260831,5939,大谷工業,スタンダード（内国株式）,3550,金属製品,3,建設・資材,-,-
20260831,593A,ティアフォー,グロース（内国株式）,5250,情報・通信業,10,情報通信・サービスその他,-,-
20260831,5940,不二サッシ,スタンダード（内国株式）,3550,金属製品,3,建設・資材,-,-
20260831,5941,中西製作所,スタンダード（内国株式）,3550,金属製品,3,建設・資材,-,-
20260831,5942,日本フイルコン,スタンダード（内国株式）,3550,金属製品,3,建設・資材,-,-
20260831,5943,ノーリツ,プライム（内国株式）,3550,金属製品,3,建設・資材,6,TOPIX Small 1
20260831,5945,天龍製鋸,スタンダード（内国株式）,3550,金属製品,3,建設・資材,-,-
20260831,5946,長府製作所,プライム（内国株式）,3550,金属製品,3,建設・資材,7,TOPIX Small 2
20260831,5947,リンナイ,プライム（内国株式）,3550,金属製品,3,建設・資材,4,TOPIX Mid400
20260831,5949,ユニプレス,プライム（内国株式）,3700,輸送用機器,6,自動車・輸送機,6,TOPIX Small 1
20260831,594A,ＰＲＯ　ＨＯＬＤＩＮＧＳ,PRO Market,2050,建設業,3,建設・資材,-,-
20260831,5950,日本パワーファスニング,スタンダード（内国株式）,3550,金属製品,3,建設・資材,-,-
20260831,5951,ダイニチ工業,スタンダード（内国株式）,3550,金属製品,3,建設・資材,-,-
20260831,5952,アマテイ,スタンダード（内国株式）,3550,金属製品,3,建設・資材,-,-
20260831,5955,ワイズホールディングス,スタンダード（内国株式）,3550,金属製品,3,建設・資材,-,-
20260831,5956,トーソー,スタンダード（内国株式）,3550,金属製品,3,建設・資材,-,-
20260831,5957,日東精工,プライム（内国株式）,3550,金属製品,3,建設・資材,7,TOPIX Small 2
20260831,5958,三洋工業,スタンダード（内国株式）,3550,金属製品,3,建設・資材,-,-
20260831,5959,岡部,プライム（内国株式）,3550,金属製品,3,建設・資材,7,TOPIX Small 2
20260831,595A,不二興産,PRO Market,8050,不動産業,17,不動産,-,-
20260831,5962,浅香工業,スタンダード（内国株式）,3800,その他製品,10,情報通信・サービスその他,-,-
20260831,5965,フジマック,スタンダード（内国株式）,3550,金属製品,3,建設・資材,-,-
20260831,5966,京都機械工具,スタンダード（内国株式）,3550,金属製品,3,建設・資材,-,-
20260831,5967,ＴＯＮＥ,スタンダード（内国株式）,3550,金属製品,3,建設・資材,-,-
20260831,5969,ロブテックス,スタンダード（内国株式）,3550,金属製品,3,建設・資材,-,-
20260831,5970,ジーテクト,プライム（内国株式）,3550,金属製品,3,建設・資材,6,TOPIX Small 1
20260831,5971,共和工業所,スタンダード（内国株式）,3550,金属製品,3,建設・資材,-,-
20260831,5973,トーアミ,スタンダード（内国株式）,3550,金属製品,3,建設・資材,-,-
20260831,5974,中国工業,スタンダード（内国株式）,3550,金属製品,3,建設・資材,-,-
20260831,5975,東プレ,プライム（内国株式）,3550,金属製品,3,建設・資材,6,TOPIX Small 1
20260831,5976,高周波熱錬,プライム（内国株式）,3550,金属製品,3,建設・資材,7,TOPIX Small 2
20260831,597A,ａｎｄ　ＵＳ,PRO Market,3200,化学,4,素材・化学,-,-
20260831,5981,東京製綱,プライム（内国株式）,3550,金属製品,3,建設・資材,7,TOPIX Small 2
20260831,5982,マルゼン,スタンダード（内国株式）,3550,金属製品,3,建設・資材,-,-
20260831,5983,イワブチ,スタンダード（内国株式）,3550,金属製品,3,建設・資材,-,-
20260831,5984,兼房,スタンダード（内国株式）,3550,金属製品,3,建設・資材,-,-
20260831,5985,サンコール,スタンダード（内国株式）,3550,金属製品,3,建設・資材,7,TOPIX Small 2
20260831,5986,モリテック　スチール,スタンダード（内国株式）,3550,金属製品,3,建設・資材,-,-
20260831,5987,オーネックス,スタンダード（内国株式）,3550,金属製品,3,建設・資材,-,-
20260831,5988,パイオラックス,プライム（内国株式）,3550,金属製品,3,建設・資材,6,TOPIX Small 1
20260831,5989,エイチワン,プライム（内国株式）,3550,金属製品,3,建設・資材,7,TOPIX Small 2
20260831,598A,チャットプラス,グロース（内国株式）,5250,情報・通信業,10,情報通信・サービスその他,-,-
20260831,5990,スーパーツール,スタンダード（内国株式）,3550,金属製品,3,建設・資材,-,-
20260831,5991,日本発條,プライム（内国株式）,3550,金属製品,3,建設・資材,4,TOPIX Mid400
20260831,5992,中央発條,スタンダード（内国株式）,3550,金属製品,3,建設・資材,7,TOPIX Small 2
20260831,5994,ファインシンター,スタンダード（内国株式）,3550,金属製品,3,建設・資材,-,-
20260831,5997,協立エアテック,スタンダード（内国株式）,3550,金属製品,3,建設・資材,-,-
20260831,5998,アドバネクス,スタンダード（内国株式）,3550,金属製品,3,建設・資材,-,-
20260831,599A,元気な介護,PRO Market,9050,サービス業,10,情報通信・サービスその他,-,-
20260831,6005,三浦工業,プライム（内国株式）,3600,機械,8,機械,4,TOPIX Mid400
20260831,600A,ニッセイＥＴＦ　ラッセル２０００,ETF・ETN,-,-,-,-,-,-
20260831,6013,タクマ,プライム（内国株式）,3600,機械,8,機械,6,TOPIX Small 1
20260831,6016,ジャパンエンジンコーポレーション,スタンダード（内国株式）,3700,輸送用機器,6,自動車・輸送機,-,-
20260831,6018,阪神内燃機工業,スタンダード（内国株式）,3700,輸送用機器,6,自動車・輸送機,-,-
20260831,601A,ラックス建設,PRO Market,2050,建設業,3,建設・資材,-,-
20260831,6022,赤阪鐵工所,スタンダード（内国株式）,3600,機械,8,機械,-,-
20260831,6023,ダイハツインフィニアース,スタンダード（内国株式）,3700,輸送用機器,6,自動車・輸送機,-,-
20260831,6027,弁護士ドットコム,プライム（内国株式）,9050,サービス業,10,情報通信・サービスその他,7,TOPIX Small 2
20260831,6029,アトラグループ,スタンダード（内国株式）,9050,サービス業,10,情報通信・サービスその他,-,-
20260831,602A,レックスアドバイザーズ,PRO Market,9050,サービス業,10,情報通信・サービスその他,-,-
20260831,6030,アドベンチャー,グロース（内国株式）,9050,サービス業,10,情報通信・サービスその他,-,-
20260831,6031,ＺＥＴＡ,グロース（内国株式）,9050,サービス業,10,情報通信・サービスその他,-,-
20260831,6033,エクストリーム,グロース（内国株式）,9050,サービス業,10,情報通信・サービスその他,-,-
20260831,6034,ＭＲＴ,グロース（内国株式）,9050,サービス業,10,情報通信・サービスその他,-,-
20260831,6035,アイ・アールジャパンホールディングス,スタンダード（内国株式）,9050,サービス業,10,情報通信・サービスその他,7,TOPIX Small 2
20260831,6036,ＫｅｅＰｅｒ技研,プライム（内国株式）,9050,サービス業,10,情報通信・サービスその他,6,TOPIX Small 1
20260831,6037,楽待,スタンダード（内国株式）,9050,サービス業,10,情報通信・サービスその他,-,-
20260831,6038,イード,グロース（内国株式）,9050,サービス業,10,情報通信・サービスその他,-,-
20260831,6039,日本動物高度医療センター,グロース（内国株式）,9050,サービス業,10,情報通信・サービスその他,-,-
20260831,603A,アイ・グリッド・ソリューションズ,グロース（内国株式）,4050,電気・ガス業,11,電力・ガス,-,-
20260831,6040,日本スキー場開発,グロース（内国株式）,9050,サービス業,10,情報通信・サービスその他,-,-
20260831,6042,ニッキ,スタンダード（内国株式）,3700,輸送用機器,6,自動車・輸送機,-,-
20260831,6044,三機サービス,スタンダード（内国株式）,9050,サービス業,10,情報通信・サービスその他,-,-
20260831,6045,レントラックス,グロース（内国株式）,9050,サービス業,10,情報通信・サービスその他,-,-
20260831,6046,リンクバル,スタンダード（内国株式）,9050,サービス業,10,情報通信・サービスその他,-,-
20260831,6047,Ｇｕｎｏｓｙ,スタンダード（内国株式）,9050,サービス業,10,情報通信・サービスその他,7,TOPIX Small 2
20260831,6049,イトクロ,グロース（内国株式）,9050,サービス業,10,情報通信・サービスその他,-,-
20260831,604A,ビーエイブル,スタンダード（内国株式）,2050,建設業,3,建設・資材,-,-
20260831,6050,イー・ガーディアン,プライム（内国株式）,9050,サービス業,10,情報通信・サービスその他,7,TOPIX Small 2
20260831,6054,リブセンス,スタンダード（内国株式）,9050,サービス業,10,情報通信・サービスその他,-,-
20260831,6055,ジャパンマテリアル,プライム（内国株式）,9050,サービス業,10,情報通信・サービスその他,6,TOPIX Small 1
20260831,6058,ベクトル,プライム（内国株式）,9050,サービス業,10,情報通信・サービスその他,7,TOPIX Small 2
20260831,6059,ウチヤマホールディングス,スタンダード（内国株式）,9050,サービス業,10,情報通信・サービスその他,-,-
20260831,605A,ＮＥＸＴ　ＦＵＮＤＳ　日本株政策フォーカス上場投信,ETF・ETN,-,-,-,-,-,-
20260831,6061,ユニバーサル園芸社,スタンダード（内国株式）,9050,サービス業,10,情報通信・サービスその他,-,-
20260831,6062,チャーム・ケア・コーポレーション,プライム（内国株式）,9050,サービス業,10,情報通信・サービスその他,7,TOPIX Small 2
20260831,6063,日本エマージェンシーアシスタンス,スタンダード（内国株式）,9050,サービス業,10,情報通信・サービスその他,-,-
20260831,6069,トレンダーズ,グロース（内国株式）,9050,サービス業,10,情報通信・サービスその他,-,-
20260831,606A,金２倍ブルＥＴＦ,ETF・ETN,-,-,-,-,-,-
20260831,6070,キャリアリンク,プライム（内国株式）,9050,サービス業,10,情報通信・サービスその他,7,TOPIX Small 2
20260831,6071,ＩＢＪ,プライム（内国株式）,9050,サービス業,10,情報通信・サービスその他,7,TOPIX Small 2
20260831,6072,地盤ネットホールディングス,スタンダード（内国株式）,9050,サービス業,10,情報通信・サービスその他,-,-
20260831,6073,アサンテ,プライム（内国株式）,9050,サービス業,10,情報通信・サービスその他,7,TOPIX Small 2
20260831,6074,ジェイエスエス,スタンダード（内国株式）,9050,サービス業,10,情報通信・サービスその他,-,-
20260831,6078,バリューＨＲ,プライム（内国株式）,9050,サービス業,10,情報通信・サービスその他,7,TOPIX Small 2
20260831,607A,エブリー,グロース（内国株式）,9050,サービス業,10,情報通信・サービスその他,-,-
20260831,6080,Ｍ＆Ａキャピタルパートナーズ,プライム（内国株式）,9050,サービス業,10,情報通信・サービスその他,6,TOPIX Small 1
20260831,6081,アライドアーキテクツ,グロース（内国株式）,9050,サービス業,10,情報通信・サービスその他,-,-
20260831,6082,ライドオンエクスプレスホールディングス,スタンダード（内国株式）,9050,サービス業,10,情報通信・サービスその他,7,TOPIX Small 2
20260831,6083,ＥＲＩホールディングス,スタンダード（内国株式）,9050,サービス業,10,情報通信・サービスその他,-,-
20260831,6085,アーキテクツ・スタジオ・ジャパン,グロース（内国株式）,9050,サービス業,10,情報通信・サービスその他,-,-
20260831,6086,シンメンテホールディングス,グロース（内国株式）,9050,サービス業,10,情報通信・サービスその他,-,-
20260831,6087,アビスト,スタンダード（内国株式）,9050,サービス業,10,情報通信・サービスその他,-,-
20260831,6088,シグマクシス・ホールディングス,プライム（内国株式）,9050,サービス業,10,情報通信・サービスその他,6,TOPIX Small 1
20260831,6089,ウィルグループ,プライム（内国株式）,9050,サービス業,10,情報通信・サービスその他,7,TOPIX Small 2
20260831,608A,上場インデックスファンド東証ＲＥＩＴ高利回り３０,ETF・ETN,-,-,-,-,-,-
20260831,6090,ヒューマン・メタボローム・テクノロジーズ,スタンダード（内国株式）,9050,サービス業,10,情報通信・サービスその他,-,-
20260831,6091,ウエスコホールディングス,スタンダード（内国株式）,9050,サービス業,10,情報通信・サービスその他,-,-
20260831,6092,エンバイオ・ホールディングス,スタンダード（内国株式）,9050,サービス業,10,情報通信・サービスその他,-,-
20260831,6093,ミトラグループ,スタンダード（内国株式）,9050,サービス業,10,情報通信・サービスその他,-,-
20260831,6094,フリークアウト・ホールディングス,グロース（内国株式）,9050,サービス業,10,情報通信・サービスその他,-,-
20260831,6098,リクルートホールディングス,プライム（内国株式）,9050,サービス業,10,情報通信・サービスその他,1,TOPIX Core30
20260831,6099,エラン,プライム（内国株式）,9050,サービス業,10,情報通信・サービスその他,7,TOPIX Small 2
20260831,609A,グローバルＸ　総合商社＆資源ビジネス－日本株式　ＥＴＦ,ETF・ETN,-,-,-,-,-,-
20260831,6101,ツガミ,プライム（内国株式）,3600,機械,8,機械,6,TOPIX Small 1
20260831,6103,オークマ,プライム（内国株式）,3600,機械,8,機械,6,TOPIX Small 1
20260831,6104,芝浦機械,プライム（内国株式）,3600,機械,8,機械,6,TOPIX Small 1
20260831,610A,グローバルＸ　宇宙テック・トップ１０　ＥＴＦ（除く日本）,ETF・ETN,-,-,-,-,-,-
20260831,6113,アマダ,プライム（内国株式）,3600,機械,8,機械,4,TOPIX Mid400
20260831,6118,アイダエンジニアリング,プライム（内国株式）,3600,機械,8,機械,6,TOPIX Small 1
20260831,611A,Ｏｎｅ　ＥＴＦ　日本国債　２７－３０年,ETF・ETN,-,-,-,-,-,-
20260831,6125,岡本工作機械製作所,スタンダード（内国株式）,3600,機械,8,機械,-,-
20260831,612A,Ｏｎｅ　ＥＴＦ　日本国債先物逆連動指数,ETF・ETN,-,-,-,-,-,-
20260831,6134,ＦＵＪＩ,プライム（内国株式）,3600,機械,8,機械,4,TOPIX Mid400
20260831,6135,牧野フライス製作所,プライム（内国株式）,3600,機械,8,機械,6,TOPIX Small 1
20260831,6136,オーエスジー,プライム（内国株式）,3600,機械,8,機械,4,TOPIX Mid400
20260831,6137,小池酸素工業,スタンダード（内国株式）,3600,機械,8,機械,-,-
20260831,6138,ダイジェット工業,スタンダード（内国株式）,3600,機械,8,機械,-,-
20260831,613A,ｉＦｒｅｅＥＴＦ　ドイツ０－３カ月短期国債,ETF・ETN,-,-,-,-,-,-
20260831,6140,旭ダイヤモンド工業,プライム（内国株式）,3600,機械,8,機械,6,TOPIX Small 1
20260831,6141,ＤＭＧ森精機,プライム（内国株式）,3600,機械,8,機械,4,TOPIX Mid400
20260831,6143,ソディック,プライム（内国株式）,3600,機械,8,機械,6,TOPIX Small 1
20260831,6144,西部電機,スタンダード（内国株式）,3600,機械,8,機械,-,-
20260831,6145,ＮＩＴＴＯＫＵ,スタンダード（内国株式）,3600,機械,8,機械,-,-
20260831,6146,ディスコ,プライム（内国株式）,3600,機械,8,機械,2,TOPIX Large70
20260831,6147,ヤマザキ,スタンダード（内国株式）,3600,機械,8,機械,-,-
20260831,6149,小田原エンジニアリング,スタンダード（内国株式）,3600,機械,8,機械,-,-
20260831,614A,山八商事,PRO Market,8050,不動産業,17,不動産,-,-
20260831,6150,タケダ機械,スタンダード（内国株式）,3600,機械,8,機械,-,-
20260831,6151,日東工器,プライム（内国株式）,3600,機械,8,機械,7,TOPIX Small 2
20260831,6155,高松機械工業,スタンダード（内国株式）,3600,機械,8,機械,-,-
20260831,6156,エーワン精密,スタンダード（内国株式）,3600,機械,8,機械,-,-
20260831,6157,日進工具,スタンダード（内国株式）,3600,機械,8,機械,7,TOPIX Small 2
20260831,6158,和井田製作所,スタンダード（内国株式）,3600,機械,8,機械,-,-
20260831,6159,ミクロン精密,スタンダード（内国株式）,3600,機械,8,機械,-,-
20260831,615A,インターパーク,PRO Market,5250,情報・通信業,10,情報通信・サービスその他,-,-
20260831,6161,エスティック,スタンダード（内国株式）,3600,機械,8,機械,-,-
20260831,6165,パンチ工業,スタンダード（内国株式）,3600,機械,8,機械,-,-
20260831,6166,中村超硬,グロース（内国株式）,3600,機械,8,機械,-,-
20260831,6167,冨士ダイス,プライム（内国株式）,3600,機械,8,機械,7,TOPIX Small 2
20260831,6168,ＯＮＥ　ＧＲＯＵＰ,PRO Market,3600,機械,8,機械,-,-
20260831,616A,数理技研,PRO Market,5250,情報・通信業,10,情報通信・サービスその他,-,-
20260831,6171,土木管理総合試験所,スタンダード（内国株式）,9050,サービス業,10,情報通信・サービスその他,-,-
20260831,6174,デンタス,PRO Market,9050,サービス業,10,情報通信・サービスその他,-,-
20260831,6176,ブランジスタ,スタンダード（内国株式）,9050,サービス業,10,情報通信・サービスその他,-,-
20260831,6177,ＡｐｐＢａｎｋ,グロース（内国株式）,9050,サービス業,10,情報通信・サービスその他,-,-
20260831,6178,日本郵政,プライム（内国株式）,9050,サービス業,10,情報通信・サービスその他,2,TOPIX Large70
20260831,617A,レイシャス,PRO Market,8050,不動産業,17,不動産,-,-
20260831,6180,ＧＭＯメディア,グロース（内国株式）,9050,サービス業,10,情報通信・サービスその他,-,-
20260831,6181,タメニー,グロース（内国株式）,9050,サービス業,10,情報通信・サービスその他,-,-
20260831,6182,メタリアル,グロース（内国株式）,9050,サービス業,10,情報通信・サービスその他,-,-
20260831,6183,ベルシステム２４ホールディングス,プライム（内国株式）,9050,サービス業,10,情報通信・サービスその他,7,TOPIX Small 2
20260831,6184,鎌倉新書,プライム（内国株式）,9050,サービス業,10,情報通信・サービスその他,7,TOPIX Small 2
20260831,6185,ＳＭＮ,スタンダード（内国株式）,9050,サービス業,10,情報通信・サービスその他,-,-
20260831,6186,一蔵,スタンダード（内国株式）,9050,サービス業,10,情報通信・サービスその他,-,-
20260831,6189,グローバルキッズＣＯＭＰＡＮＹ,スタンダード（内国株式）,9050,サービス業,10,情報通信・サービスその他,-,-
20260831,6190,フェニックスバイオ,グロース（内国株式）,9050,サービス業,10,情報通信・サービスその他,-,-
20260831,6191,エアトリ,プライム（内国株式）,9050,サービス業,10,情報通信・サービスその他,7,TOPIX Small 2
20260831,6193,バーチャレクス・ホールディングス,グロース（内国株式）,9050,サービス業,10,情報通信・サービスその他,-,-
20260831,6194,アトラエ,プライム（内国株式）,9050,サービス業,10,情報通信・サービスその他,7,TOPIX Small 2
20260831,6195,ホープ,グロース（内国株式）,9050,サービス業,10,情報通信・サービスその他,-,-
20260831,6196,ストライクグループ,プライム（内国株式）,9050,サービス業,10,情報通信・サービスその他,6,TOPIX Small 1
20260831,6198,キャリア,グロース（内国株式）,9050,サービス業,10,情報通信・サービスその他,-,-
20260831,6199,セラク,スタンダード（内国株式）,5250,情報・通信業,10,情報通信・サービスその他,7,TOPIX Small 2
20260831,6200,インソース,プライム（内国株式）,9050,サービス業,10,情報通信・サービスその他,6,TOPIX Small 1
20260831,6203,豊和工業,スタンダード（内国株式）,3600,機械,8,機械,-,-
20260831,6208,石川製作所,スタンダード（内国株式）,3600,機械,8,機械,-,-
20260831,6209,リケンＮＰＲ,プライム（内国株式）,3600,機械,8,機械,6,TOPIX Small 1
20260831,6217,津田駒工業,スタンダード（内国株式）,3600,機械,8,機械,-,-
20260831,6218,エンシュウ,スタンダード（内国株式）,3600,機械,8,機械,-,-
20260831,6222,島精機製作所,プライム（内国株式）,3600,機械,8,機械,6,TOPIX Small 1
20260831,6223,西部技研,スタンダード（内国株式）,3600,機械,8,機械,-,-
20260831,6224,ＪＲＣ,グロース（内国株式）,3600,機械,8,機械,-,-
20260831,6226,守谷輸送機工業,スタンダード（内国株式）,3600,機械,8,機械,-,-
20260831,6227,ＡＩメカテック,スタンダード（内国株式）,3600,機械,8,機械,-,-
20260831,6228,ジェイ・イー・ティ,スタンダード（内国株式）,3600,機械,8,機械,-,-
20260831,6229,オーケーエム,スタンダード（内国株式）,3600,機械,8,機械,-,-
20260831,6230,ＳＡＮＥＩ,スタンダード（内国株式）,3600,機械,8,機械,-,-
20260831,6231,木村工機,スタンダード（内国株式）,3600,機械,8,機械,-,-
20260831,6232,ＡＣＳＬ,グロース（内国株式）,3600,機械,8,機械,-,-
20260831,6233,ＫＬＡＳＳ,スタンダード（内国株式）,3600,機械,8,機械,-,-
20260831,6235,オプトラン,プライム（内国株式）,3600,機械,8,機械,6,TOPIX Small 1
20260831,6237,イワキポンプ,プライム（内国株式）,3600,機械,8,機械,7,TOPIX Small 2
20260831,6238,フリュー,プライム（内国株式）,3600,機械,8,機械,7,TOPIX Small 2
20260831,6239,ナガオカ,スタンダード（内国株式）,3600,機械,8,機械,-,-
20260831,6240,ヤマシンフィルタ,プライム（内国株式）,3600,機械,8,機械,7,TOPIX Small 2
20260831,6245,ヒラノテクシード,スタンダード（内国株式）,3600,機械,8,機械,-,-
20260831,6246,テクノスマート,スタンダード（内国株式）,3600,機械,8,機械,-,-
20260831,6247,日阪製作所,プライム（内国株式）,3600,機械,8,機械,7,TOPIX Small 2
20260831,6248,横田製作所,スタンダード（内国株式）,3600,機械,8,機械,-,-
20260831,6249,ゲームカードホールディングス,スタンダード（内国株式）,3600,機械,8,機械,-,-
20260831,6250,やまびこ,プライム（内国株式）,3600,機械,8,機械,6,TOPIX Small 1
20260831,6254,野村マイクロ・サイエンス,プライム（内国株式）,3600,機械,8,機械,6,TOPIX Small 1
20260831,6255,エヌ・ピー・シー,グロース（内国株式）,3600,機械,8,機械,-,-
20260831,6257,藤商事,スタンダード（内国株式）,3600,機械,8,機械,-,-
20260831,6258,平田機工,プライム（内国株式）,3600,機械,8,機械,6,TOPIX Small 1
20260831,6262,ＰＥＧＡＳＵＳ,スタンダード（内国株式）,3600,機械,8,機械,7,TOPIX Small 2
20260831,6264,マルマエ,プライム（内国株式）,3600,機械,8,機械,7,TOPIX Small 2
20260831,6265,コンバム,スタンダード（内国株式）,3600,機械,8,機械,-,-
20260831,6266,タツモ,プライム（内国株式）,3600,機械,8,機械,7,TOPIX Small 2
20260831,6267,ゼネラルパッカー,スタンダード（内国株式）,3600,機械,8,機械,-,-
20260831,6268,ナブテスコ,プライム（内国株式）,3600,機械,8,機械,4,TOPIX Mid400
20260831,6269,三井海洋開発,プライム（内国株式）,3600,機械,8,機械,4,TOPIX Mid400
20260831,6272,レオン自動機,プライム（内国株式）,3600,機械,8,機械,7,TOPIX Small 2
20260831,6273,ＳＭＣ,プライム（内国株式）,3600,機械,8,機械,2,TOPIX Large70
20260831,6276,シリウスビジョン,スタンダード（内国株式）,3650,電気機器,9,電機・精密,-,-
20260831,6277,ホソカワミクロン,プライム（内国株式）,3600,機械,8,機械,6,TOPIX Small 1
20260831,6278,ユニオンツール,プライム（内国株式）,3600,機械,8,機械,6,TOPIX Small 1
20260831,6279,瑞光,プライム（内国株式）,3600,機械,8,機械,7,TOPIX Small 2
20260831,6282,オイレス工業,プライム（内国株式）,3600,機械,8,機械,6,TOPIX Small 1
20260831,6284,日精エー・エス・ビー機械,プライム（内国株式）,3600,機械,8,機械,6,TOPIX Small 1
20260831,6286,靜甲,スタンダード（内国株式）,3600,機械,8,機械,-,-
20260831,6287,サトー,プライム（内国株式）,3600,機械,8,機械,6,TOPIX Small 1
20260831,6289,技研製作所,プライム（内国株式）,3600,機械,8,機械,7,TOPIX Small 2
20260831,6291,日本エアーテック,スタンダード（内国株式）,3600,機械,8,機械,7,TOPIX Small 2
20260831,6292,カワタ,スタンダード（内国株式）,3600,機械,8,機械,-,-
20260831,6294,オカダアイヨン,プライム（内国株式）,3600,機械,8,機械,-,-
20260831,6298,ワイエイシイホールディングス,プライム（内国株式）,3600,機械,8,機械,7,TOPIX Small 2
20260831,6301,小松製作所,プライム（内国株式）,3600,機械,8,機械,2,TOPIX Large70
20260831,6302,住友重機械工業,プライム（内国株式）,3600,機械,8,機械,4,TOPIX Mid400
20260831,6305,日立建機,プライム（内国株式）,3600,機械,8,機械,4,TOPIX Mid400
20260831,6306,日工,プライム（内国株式）,3600,機械,8,機械,7,TOPIX Small 2
20260831,6307,サンセイ,スタンダード（内国株式）,3600,機械,8,機械,-,-
20260831,6309,巴工業,プライム（内国株式）,3600,機械,8,機械,7,TOPIX Small 2
20260831,6310,井関農機,プライム（内国株式）,3600,機械,8,機械,7,TOPIX Small 2
20260831,6315,ＴＯＷＡ,プライム（内国株式）,3600,機械,8,機械,6,TOPIX Small 1
20260831,6316,丸山製作所,スタンダード（内国株式）,3600,機械,8,機械,-,-
20260831,6317,北川鉄工所,スタンダード（内国株式）,3600,機械,8,機械,7,TOPIX Small 2
20260831,6322,タクミナ,スタンダード（内国株式）,3600,機械,8,機械,-,-
20260831,6323,ローツェ,プライム（内国株式）,3600,機械,8,機械,4,TOPIX Mid400
20260831,6324,ハーモニック・ドライブ・システムズ,プライム（内国株式）,3600,機械,8,機械,7,TOPIX Small 2
20260831,6325,タカキタ,スタンダード（内国株式）,3600,機械,8,機械,-,-
20260831,6326,クボタ,プライム（内国株式）,3600,機械,8,機械,2,TOPIX Large70
20260831,6327,北川精機,スタンダード（内国株式）,3600,機械,8,機械,-,-
20260831,6328,荏原実業,プライム（内国株式）,3600,機械,8,機械,7,TOPIX Small 2
20260831,6330,東洋エンジニアリング,プライム（内国株式）,2050,建設業,3,建設・資材,7,TOPIX Small 2
20260831,6331,三菱化工機,プライム（内国株式）,3600,機械,8,機械,6,TOPIX Small 1
20260831,6332,月島ホールディングス,プライム（内国株式）,3600,機械,8,機械,6,TOPIX Small 1
20260831,6333,ＴＥＩＫＯＫＵ,プライム（内国株式）,3600,機械,8,機械,7,TOPIX Small 2
20260831,6334,明治機械,スタンダード（内国株式）,3600,機械,8,機械,-,-
20260831,6335,東京機械製作所,スタンダード（内国株式）,3600,機械,8,機械,-,-
20260831,6336,石井表記,スタンダード（内国株式）,3600,機械,8,機械,-,-
20260831,6337,テセック,スタンダード（内国株式）,3600,機械,8,機械,-,-
20260831,6338,タカトリ,スタンダード（内国株式）,3600,機械,8,機械,-,-
20260831,6339,新東工業,プライム（内国株式）,3600,機械,8,機械,7,TOPIX Small 2
20260831,6340,澁谷工業,プライム（内国株式）,3600,機械,8,機械,7,TOPIX Small 2
20260831,6342,太平製作所,スタンダード（内国株式）,3600,機械,8,機械,-,-
20260831,6343,フリージア・マクロス,スタンダード（内国株式）,3600,機械,8,機械,-,-
20260831,6345,アイチ　コーポレーション,プライム（内国株式）,3600,機械,8,機械,7,TOPIX Small 2
20260831,6346,キクカワエンタープライズ,スタンダード（内国株式）,3600,機械,8,機械,-,-
20260831,6347,プラコー,スタンダード（内国株式）,3600,機械,8,機械,-,-
20260831,6349,小森コーポレーション,プライム（内国株式）,3600,機械,8,機械,6,TOPIX Small 1
20260831,6351,鶴見製作所,プライム（内国株式）,3600,機械,8,機械,7,TOPIX Small 2
20260831,6356,日本ギア工業,スタンダード（内国株式）,3600,機械,8,機械,-,-
20260831,6357,三精テクノロジーズ,スタンダード（内国株式）,3600,機械,8,機械,-,-
20260831,6358,酒井重工業,プライム（内国株式）,3600,機械,8,機械,7,TOPIX Small 2
20260831,6360,東京自働機械製作所,スタンダード（内国株式）,3600,機械,8,機械,-,-
20260831,6361,荏原製作所,プライム（内国株式）,3600,機械,8,機械,4,TOPIX Mid400
20260831,6363,酉島製作所,プライム（内国株式）,3600,機械,8,機械,6,TOPIX Small 1
20260831,6364,ＡＩＲＭＡＮ,プライム（内国株式）,3600,機械,8,機械,7,TOPIX Small 2
20260831,6365,電業社機械製作所,スタンダード（内国株式）,3600,機械,8,機械,-,-
20260831,6366,千代田化工建設,スタンダード（内国株式）,2050,建設業,3,建設・資材,-,-
20260831,6367,ダイキン工業,プライム（内国株式）,3600,機械,8,機械,1,TOPIX Core30
20260831,6368,オルガノ,プライム（内国株式）,3600,機械,8,機械,4,TOPIX Mid400
20260831,6369,トーヨーカネツ,プライム（内国株式）,3600,機械,8,機械,7,TOPIX Small 2
20260831,6370,栗田工業,プライム（内国株式）,3600,機械,8,機械,4,TOPIX Mid400
20260831,6371,椿本チエイン,プライム（内国株式）,3600,機械,8,機械,6,TOPIX Small 1
20260831,6376,日機装,プライム（内国株式）,3750,精密機器,9,電機・精密,6,TOPIX Small 1
20260831,6378,木村化工機,スタンダード（内国株式）,3600,機械,8,機械,7,TOPIX Small 2
20260831,6379,レイズネクスト,プライム（内国株式）,2050,建設業,3,建設・資材,7,TOPIX Small 2
20260831,6380,オリエンタルチエン工業,スタンダード（内国株式）,3600,機械,8,機械,-,-
20260831,6381,アネスト岩田,プライム（内国株式）,3600,機械,8,機械,7,TOPIX Small 2
20260831,6382,トリニティ工業,スタンダード（内国株式）,3600,機械,8,機械,-,-
20260831,6383,ダイフク,プライム（内国株式）,3600,機械,8,機械,4,TOPIX Mid400
20260831,6384,昭和真空,スタンダード（内国株式）,3600,機械,8,機械,-,-
20260831,6387,サムコ,プライム（内国株式）,3600,機械,8,機械,7,TOPIX Small 2
20260831,6390,加藤製作所,プライム（内国株式）,3600,機械,8,機械,-,-
20260831,6391,加地テック,スタンダード（内国株式）,3600,機械,8,機械,-,-
20260831,6392,ヤマダコーポレーション,スタンダード（内国株式）,3600,機械,8,機械,-,-
20260831,6393,油研工業,スタンダード（内国株式）,3600,機械,8,機械,-,-
20260831,6395,タダノ,プライム（内国株式）,3600,機械,8,機械,6,TOPIX Small 1
20260831,6396,宇野澤組鐵工所,スタンダード（内国株式）,3600,機械,8,機械,-,-
20260831,6400,不二精機,スタンダード（内国株式）,3600,機械,8,機械,-,-
20260831,6402,兼松エンジニアリング,スタンダード（内国株式）,3600,機械,8,機械,-,-
20260831,6405,鈴茂器工,スタンダード（内国株式）,3600,機械,8,機械,-,-
20260831,6407,ＣＫＤ,プライム（内国株式）,3600,機械,8,機械,6,TOPIX Small 1
20260831,6408,小倉クラッチ,スタンダード（内国株式）,3600,機械,8,機械,-,-
20260831,6412,平和,プライム（内国株式）,3600,機械,8,機械,6,TOPIX Small 1
20260831,6413,理想科学工業,プライム（内国株式）,3600,機械,8,機械,7,TOPIX Small 2
20260831,6417,ＳＡＮＫＹＯ,プライム（内国株式）,3600,機械,8,機械,4,TOPIX Mid400
20260831,6418,日本金銭機械,プライム（内国株式）,3600,機械,8,機械,7,TOPIX Small 2
20260831,6419,マースグループホールディングス,プライム（内国株式）,3600,機械,8,機械,6,TOPIX Small 1
20260831,6420,ガリレイホールディングス,プライム（内国株式）,3600,機械,8,機械,6,TOPIX Small 1
20260831,6424,高見沢サイバネティックス,スタンダード（内国株式）,3600,機械,8,機械,-,-
20260831,6425,ユニバーサルエンターテインメント,スタンダード（内国株式）,3600,機械,8,機械,-,-
20260831,6428,オーイズミ,スタンダード（内国株式）,3600,機械,8,機械,-,-
20260831,6430,ダイコク電機,プライム（内国株式）,3600,機械,8,機械,7,TOPIX Small 2
20260831,6432,竹内製作所,プライム（内国株式）,3600,機械,8,機械,6,TOPIX Small 1
20260831,6433,ヒーハイスト,スタンダード（内国株式）,3600,機械,8,機械,-,-
20260831,6436,アマノ,プライム（内国株式）,3600,機械,8,機械,4,TOPIX Mid400
20260831,6440,ＪＵＫＩ,プライム（内国株式）,3600,機械,8,機械,7,TOPIX Small 2
20260831,6444,サンデン,スタンダード（内国株式）,3600,機械,8,機械,-,-
20260831,6445,ジャノメ,プライム（内国株式）,3600,機械,8,機械,7,TOPIX Small 2
20260831,6448,ブラザー工業,プライム（内国株式）,3650,電気機器,9,電機・精密,4,TOPIX Mid400
20260831,6454,マックス,プライム（内国株式）,3600,機械,8,機械,6,TOPIX Small 1
20260831,6455,モリタホールディングス,プライム（内国株式）,3700,輸送用機器,6,自動車・輸送機,7,TOPIX Small 2
20260831,6457,グローリー,プライム（内国株式）,3600,機械,8,機械,4,TOPIX Mid400
20260831,6458,新晃工業,プライム（内国株式）,3600,機械,8,機械,6,TOPIX Small 1
20260831,6459,だいわ,プライム（内国株式）,3600,機械,8,機械,7,TOPIX Small 2
20260831,6460,セガサミーホールディングス,プライム（内国株式）,3600,機械,8,機械,4,TOPIX Mid400
20260831,6463,ＴＰＲ,プライム（内国株式）,3600,機械,8,機械,6,TOPIX Small 1
20260831,6464,ツバキ・ナカシマ,プライム（内国株式）,3600,機械,8,機械,7,TOPIX Small 2
20260831,6465,ホシザキ,プライム（内国株式）,3600,機械,8,機械,4,TOPIX Mid400
20260831,6466,ＴＶＥ,スタンダード（内国株式）,3600,機械,8,機械,-,-
20260831,6467,ニチダイ,スタンダード（内国株式）,3600,機械,8,機械,-,-
20260831,6469,放電精密加工研究所,スタンダード（内国株式）,3600,機械,8,機械,-,-
20260831,6470,大豊工業,スタンダード（内国株式）,3600,機械,8,機械,7,TOPIX Small 2
20260831,6471,日本精工,プライム（内国株式）,3600,機械,8,機械,4,TOPIX Mid400
20260831,6472,ＮＴＮ,プライム（内国株式）,3600,機械,8,機械,4,TOPIX Mid400
20260831,6473,ジェイテクト,プライム（内国株式）,3600,機械,8,機械,4,TOPIX Mid400
20260831,6474,不二越,プライム（内国株式）,3600,機械,8,機械,6,TOPIX Small 1
20260831,6479,ミネベアミツミ,プライム（内国株式）,3650,電気機器,9,電機・精密,4,TOPIX Mid400
20260831,6480,日本トムソン,プライム（内国株式）,3600,機械,8,機械,7,TOPIX Small 2
20260831,6481,ＴＨＫ,プライム（内国株式）,3600,機械,8,機械,4,TOPIX Mid400
20260831,6482,ＹＵＳＨＩＮ,スタンダード（内国株式）,3600,機械,8,機械,7,TOPIX Small 2
20260831,6484,ＫＶＫ,スタンダード（内国株式）,3600,機械,8,機械,-,-
20260831,6485,前澤給装工業,スタンダード（内国株式）,3600,機械,8,機械,7,TOPIX Small 2
20260831,6486,イーグル工業,プライム（内国株式）,3600,機械,8,機械,6,TOPIX Small 1
20260831,6488,ヨシタケ,スタンダード（内国株式）,3600,機械,8,機械,-,-
20260831,6490,ＰＩＬＬＡＲ,プライム（内国株式）,3600,機械,8,機械,6,TOPIX Small 1
20260831,6492,岡野バルブ製造,スタンダード（内国株式）,3600,機械,8,機械,-,-
20260831,6493,ＮＩＴＴＡＮ,スタンダード（内国株式）,3700,輸送用機器,6,自動車・輸送機,-,-
20260831,6494,ＮＦＫホールディングス,スタンダード（内国株式）,3600,機械,8,機械,-,-
20260831,6495,宮入バルブ製作所,スタンダード（内国株式）,3600,機械,8,機械,-,-
20260831,6496,中北製作所,スタンダード（内国株式）,3600,機械,8,機械,-,-
20260831,6497,ハマイ,スタンダード（内国株式）,3600,機械,8,機械,-,-
20260831,6498,キッツ,プライム（内国株式）,3600,機械,8,機械,6,TOPIX Small 1
20260831,6501,日立製作所,プライム（内国株式）,3650,電気機器,9,電機・精密,1,TOPIX Core30
20260831,6503,三菱電機,プライム（内国株式）,3650,電気機器,9,電機・精密,1,TOPIX Core30
20260831,6504,富士電機,プライム（内国株式）,3650,電気機器,9,電機・精密,4,TOPIX Mid400
20260831,6505,東洋電機製造,スタンダード（内国株式）,3650,電気機器,9,電機・精密,-,-
20260831,6506,安川電機,プライム（内国株式）,3650,電気機器,9,電機・精密,4,TOPIX Mid400
20260831,6507,シンフォニアテクノロジー,プライム（内国株式）,3650,電気機器,9,電機・精密,6,TOPIX Small 1
20260831,6508,明電舎,プライム（内国株式）,3650,電気機器,9,電機・精密,6,TOPIX Small 1
20260831,6513,オリジン,スタンダード（内国株式）,3650,電気機器,9,電機・精密,-,-
20260831,6516,山洋電気,プライム（内国株式）,3650,電気機器,9,電機・精密,6,TOPIX Small 1
20260831,6517,デンヨー,プライム（内国株式）,3650,電気機器,9,電機・精密,7,TOPIX Small 2
20260831,6518,三相電機,スタンダード（内国株式）,3650,電気機器,9,電機・精密,-,-
20260831,6521,オキサイド,グロース（内国株式）,3650,電気機器,9,電機・精密,-,-
20260831,6522,アスタリスク,グロース（内国株式）,3650,電気機器,9,電機・精密,-,-
20260831,6523,ＰＨＣホールディングス,プライム（内国株式）,3650,電気機器,9,電機・精密,6,TOPIX Small 1
20260831,6524,湖北工業,スタンダード（内国株式）,3650,電気機器,9,電機・精密,-,-
20260831,6525,ＫＯＫＵＳＡＩ　ＥＬＥＣＴＲＩＣ,プライム（内国株式）,3650,電気機器,9,電機・精密,4,TOPIX Mid400
20260831,6526,ソシオネクスト,プライム（内国株式）,3650,電気機器,9,電機・精密,4,TOPIX Mid400
20260831,6527,ワカ製作所,PRO Market,3650,電気機器,9,電機・精密,-,-
20260831,6532,ベイカレント,プライム（内国株式）,9050,サービス業,10,情報通信・サービスその他,4,TOPIX Mid400
20260831,6533,Ｏｒｃｈｅｓｔｒａ　Ｈｏｌｄｉｎｇｓ,プライム（内国株式）,9050,サービス業,10,情報通信・サービスその他,7,TOPIX Small 2
20260831,6535,アイモバイル,プライム（内国株式）,9050,サービス業,10,情報通信・サービスその他,7,TOPIX Small 2
20260831,6537,ＷＡＳＨハウス,グロース（内国株式）,9050,サービス業,10,情報通信・サービスその他,-,-
20260831,6538,ディスラプターズ,スタンダード（内国株式）,9050,サービス業,10,情報通信・サービスその他,-,-
20260831,6539,ＭＳ－Ｊａｐａｎ,プライム（内国株式）,9050,サービス業,10,情報通信・サービスその他,7,TOPIX Small 2
20260831,6540,船場,スタンダード（内国株式）,9050,サービス業,10,情報通信・サービスその他,-,-
20260831,6543,日宣,スタンダード（内国株式）,9050,サービス業,10,情報通信・サービスその他,-,-
20260831,6544,ジャパンエレベーターサービスホールディングス,プライム（内国株式）,9050,サービス業,10,情報通信・サービスその他,4,TOPIX Mid400
20260831,6545,インターネットインフィニティー,グロース（内国株式）,9050,サービス業,10,情報通信・サービスその他,-,-
20260831,6546,フルテック,スタンダード（内国株式）,9050,サービス業,10,情報通信・サービスその他,-,-
20260831,6547,グリーンズ,スタンダード（内国株式）,9050,サービス業,10,情報通信・サービスその他,-,-
20260831,6548,旅工房,グロース（内国株式）,9050,サービス業,10,情報通信・サービスその他,-,-
20260831,6549,ディーエムソリューションズ,スタンダード（内国株式）,9050,サービス業,10,情報通信・サービスその他,-,-
20260831,6551,ツナググループ・ホールディングス,スタンダード（内国株式）,9050,サービス業,10,情報通信・サービスその他,-,-
20260831,6552,ＧａｍｅＷｉｔｈ,スタンダード（内国株式）,9050,サービス業,10,情報通信・サービスその他,-,-
20260831,6554,エスユーエス,グロース（内国株式）,9050,サービス業,10,情報通信・サービスその他,-,-
20260831,6555,ＭＳ＆Ｃｏｎｓｕｌｔｉｎｇ,スタンダード（内国株式）,9050,サービス業,10,情報通信・サービスその他,-,-
20260831,6557,ＡＩＡＩグループ,グロース（内国株式）,9050,サービス業,10,情報通信・サービスその他,-,-
20260831,6558,クックビズ,グロース（内国株式）,9050,サービス業,10,情報通信・サービスその他,-,-
20260831,6560,エル・ティー・エス,プライム（内国株式）,9050,サービス業,10,情報通信・サービスその他,7,TOPIX Small 2
20260831,6561,ＨＡＮＡＴＯＵＲ　ＪＡＰＡＮ,グロース（内国株式）,9050,サービス業,10,情報通信・サービスその他,-,-
20260831,6562,ジーニー,グロース（内国株式）,9050,サービス業,10,情報通信・サービスその他,-,-
20260831,6563,みらいワークス,グロース（内国株式）,9050,サービス業,10,情報通信・サービスその他,-,-
20260831,6564,ミダックホールディングス,プライム（内国株式）,9050,サービス業,10,情報通信・サービスその他,7,TOPIX Small 2
20260831,6566,要興業,スタンダード（内国株式）,9050,サービス業,10,情報通信・サービスその他,-,-
20260831,6568,神戸天然物化学,グロース（内国株式）,9050,サービス業,10,情報通信・サービスその他,-,-
20260831,6570,共和コーポレーション,スタンダード（内国株式）,9050,サービス業,10,情報通信・サービスその他,-,-
20260831,6571,キュービーネットホールディングス,プライム（内国株式）,9050,サービス業,10,情報通信・サービスその他,7,TOPIX Small 2
20260831,6572,オープングループ,プライム（内国株式）,9050,サービス業,10,情報通信・サービスその他,7,TOPIX Small 2
20260831,6573,ＣＲＡＶＩＡ,グロース（内国株式）,9050,サービス業,10,情報通信・サービスその他,-,-
20260831,6574,コンヴァノ,グロース（内国株式）,9050,サービス業,10,情報通信・サービスその他,-,-
20260831,6576,揚工舎,PRO Market,9050,サービス業,10,情報通信・サービスその他,-,-
20260831,6577,ベストワンドットコム,グロース（内国株式）,9050,サービス業,10,情報通信・サービスその他,-,-
20260831,6578,コレックホールディングス,スタンダード（内国株式）,9050,サービス業,10,情報通信・サービスその他,-,-
20260831,6579,ログリー,グロース（内国株式）,9050,サービス業,10,情報通信・サービスその他,-,-
20260831,6580,ライトアップ,グロース（内国株式）,9050,サービス業,10,情報通信・サービスその他,-,-
20260831,6584,三櫻工業,プライム（内国株式）,3700,輸送用機器,6,自動車・輸送機,7,TOPIX Small 2
20260831,6586,マキタ,プライム（内国株式）,3600,機械,8,機械,4,TOPIX Mid400
20260831,6588,東芝テック,プライム（内国株式）,3650,電気機器,9,電機・精密,6,TOPIX Small 1
20260831,6590,芝浦メカトロニクス,プライム（内国株式）,3650,電気機器,9,電機・精密,6,TOPIX Small 1
20260831,6592,マブチモーター,プライム（内国株式）,3650,電気機器,9,電機・精密,4,TOPIX Mid400
20260831,6594,ニデック,プライム（内国株式）,3650,電気機器,9,電機・精密,-,-
20260831,6596,筑波精工,PRO Market,3650,電気機器,9,電機・精密,-,-
20260831,6597,ＨＰＣシステムズ,グロース（内国株式）,3650,電気機器,9,電機・精密,-,-
20260831,6599,エブレン,スタンダード（内国株式）,3650,電気機器,9,電機・精密,-,-
20260831,6612,バルミューダ,グロース（内国株式）,3650,電気機器,9,電機・精密,-,-
20260831,6613,ＱＤレーザ,グロース（内国株式）,3650,電気機器,9,電機・精密,-,-
20260831,6614,シキノハイテック,スタンダード（内国株式）,3650,電気機器,9,電機・精密,-,-
20260831,6615,ユー・エム・シー・エレクトロニクス,プライム（内国株式）,3650,電気機器,9,電機・精密,7,TOPIX Small 2
20260831,6616,トレックス・セミコンダクター,プライム（内国株式）,3650,電気機器,9,電機・精密,7,TOPIX Small 2
20260831,6617,東光高岳,プライム（内国株式）,3650,電気機器,9,電機・精密,7,TOPIX Small 2
20260831,6619,ダブル・スコープ,プライム（内国株式）,3650,電気機器,9,電機・精密,7,TOPIX Small 2
20260831,6620,宮越ホールディングス,プライム（内国株式）,8050,不動産業,17,不動産,7,TOPIX Small 2
20260831,6622,ダイヘン,プライム（内国株式）,3650,電気機器,9,電機・精密,6,TOPIX Small 1
20260831,6625,ＪＡＬＣＯホールディングス,スタンダード（内国株式）,8050,不動産業,17,不動産,-,-
20260831,6626,ＳＥＭＩＴＥＣ,スタンダード（内国株式）,3650,電気機器,9,電機・精密,-,-
20260831,6627,テラプローブ,スタンダード（内国株式）,3650,電気機器,9,電機・精密,-,-
20260831,6629,テクノホライゾン,スタンダード（内国株式）,3650,電気機器,9,電機・精密,-,-
20260831,6630,ヤーマン,プライム（内国株式）,3650,電気機器,9,電機・精密,6,TOPIX Small 1
20260831,6632,ＪＶＣケンウッド,プライム（内国株式）,3650,電気機器,9,電機・精密,4,TOPIX Mid400
20260831,6633,ＣＧＳホールディングス,スタンダード（内国株式）,3650,電気機器,9,電機・精密,-,-
20260831,6634,ＪＮグループ,スタンダード（内国株式）,3650,電気機器,9,電機・精密,-,-
20260831,6635,大日光・エンジニアリング,スタンダード（内国株式）,3650,電気機器,9,電機・精密,-,-
20260831,6637,寺崎電気産業,スタンダード（内国株式）,3650,電気機器,9,電機・精密,-,-
20260831,6638,ミマキエンジニアリング,プライム（内国株式）,3650,電気機器,9,電機・精密,7,TOPIX Small 2
20260831,6643,戸上電機製作所,スタンダード（内国株式）,3650,電気機器,9,電機・精密,-,-
20260831,6644,大崎電気工業,プライム（内国株式）,3650,電気機器,9,電機・精密,7,TOPIX Small 2
20260831,6645,オムロン,プライム（内国株式）,3650,電気機器,9,電機・精密,4,TOPIX Mid400
20260831,6647,森尾電機,スタンダード（内国株式）,3650,電気機器,9,電機・精密,-,-
20260831,6648,かわでん,スタンダード（内国株式）,3650,電気機器,9,電機・精密,-,-
20260831,6651,日東工業,プライム（内国株式）,3650,電気機器,9,電機・精密,6,TOPIX Small 1
20260831,6652,ＩＤＥＣ,プライム（内国株式）,3650,電気機器,9,電機・精密,6,TOPIX Small 1
20260831,6653,正興電機製作所,プライム（内国株式）,3650,電気機器,9,電機・精密,-,-
20260831,6654,不二電機工業,スタンダード（内国株式）,3650,電気機器,9,電機・精密,-,-
20260831,6656,インスペック,スタンダード（内国株式）,3650,電気機器,9,電機・精密,-,-
20260831,6658,シライ電子工業,スタンダード（内国株式）,3650,電気機器,9,電機・精密,-,-
20260831,6659,メディアリンクス,スタンダード（内国株式）,3650,電気機器,9,電機・精密,-,-
20260831,6662,ユビテック,スタンダード（内国株式）,3650,電気機器,9,電機・精密,-,-
20260831,6663,太洋テクノレックス,スタンダード（内国株式）,3650,電気機器,9,電機・精密,-,-
20260831,6664,オプトエレクトロニクス,スタンダード（内国株式）,3650,電気機器,9,電機・精密,-,-
20260831,6666,リバーエレテック,スタンダード（内国株式）,3650,電気機器,9,電機・精密,-,-
20260831,6668,アドテック　プラズマ　テクノロジー,スタンダード（内国株式）,3650,電気機器,9,電機・精密,-,-
20260831,6674,ジーエス・ユアサ　コーポレーション,プライム（内国株式）,3650,電気機器,9,電機・精密,4,TOPIX Mid400
20260831,6675,サクサ,スタンダード（内国株式）,3650,電気機器,9,電機・精密,-,-
20260831,6676,ＢＵＦＦＡＬＯ,スタンダード（内国株式）,3650,電気機器,9,電機・精密,7,TOPIX Small 2
20260831,6677,エスケーエレクトロニクス,スタンダード（内国株式）,3650,電気機器,9,電機・精密,-,-
20260831,6678,テクノメディカ,スタンダード（内国株式）,3650,電気機器,9,電機・精密,7,TOPIX Small 2
20260831,6694,ズーム,スタンダード（内国株式）,3650,電気機器,9,電機・精密,-,-
20260831,6695,キャストリコ,PRO Market,3650,電気機器,9,電機・精密,-,-
20260831,6696,トラース・オン・プロダクト,グロース（内国株式）,3650,電気機器,9,電機・精密,-,-
20260831,6699,ダイヤモンドエレクトリックホールディングス,スタンダード（内国株式）,3650,電気機器,9,電機・精密,7,TOPIX Small 2
20260831,6701,日本電気,プライム（内国株式）,3650,電気機器,9,電機・精密,2,TOPIX Large70
20260831,6702,富士通,プライム（内国株式）,3650,電気機器,9,電機・精密,2,TOPIX Large70
20260831,6703,沖電気工業,プライム（内国株式）,3650,電気機器,9,電機・精密,6,TOPIX Small 1
20260831,6706,電気興業,プライム（内国株式）,3650,電気機器,9,電機・精密,7,TOPIX Small 2
20260831,6707,サンケン電気,プライム（内国株式）,3650,電気機器,9,電機・精密,4,TOPIX Mid400
20260831,6718,アイホン,プライム（内国株式）,3650,電気機器,9,電機・精密,7,TOPIX Small 2
20260831,6721,ウインテスト,スタンダード（内国株式）,3650,電気機器,9,電機・精密,-,-
20260831,6723,ルネサスエレクトロニクス,プライム（内国株式）,3650,電気機器,9,電機・精密,2,TOPIX Large70
20260831,6724,セイコーエプソン,プライム（内国株式）,3650,電気機器,9,電機・精密,4,TOPIX Mid400
20260831,6727,ワコム,プライム（内国株式）,3650,電気機器,9,電機・精密,6,TOPIX Small 1
20260831,6728,アルバック,プライム（内国株式）,3650,電気機器,9,電機・精密,4,TOPIX Mid400
20260831,6730,アクセル,スタンダード（内国株式）,3650,電気機器,9,電機・精密,7,TOPIX Small 2
20260831,6731,ピクセラ,スタンダード（内国株式）,3650,電気機器,9,電機・精密,-,-
20260831,6736,サン電子,スタンダード（内国株式）,3650,電気機器,9,電機・精密,-,-
20260831,6737,ＥＩＺＯ,プライム（内国株式）,3650,電気機器,9,電機・精密,6,TOPIX Small 1
20260831,6740,ジャパンディスプレイ,プライム（内国株式）,3650,電気機器,9,電機・精密,7,TOPIX Small 2
20260831,6741,日本信号,プライム（内国株式）,3650,電気機器,9,電機・精密,7,TOPIX Small 2
20260831,6742,京三製作所,プライム（内国株式）,3650,電気機器,9,電機・精密,7,TOPIX Small 2
20260831,6743,大同信号,スタンダード（内国株式）,3650,電気機器,9,電機・精密,-,-
20260831,6744,能美防災,プライム（内国株式）,3650,電気機器,9,電機・精密,6,TOPIX Small 1
20260831,6745,ホーチキ,プライム（内国株式）,3650,電気機器,9,電機・精密,7,TOPIX Small 2
20260831,6748,星和電機,スタンダード（内国株式）,3650,電気機器,9,電機・精密,-,-
20260831,6750,エレコム,プライム（内国株式）,3650,電気機器,9,電機・精密,6,TOPIX Small 1
20260831,6752,パナソニック　ホールディングス,プライム（内国株式）,3650,電気機器,9,電機・精密,2,TOPIX Large70
20260831,6753,シャープ,プライム（内国株式）,3650,電気機器,9,電機・精密,4,TOPIX Mid400
20260831,6754,アンリツ,プライム（内国株式）,3650,電気機器,9,電機・精密,4,TOPIX Mid400
20260831,6757,ＯＳＧコーポレーション,スタンダード（内国株式）,3650,電気機器,9,電機・精密,-,-
20260831,6758,ソニーグループ,プライム（内国株式）,3650,電気機器,9,電機・精密,1,TOPIX Core30
20260831,6762,ＴＤＫ,プライム（内国株式）,3650,電気機器,9,電機・精密,2,TOPIX Large70
20260831,6763,帝国通信工業,プライム（内国株式）,3650,電気機器,9,電機・精密,7,TOPIX Small 2
20260831,6768,タムラ製作所,プライム（内国株式）,3650,電気機器,9,電機・精密,6,TOPIX Small 1
20260831,6769,ザインエレクトロニクス,スタンダード（内国株式）,3650,電気機器,9,電機・精密,-,-
20260831,6770,アルプスアルパイン,プライム（内国株式）,3650,電気機器,9,電機・精密,4,TOPIX Mid400
20260831,6771,池上通信機,スタンダード（内国株式）,3650,電気機器,9,電機・精密,-,-
20260831,6772,東京コスモス電機,スタンダード（内国株式）,3650,電気機器,9,電機・精密,-,-
20260831,6775,ＴＢグループ,スタンダード（内国株式）,3650,電気機器,9,電機・精密,-,-
20260831,6776,天昇電気工業,スタンダード（内国株式）,3200,化学,4,素材・化学,-,-
20260831,6777,ｓａｎｔｅｃ　Ｈｏｌｄｉｎｇｓ,スタンダード（内国株式）,3650,電気機器,9,電機・精密,-,-
20260831,6778,アルチザネットワークス,スタンダード（内国株式）,3650,電気機器,9,電機・精密,-,-
20260831,6779,日本電波工業,プライム（内国株式）,3650,電気機器,9,電機・精密,7,TOPIX Small 2
20260831,6785,鈴木,プライム（内国株式）,3650,電気機器,9,電機・精密,7,TOPIX Small 2
20260831,6786,ＲＶＨ,スタンダード（内国株式）,9050,サービス業,10,情報通信・サービスその他,-,-
20260831,6787,メイコー,プライム（内国株式）,3650,電気機器,9,電機・精密,6,TOPIX Small 1
20260831,6788,日本トリム,プライム（内国株式）,3650,電気機器,9,電機・精密,7,TOPIX Small 2
20260831,6794,フォスター電機,プライム（内国株式）,3650,電気機器,9,電機・精密,7,TOPIX Small 2
20260831,6797,名古屋電機工業,スタンダード（内国株式）,3650,電気機器,9,電機・精密,-,-
20260831,6798,ＳＭＫ,プライム（内国株式）,3650,電気機器,9,電機・精密,7,TOPIX Small 2
20260831,6800,ヨコオ,プライム（内国株式）,3650,電気機器,9,電機・精密,7,TOPIX Small 2
20260831,6803,ティアック,スタンダード（内国株式）,3650,電気機器,9,電機・精密,-,-
20260831,6804,ホシデン,プライム（内国株式）,3650,電気機器,9,電機・精密,6,TOPIX Small 1
20260831,6806,ヒロセ電機,プライム（内国株式）,3650,電気機器,9,電機・精密,4,TOPIX Mid400
20260831,6807,日本航空電子工業,プライム（内国株式）,3650,電気機器,9,電機・精密,6,TOPIX Small 1
20260831,6809,ＴＯＡ,プライム（内国株式）,3650,電気機器,9,電機・精密,7,TOPIX Small 2
20260831,6810,マクセル,プライム（内国株式）,3650,電気機器,9,電機・精密,6,TOPIX Small 1
20260831,6814,古野電気,プライム（内国株式）,3650,電気機器,9,電機・精密,6,TOPIX Small 1
20260831,6817,スミダコーポレーション,プライム（内国株式）,3650,電気機器,9,電機・精密,7,TOPIX Small 2
20260831,6819,伊豆シャボテンリゾート,スタンダード（内国株式）,9050,サービス業,10,情報通信・サービスその他,-,-
20260831,6820,アイコム,プライム（内国株式）,3650,電気機器,9,電機・精密,7,TOPIX Small 2
20260831,6822,大井電気,スタンダード（内国株式）,3650,電気機器,9,電機・精密,-,-
20260831,6823,リオン,プライム（内国株式）,3650,電気機器,9,電機・精密,7,TOPIX Small 2
20260831,6824,新コスモス電機,スタンダード（内国株式）,3650,電気機器,9,電機・精密,-,-
20260831,6832,アオイ電子,スタンダード（内国株式）,3650,電気機器,9,電機・精密,-,-
20260831,6834,精工技研,スタンダード（内国株式）,3650,電気機器,9,電機・精密,-,-
20260831,6835,アライドテレシスホールディングス,スタンダード（内国株式）,3650,電気機器,9,電機・精密,-,-
20260831,6836,ぷらっとホーム,スタンダード（内国株式）,3650,電気機器,9,電機・精密,-,-
20260831,6837,京写,スタンダード（内国株式）,3650,電気機器,9,電機・精密,-,-
20260831,6838,多摩川ホールディングス,スタンダード（内国株式）,3650,電気機器,9,電機・精密,-,-
20260831,6840,ＡＫＩＢＡホールディングス,スタンダード（内国株式）,3650,電気機器,9,電機・精密,-,-
20260831,6841,横河電機,プライム（内国株式）,3650,電気機器,9,電機・精密,4,TOPIX Mid400
20260831,6844,新電元工業,プライム（内国株式）,3650,電気機器,9,電機・精密,7,TOPIX Small 2
20260831,6845,アズビル,プライム（内国株式）,3650,電気機器,9,電機・精密,4,TOPIX Mid400
20260831,6848,東亜ディーケーケー,スタンダード（内国株式）,3650,電気機器,9,電機・精密,-,-
20260831,6849,日本光電工業,プライム（内国株式）,3650,電気機器,9,電機・精密,4,TOPIX Mid400
20260831,6850,チノー,プライム（内国株式）,3650,電気機器,9,電機・精密,7,TOPIX Small 2
20260831,6853,共和電業,スタンダード（内国株式）,3650,電気機器,9,電機・精密,-,-
20260831,6855,日本電子材料,スタンダード（内国株式）,3650,電気機器,9,電機・精密,7,TOPIX Small 2
20260831,6856,堀場製作所,プライム（内国株式）,3650,電気機器,9,電機・精密,4,TOPIX Mid400
20260831,6857,アドバンテスト,プライム（内国株式）,3650,電気機器,9,電機・精密,1,TOPIX Core30
20260831,6858,小野測器,スタンダード（内国株式）,3650,電気機器,9,電機・精密,-,-
20260831,6859,エスペック,プライム（内国株式）,3650,電気機器,9,電機・精密,6,TOPIX Small 1
20260831,6861,キーエンス,プライム（内国株式）,3650,電気機器,9,電機・精密,1,TOPIX Core30
20260831,6862,ミナトホールディングス,スタンダード（内国株式）,3650,電気機器,9,電機・精密,-,-
20260831,6863,ニレコ,スタンダード（内国株式）,3650,電気機器,9,電機・精密,-,-
20260831,6864,エヌエフホールディングス,スタンダード（内国株式）,3650,電気機器,9,電機・精密,-,-
20260831,6866,日置電機,プライム（内国株式）,3650,電気機器,9,電機・精密,6,TOPIX Small 1
20260831,6867,リーダー電子,スタンダード（内国株式）,3650,電気機器,9,電機・精密,-,-
20260831,6869,シスメックス,プライム（内国株式）,3650,電気機器,9,電機・精密,4,TOPIX Mid400
20260831,6870,日本フェンオール,スタンダード（内国株式）,3650,電気機器,9,電機・精密,-,-
20260831,6871,日本マイクロニクス,プライム（内国株式）,3650,電気機器,9,電機・精密,6,TOPIX Small 1
20260831,6874,協立電機,スタンダード（内国株式）,3650,電気機器,9,電機・精密,-,-
20260831,6875,メガチップス,プライム（内国株式）,3650,電気機器,9,電機・精密,6,TOPIX Small 1
20260831,6877,ＯＢＡＲＡ　ＧＲＯＵＰ,スタンダード（内国株式）,3650,電気機器,9,電機・精密,7,TOPIX Small 2
20260831,6882,三社電機製作所,スタンダード（内国株式）,3650,電気機器,9,電機・精密,-,-
20260831,6888,アクモス,スタンダード（内国株式）,5250,情報・通信業,10,情報通信・サービスその他,-,-
20260831,6890,フェローテック,スタンダード（内国株式）,3650,電気機器,9,電機・精密,-,-
20260831,6894,パルステック工業,スタンダード（内国株式）,3650,電気機器,9,電機・精密,-,-
20260831,6897,ツインバード,スタンダード（内国株式）,3650,電気機器,9,電機・精密,-,-
20260831,6898,トミタ電機,スタンダード（内国株式）,3650,電気機器,9,電機・精密,-,-
20260831,6899,ＡＳＴＩ,スタンダード（内国株式）,3650,電気機器,9,電機・精密,-,-
20260831,6902,デンソー,プライム（内国株式）,3700,輸送用機器,6,自動車・輸送機,2,TOPIX Large70
20260831,6904,原田工業,スタンダード（内国株式）,3650,電気機器,9,電機・精密,-,-
20260831,6905,コーセル,プライム（内国株式）,3650,電気機器,9,電機・精密,7,TOPIX Small 2
20260831,6907,ジオマテック,スタンダード（内国株式）,3650,電気機器,9,電機・精密,-,-
20260831,6908,イリソ電子工業,プライム（内国株式）,3650,電気機器,9,電機・精密,6,TOPIX Small 1
20260831,6912,菊水ホールディングス,スタンダード（内国株式）,3650,電気機器,9,電機・精密,-,-
20260831,6914,オプテックスグループ,プライム（内国株式）,3650,電気機器,9,電機・精密,6,TOPIX Small 1
20260831,6915,千代田インテグレ,スタンダード（内国株式）,3650,電気機器,9,電機・精密,7,TOPIX Small 2
20260831,6918,アバールデータ,スタンダード（内国株式）,3650,電気機器,9,電機・精密,-,-
20260831,6919,ケル,スタンダード（内国株式）,3650,電気機器,9,電機・精密,-,-
20260831,6920,レーザーテック,プライム（内国株式）,3650,電気機器,9,電機・精密,2,TOPIX Large70
20260831,6923,スタンレー電気,プライム（内国株式）,3650,電気機器,9,電機・精密,4,TOPIX Mid400
20260831,6925,ウシオ電機,プライム（内国株式）,3650,電気機器,9,電機・精密,4,TOPIX Mid400
20260831,6926,岡谷電機産業,スタンダード（内国株式）,3650,電気機器,9,電機・精密,-,-
20260831,6927,ヘリオス　テクノ　ホールディング,スタンダード（内国株式）,3650,電気機器,9,電機・精密,-,-
20260831,6928,エノモト,スタンダード（内国株式）,3650,電気機器,9,電機・精密,-,-
20260831,6929,日本セラミック,プライム（内国株式）,3650,電気機器,9,電機・精密,6,TOPIX Small 1
20260831,6932,遠藤照明,スタンダード（内国株式）,3650,電気機器,9,電機・精密,-,-
20260831,6941,山一電機,プライム（内国株式）,3650,電気機器,9,電機・精密,6,TOPIX Small 1
20260831,6942,ソフィアホールディングス,スタンダード（内国株式）,5250,情報・通信業,10,情報通信・サービスその他,-,-
20260831,6943,ＮＫＫスイッチズ,スタンダード（内国株式）,3650,電気機器,9,電機・精密,-,-
20260831,6946,日本アビオニクス,スタンダード（内国株式）,3650,電気機器,9,電機・精密,-,-
20260831,6947,図研,プライム（内国株式）,3650,電気機器,9,電機・精密,6,TOPIX Small 1
20260831,6951,日本電子,プライム（内国株式）,3650,電気機器,9,電機・精密,4,TOPIX Mid400
20260831,6952,カシオ計算機,プライム（内国株式）,3650,電気機器,9,電機・精密,4,TOPIX Mid400
20260831,6954,ファナック,プライム（内国株式）,3650,電気機器,9,電機・精密,2,TOPIX Large70
20260831,6955,ＦＤＫ,スタンダード（内国株式）,3650,電気機器,9,電機・精密,-,-
20260831,6958,日本シイエムケイ,プライム（内国株式）,3650,電気機器,9,電機・精密,7,TOPIX Small 2
20260831,6960,フクダ電子,スタンダード（内国株式）,3650,電気機器,9,電機・精密,-,-
20260831,6961,エンプラス,プライム（内国株式）,3650,電気機器,9,電機・精密,7,TOPIX Small 2
20260831,6962,大真空,プライム（内国株式）,3650,電気機器,9,電機・精密,7,TOPIX Small 2
20260831,6963,ローム,プライム（内国株式）,3650,電気機器,9,電機・精密,4,TOPIX Mid400
20260831,6964,サンコー,スタンダード（内国株式）,3650,電気機器,9,電機・精密,-,-
20260831,6965,浜松ホトニクス,プライム（内国株式）,3650,電気機器,9,電機・精密,4,TOPIX Mid400
20260831,6966,三井ハイテック,プライム（内国株式）,3650,電気機器,9,電機・精密,6,TOPIX Small 1
20260831,6969,松尾電機,スタンダード（内国株式）,3650,電気機器,9,電機・精密,-,-
20260831,6971,京セラ,プライム（内国株式）,3650,電気機器,9,電機・精密,2,TOPIX Large70
20260831,6976,太陽誘電,プライム（内国株式）,3650,電気機器,9,電機・精密,4,TOPIX Mid400
20260831,6977,日本抵抗器製作所,スタンダード（内国株式）,3650,電気機器,9,電機・精密,-,-
20260831,6981,村田製作所,プライム（内国株式）,3650,電気機器,9,電機・精密,2,TOPIX Large70
20260831,6982,リード,スタンダード（内国株式）,3700,輸送用機器,6,自動車・輸送機,-,-
20260831,6986,双葉電子工業,プライム（内国株式）,3650,電気機器,9,電機・精密,7,TOPIX Small 2
20260831,6988,日東電工,プライム（内国株式）,3200,化学,4,素材・化学,4,TOPIX Mid400
20260831,6989,北陸電気工業,スタンダード（内国株式）,3650,電気機器,9,電機・精密,-,-
20260831,6993,大黒屋ホールディングス,スタンダード（内国株式）,6100,小売業,14,小売,-,-
20260831,6994,指月電機製作所,スタンダード（内国株式）,3650,電気機器,9,電機・精密,-,-
20260831,6995,東海理化電機製作所,プライム（内国株式）,3700,輸送用機器,6,自動車・輸送機,6,TOPIX Small 1
20260831,6996,ニチコン,プライム（内国株式）,3650,電気機器,9,電機・精密,6,TOPIX Small 1
20260831,6997,日本ケミコン,プライム（内国株式）,3650,電気機器,9,電機・精密,7,TOPIX Small 2
20260831,6998,日本タングステン,スタンダード（内国株式）,3650,電気機器,9,電機・精密,-,-
20260831,6999,ＫＯＡ,プライム（内国株式）,3650,電気機器,9,電機・精密,6,TOPIX Small 1
20260831,7003,三井Ｅ＆Ｓ,プライム（内国株式）,3600,機械,8,機械,4,TOPIX Mid400
20260831,7004,カナデビア,プライム（内国株式）,3600,機械,8,機械,6,TOPIX Small 1
20260831,7011,三菱重工業,プライム（内国株式）,3600,機械,8,機械,1,TOPIX Core30
20260831,7012,川崎重工業,プライム（内国株式）,3700,輸送用機器,6,自動車・輸送機,4,TOPIX Mid400
20260831,7013,ＩＨＩ,プライム（内国株式）,3600,機械,8,機械,4,TOPIX Mid400
20260831,7014,名村造船所,スタンダード（内国株式）,3700,輸送用機器,6,自動車・輸送機,6,TOPIX Small 1
20260831,7018,内海造船,スタンダード（内国株式）,3700,輸送用機器,6,自動車・輸送機,-,-
20260831,7021,ニッチツ,スタンダード（内国株式）,3600,機械,8,機械,-,-
20260831,7022,サノヤスホールディングス,スタンダード（内国株式）,3600,機械,8,機械,-,-
20260831,7030,スプリックス,スタンダード（内国株式）,9050,サービス業,10,情報通信・サービスその他,-,-
20260831,7031,インバウンドテック,グロース（内国株式）,9050,サービス業,10,情報通信・サービスその他,-,-
20260831,7033,マネジメントソリューションズ,プライム（内国株式）,9050,サービス業,10,情報通信・サービスその他,7,TOPIX Small 2
20260831,7034,プロレド・パートナーズ,プライム（内国株式）,9050,サービス業,10,情報通信・サービスその他,7,TOPIX Small 2
20260831,7035,ａｎｄ　ｆａｃｔｏｒｙ,スタンダード（内国株式）,9050,サービス業,10,情報通信・サービスその他,-,-
20260831,7036,イーエムネットジャパン,グロース（内国株式）,9050,サービス業,10,情報通信・サービスその他,-,-
20260831,7037,テノ．ホールディングス,スタンダード（内国株式）,9050,サービス業,10,情報通信・サービスその他,-,-
20260831,7038,フロンティア・マネジメント,プライム（内国株式）,9050,サービス業,10,情報通信・サービスその他,7,TOPIX Small 2
20260831,7039,ブリッジインターナショナルグループ,グロース（内国株式）,9050,サービス業,10,情報通信・サービスその他,-,-
20260831,7040,サン・ライフホールディング,スタンダード（内国株式）,9050,サービス業,10,情報通信・サービスその他,-,-
20260831,7041,ＣＲＧホールディングス,グロース（内国株式）,9050,サービス業,10,情報通信・サービスその他,-,-
20260831,7042,アクセスグループ・ホールディングス,スタンダード（内国株式）,9050,サービス業,10,情報通信・サービスその他,-,-
20260831,7043,アルー,グロース（内国株式）,9050,サービス業,10,情報通信・サービスその他,-,-
20260831,7044,ピアラ,スタンダード（内国株式）,9050,サービス業,10,情報通信・サービスその他,-,-
20260831,7046,ＴＤＳＥ,グロース（内国株式）,9050,サービス業,10,情報通信・サービスその他,-,-
20260831,7047,ポート,グロース（内国株式）,9050,サービス業,10,情報通信・サービスその他,-,-
20260831,7048,ベルトラ,グロース（内国株式）,9050,サービス業,10,情報通信・サービスその他,-,-
20260831,7049,識学,グロース（内国株式）,9050,サービス業,10,情報通信・サービスその他,-,-
20260831,7050,フロンティアインターナショナル,グロース（内国株式）,9050,サービス業,10,情報通信・サービスその他,-,-
20260831,7057,エヌ・シー・エヌ,スタンダード（内国株式）,9050,サービス業,10,情報通信・サービスその他,-,-
20260831,7058,共栄セキュリティーサービス,スタンダード（内国株式）,9050,サービス業,10,情報通信・サービスその他,-,-
20260831,7059,コプロ・ホールディングス,プライム（内国株式）,9050,サービス業,10,情報通信・サービスその他,-,-
20260831,7060,ギークス,スタンダード（内国株式）,9050,サービス業,10,情報通信・サービスその他,-,-
20260831,7061,日本ホスピスホールディングス,グロース（内国株式）,9050,サービス業,10,情報通信・サービスその他,-,-
20260831,7062,フレアス,グロース（内国株式）,9050,サービス業,10,情報通信・サービスその他,-,-
20260831,7063,Ｂｉｒｄｍａｎ,グロース（内国株式）,9050,サービス業,10,情報通信・サービスその他,-,-
20260831,7064,ハウテレビジョン,スタンダード（内国株式）,9050,サービス業,10,情報通信・サービスその他,-,-
20260831,7065,ユーピーアール,スタンダード（内国株式）,9050,サービス業,10,情報通信・サービスその他,-,-
20260831,7066,ピアズ,グロース（内国株式）,9050,サービス業,10,情報通信・サービスその他,-,-
20260831,7067,ブランディングテクノロジー,グロース（内国株式）,9050,サービス業,10,情報通信・サービスその他,-,-
20260831,7068,フィードフォースグループ,グロース（内国株式）,9050,サービス業,10,情報通信・サービスその他,-,-
20260831,7069,サイバー・バズ,グロース（内国株式）,9050,サービス業,10,情報通信・サービスその他,-,-
20260831,7071,アンビスホールディングス,プライム（内国株式）,9050,サービス業,10,情報通信・サービスその他,7,TOPIX Small 2
20260831,7072,インティメート・マージャー,グロース（内国株式）,9050,サービス業,10,情報通信・サービスその他,-,-
20260831,7073,ジェイック,グロース（内国株式）,9050,サービス業,10,情報通信・サービスその他,-,-
20260831,7074,トゥエンティーフォーセブンホールディングス,グロース（内国株式）,9050,サービス業,10,情報通信・サービスその他,-,-
20260831,7075,ＱＬＳホールディングス,グロース（内国株式）,9050,サービス業,10,情報通信・サービスその他,-,-
20260831,7077,ＡＬｉＮＫインターネット,グロース（内国株式）,9050,サービス業,10,情報通信・サービスその他,-,-
20260831,7078,ＩＮＣＬＵＳＩＶＥ　Ｈｏｌｄｉｎｇｓ,グロース（内国株式）,9050,サービス業,10,情報通信・サービスその他,-,-
20260831,7079,ＷＤＢココ,グロース（内国株式）,9050,サービス業,10,情報通信・サービスその他,-,-
20260831,7080,スポーツフィールド,グロース（内国株式）,9050,サービス業,10,情報通信・サービスその他,-,-
20260831,7081,コーユーレンティア,スタンダード（内国株式）,9050,サービス業,10,情報通信・サービスその他,-,-
20260831,7082,ジモティー,グロース（内国株式）,9050,サービス業,10,情報通信・サービスその他,-,-
20260831,7083,ＡＨＣグループ,グロース（内国株式）,9050,サービス業,10,情報通信・サービスその他,-,-
20260831,7084,Ｓｍｉｌｅ　Ｈｏｌｄｉｎｇｓ,グロース（内国株式）,9050,サービス業,10,情報通信・サービスその他,-,-
20260831,7085,カーブスホールディングス,プライム（内国株式）,9050,サービス業,10,情報通信・サービスその他,6,TOPIX Small 1
20260831,7087,ウイルテック,スタンダード（内国株式）,9050,サービス業,10,情報通信・サービスその他,-,-
20260831,7089,フォースタートアップス,グロース（内国株式）,9050,サービス業,10,情報通信・サービスその他,-,-
20260831,7090,リグア,グロース（内国株式）,9050,サービス業,10,情報通信・サービスその他,-,-
20260831,7091,リビングプラットフォーム,グロース（内国株式）,9050,サービス業,10,情報通信・サービスその他,-,-
20260831,7093,アディッシュ,グロース（内国株式）,9050,サービス業,10,情報通信・サービスその他,-,-
20260831,7094,ＮｅｘＴｏｎｅ,グロース（内国株式）,9050,サービス業,10,情報通信・サービスその他,-,-
20260831,7095,Ｍａｃｂｅｅ　Ｐｌａｎｅｔ,プライム（内国株式）,9050,サービス業,10,情報通信・サービスその他,7,TOPIX Small 2
20260831,7096,ステムセル研究所,グロース（内国株式）,9050,サービス業,10,情報通信・サービスその他,-,-
20260831,7097,さくらさくプラス,グロース（内国株式）,9050,サービス業,10,情報通信・サービスその他,-,-
20260831,7098,エージェント,PRO Market,9050,サービス業,10,情報通信・サービスその他,-,-
20260831,7102,日本車輌製造,プライム（内国株式）,3700,輸送用機器,6,自動車・輸送機,7,TOPIX Small 2
20260831,7110,クラシコム,グロース（内国株式）,6100,小売業,14,小売,-,-
20260831,7111,ＩＮＥＳＴ,スタンダード（内国株式）,6050,卸売業,13,商社・卸売,-,-
20260831,7112,キューブ,グロース（内国株式）,6100,小売業,14,小売,-,-
20260831,7114,フーディソン,グロース（内国株式）,6050,卸売業,13,商社・卸売,-,-
20260831,7115,アルファパーチェス,スタンダード（内国株式）,6050,卸売業,13,商社・卸売,-,-
20260831,7119,ハルメクホールディングス,グロース（内国株式）,6100,小売業,14,小売,-,-
20260831,7120,ＳＨＩＮＫＯ,スタンダード（内国株式）,6050,卸売業,13,商社・卸売,-,-
20260831,7122,近畿車輛,スタンダード（内国株式）,3700,輸送用機器,6,自動車・輸送機,-,-
20260831,7126,グローバルスタイル,スタンダード（内国株式）,6100,小売業,14,小売,-,-
20260831,7127,一家ホールディングス,スタンダード（内国株式）,6100,小売業,14,小売,-,-
20260831,7128,ユニソルホールディングス,プライム（内国株式）,6050,卸売業,13,商社・卸売,6,TOPIX Small 1
20260831,7129,ミアヘルサホールディングス,スタンダード（内国株式）,6100,小売業,14,小売,-,-
20260831,7130,ヤマエグループホールディングス,プライム（内国株式）,6050,卸売業,13,商社・卸売,6,TOPIX Small 1
20260831,7131,のむら産業,スタンダード（内国株式）,6050,卸売業,13,商社・卸売,-,-
20260831,7132,フローバル,PRO Market,6050,卸売業,13,商社・卸売,-,-
20260831,7133,ＨＹＵＧＡ　ＰＲＩＭＡＲＹ　ＣＡＲＥ,グロース（内国株式）,6100,小売業,14,小売,-,-
20260831,7134,アップガレージグループ,スタンダード（内国株式）,6100,小売業,14,小売,-,-
20260831,7135,ジャパンクラフトホールディングス,スタンダード（内国株式）,6100,小売業,14,小売,-,-
20260831,7137,グラントマト,PRO Market,6100,小売業,14,小売,-,-
20260831,7138,ＴＯＲＩＣＯ,グロース（内国株式）,6100,小売業,14,小売,-,-
20260831,7139,東京高圧山崎,PRO Market,6050,卸売業,13,商社・卸売,-,-
20260831,7140,ペットゴー,グロース（内国株式）,6100,小売業,14,小売,-,-
20260831,7148,ＦＰＧ,プライム（内国株式）,7100,証券、商品先物取引業,16,金融（除く銀行）,6,TOPIX Small 1
20260831,7150,島根銀行,スタンダード（内国株式）,7050,銀行業,15,銀行,-,-
20260831,7157,ライフネット生命保険,プライム（内国株式）,7150,保険業,16,金融（除く銀行）,6,TOPIX Small 1
20260831,7161,じもとホールディングス,スタンダード（内国株式）,7050,銀行業,15,銀行,-,-
20260831,7162,アストマックス,スタンダード（内国株式）,4050,電気・ガス業,11,電力・ガス,-,-
20260831,7164,全国保証,プライム（内国株式）,7200,その他金融業,16,金融（除く銀行）,4,TOPIX Mid400
20260831,7167,めぶきフィナンシャルグループ,プライム（内国株式）,7050,銀行業,15,銀行,4,TOPIX Mid400
20260831,7170,中央インターナショナルグループ,PRO Market,7150,保険業,16,金融（除く銀行）,-,-
20260831,7172,ジャパンインベストメントアドバイザー,プライム（内国株式）,7100,証券、商品先物取引業,16,金融（除く銀行）,6,TOPIX Small 1
20260831,7173,東京きらぼしフィナンシャルグループ,プライム（内国株式）,7050,銀行業,15,銀行,6,TOPIX Small 1
20260831,7175,今村証券,スタンダード（内国株式）,7100,証券、商品先物取引業,16,金融（除く銀行）,-,-
20260831,7176,シンプレクス・ファイナンシャル・ホールディングス,PRO Market,7100,証券、商品先物取引業,16,金融（除く銀行）,-,-
20260831,7177,ＧＭＯフィナンシャルホールディングス,スタンダード（内国株式）,7100,証券、商品先物取引業,16,金融（除く銀行）,-,-
20260831,7180,九州フィナンシャルグループ,プライム（内国株式）,7050,銀行業,15,銀行,4,TOPIX Mid400
20260831,7181,かんぽ生命保険,プライム（内国株式）,7150,保険業,16,金融（除く銀行）,4,TOPIX Mid400
20260831,7182,ゆうちょ銀行,プライム（内国株式）,7050,銀行業,15,銀行,2,TOPIX Large70
20260831,7183,あんしん保証,スタンダード（内国株式）,7200,その他金融業,16,金融（除く銀行）,-,-
20260831,7184,富山第一銀行,プライム（内国株式）,7050,銀行業,15,銀行,6,TOPIX Small 1
20260831,7185,ヒロセ通商,スタンダード（内国株式）,7100,証券、商品先物取引業,16,金融（除く銀行）,-,-
20260831,7186,横浜フィナンシャルグループ,プライム（内国株式）,7050,銀行業,15,銀行,4,TOPIX Mid400
20260831,7187,ジェイリース,プライム（内国株式）,7200,その他金融業,16,金融（除く銀行）,7,TOPIX Small 2
20260831,7189,西日本フィナンシャルホールディングス,プライム（内国株式）,7050,銀行業,15,銀行,4,TOPIX Mid400
20260831,7191,イントラスト,スタンダード（内国株式）,7200,その他金融業,16,金融（除く銀行）,-,-
20260831,7192,日本モーゲージサービス,スタンダード（内国株式）,7200,その他金融業,16,金融（除く銀行）,-,-
20260831,7196,Ｃａｓａ,スタンダード（内国株式）,7200,その他金融業,16,金融（除く銀行）,-,-
20260831,7198,ＳＢＩアルヒ,プライム（内国株式）,7200,その他金融業,16,金融（除く銀行）,7,TOPIX Small 2
20260831,7199,プレミアグループ,プライム（内国株式）,7200,その他金融業,16,金融（除く銀行）,6,TOPIX Small 1
20260831,7201,日産自動車,プライム（内国株式）,3700,輸送用機器,6,自動車・輸送機,4,TOPIX Mid400
20260831,7202,いすゞ自動車,プライム（内国株式）,3700,輸送用機器,6,自動車・輸送機,4,TOPIX Mid400
20260831,7203,トヨタ自動車,プライム（内国株式）,3700,輸送用機器,6,自動車・輸送機,1,TOPIX Core30
20260831,7208,カネミツ,スタンダード（内国株式）,3700,輸送用機器,6,自動車・輸送機,-,-
20260831,7211,三菱自動車工業,プライム（内国株式）,3700,輸送用機器,6,自動車・輸送機,4,TOPIX Mid400
20260831,7212,エフテック,スタンダード（内国株式）,3700,輸送用機器,6,自動車・輸送機,-,-
20260831,7213,レシップホールディングス,スタンダード（内国株式）,3700,輸送用機器,6,自動車・輸送機,-,-
20260831,7214,ＧＭＢ,スタンダード（内国株式）,3700,輸送用機器,6,自動車・輸送機,-,-
20260831,7215,ファルテック,スタンダード（内国株式）,3700,輸送用機器,6,自動車・輸送機,-,-
20260831,7217,テイン,スタンダード（内国株式）,3700,輸送用機器,6,自動車・輸送機,-,-
20260831,7218,田中精密工業,スタンダード（内国株式）,3700,輸送用機器,6,自動車・輸送機,-,-
20260831,7219,エッチ・ケー・エス,スタンダード（内国株式）,3700,輸送用機器,6,自動車・輸送機,-,-
20260831,7220,武蔵精密工業,プライム（内国株式）,3700,輸送用機器,6,自動車・輸送機,6,TOPIX Small 1
20260831,7222,日産車体,スタンダード（内国株式）,3700,輸送用機器,6,自動車・輸送機,7,TOPIX Small 2
20260831,7224,新明和工業,プライム（内国株式）,3700,輸送用機器,6,自動車・輸送機,6,TOPIX Small 1
20260831,7226,極東開発工業,プライム（内国株式）,3700,輸送用機器,6,自動車・輸送機,6,TOPIX Small 1
20260831,7228,デイトナ,スタンダード（内国株式）,3700,輸送用機器,6,自動車・輸送機,-,-
20260831,7231,トピー工業,プライム（内国株式）,3700,輸送用機器,6,自動車・輸送機,7,TOPIX Small 2
20260831,7235,東京ラヂエーター製造,スタンダード（内国株式）,3700,輸送用機器,6,自動車・輸送機,-,-
20260831,7236,ティラド,プライム（内国株式）,3700,輸送用機器,6,自動車・輸送機,7,TOPIX Small 2
20260831,7238,曙ブレーキ工業,プライム（内国株式）,3700,輸送用機器,6,自動車・輸送機,7,TOPIX Small 2
20260831,7239,タチエス,プライム（内国株式）,3700,輸送用機器,6,自動車・輸送機,6,TOPIX Small 1
20260831,7240,ＮＯＫ,プライム（内国株式）,3700,輸送用機器,6,自動車・輸送機,4,TOPIX Mid400
20260831,7241,フタバ産業,プライム（内国株式）,3700,輸送用機器,6,自動車・輸送機,6,TOPIX Small 1
20260831,7242,カヤバ,プライム（内国株式）,3700,輸送用機器,6,自動車・輸送機,6,TOPIX Small 1
20260831,7244,市光工業,プライム（内国株式）,3650,電気機器,9,電機・精密,7,TOPIX Small 2
20260831,7245,大同メタル工業,プライム（内国株式）,3700,輸送用機器,6,自動車・輸送機,7,TOPIX Small 2
20260831,7246,プレス工業,プライム（内国株式）,3700,輸送用機器,6,自動車・輸送機,6,TOPIX Small 1
20260831,7247,ミクニ,スタンダード（内国株式）,3700,輸送用機器,6,自動車・輸送機,-,-
20260831,7254,ユニバンス,スタンダード（内国株式）,3700,輸送用機器,6,自動車・輸送機,-,-
20260831,7255,桜井製作所,スタンダード（内国株式）,3700,輸送用機器,6,自動車・輸送機,-,-
20260831,7256,河西工業,スタンダード（内国株式）,3700,輸送用機器,6,自動車・輸送機,-,-
20260831,7259,アイシン,プライム（内国株式）,3700,輸送用機器,6,自動車・輸送機,4,TOPIX Mid400
20260831,7261,マツダ,プライム（内国株式）,3700,輸送用機器,6,自動車・輸送機,4,TOPIX Mid400
20260831,7264,ムロコーポレーション,スタンダード（内国株式）,3700,輸送用機器,6,自動車・輸送機,-,-
20260831,7265,エイケン工業,スタンダード（内国株式）,3700,輸送用機器,6,自動車・輸送機,-,-
20260831,7266,今仙電機製作所,スタンダード（内国株式）,3700,輸送用機器,6,自動車・輸送機,-,-
20260831,7267,本田技研工業,プライム（内国株式）,3700,輸送用機器,6,自動車・輸送機,1,TOPIX Core30
20260831,7269,スズキ,プライム（内国株式）,3700,輸送用機器,6,自動車・輸送機,2,TOPIX Large70
20260831,7270,ＳＵＢＡＲＵ,プライム（内国株式）,3700,輸送用機器,6,自動車・輸送機,2,TOPIX Large70
20260831,7271,安永,スタンダード（内国株式）,3700,輸送用機器,6,自動車・輸送機,-,-
20260831,7272,ヤマハ発動機,プライム（内国株式）,3700,輸送用機器,6,自動車・輸送機,4,TOPIX Mid400
20260831,7273,イクヨ,スタンダード（内国株式）,3700,輸送用機器,6,自動車・輸送機,-,-
20260831,7276,小糸製作所,プライム（内国株式）,3650,電気機器,9,電機・精密,4,TOPIX Mid400
20260831,7277,ＴＢＫ,スタンダード（内国株式）,3700,輸送用機器,6,自動車・輸送機,-,-
20260831,7278,エクセディ,プライム（内国株式）,3700,輸送用機器,6,自動車・輸送機,6,TOPIX Small 1
20260831,7279,ハイレックスコーポレーション,スタンダード（内国株式）,3700,輸送用機器,6,自動車・輸送機,-,-
20260831,7280,ミツバ,プライム（内国株式）,3650,電気機器,9,電機・精密,6,TOPIX Small 1
20260831,7282,豊田合成,プライム（内国株式）,3700,輸送用機器,6,自動車・輸送機,4,TOPIX Mid400
20260831,7283,愛三工業,プライム（内国株式）,3700,輸送用機器,6,自動車・輸送機,6,TOPIX Small 1
20260831,7284,盟和産業,スタンダード（内国株式）,3700,輸送用機器,6,自動車・輸送機,-,-
20260831,7287,日本精機,スタンダード（内国株式）,3700,輸送用機器,6,自動車・輸送機,-,-
20260831,7291,日本プラスト,スタンダード（内国株式）,3700,輸送用機器,6,自動車・輸送機,-,-
20260831,7292,村上開明堂,スタンダード（内国株式）,3700,輸送用機器,6,自動車・輸送機,-,-
20260831,7294,ヨロズ,プライム（内国株式）,3700,輸送用機器,6,自動車・輸送機,7,TOPIX Small 2
20260831,7296,エフ・シー・シー,プライム（内国株式）,3700,輸送用機器,6,自動車・輸送機,6,TOPIX Small 1
20260831,7297,カーメイト,スタンダード（内国株式）,3700,輸送用機器,6,自動車・輸送機,-,-
20260831,7299,フジオーゼックス,スタンダード（内国株式）,3700,輸送用機器,6,自動車・輸送機,-,-
20260831,7305,新家工業,スタンダード（内国株式）,3450,鉄鋼,7,鉄鋼・非鉄,-,-
20260831,7309,シマノ,プライム（内国株式）,3700,輸送用機器,6,自動車・輸送機,2,TOPIX Large70
20260831,7313,テイ・エス　テック,プライム（内国株式）,3700,輸送用機器,6,自動車・輸送機,4,TOPIX Mid400
20260831,7314,小田原機器,スタンダード（内国株式）,3700,輸送用機器,6,自動車・輸送機,-,-
20260831,7318,セレンディップ・ホールディングス,グロース（内国株式）,3700,輸送用機器,6,自動車・輸送機,-,-
20260831,7320,Ｓｏｌｖｖｙ,グロース（内国株式）,7200,その他金融業,16,金融（除く銀行）,-,-
20260831,7322,三十三フィナンシャルグループ,プライム（内国株式）,7050,銀行業,15,銀行,7,TOPIX Small 2
20260831,7325,アイリックコーポレーション,グロース（内国株式）,7150,保険業,16,金融（除く銀行）,-,-
20260831,7326,ＳＢＩインシュアランスグループ,グロース（内国株式）,7150,保険業,16,金融（除く銀行）,-,-
20260831,7327,第四北越フィナンシャルグループ,プライム（内国株式）,7050,銀行業,15,銀行,6,TOPIX Small 1
20260831,7337,ひろぎんホールディングス,プライム（内国株式）,7050,銀行業,15,銀行,4,TOPIX Mid400
20260831,7343,ブロードマインド,グロース（内国株式）,7150,保険業,16,金融（除く銀行）,-,-
20260831,7345,アイ・パートナーズフィナンシャル,グロース（内国株式）,7200,その他金融業,16,金融（除く銀行）,-,-
20260831,7347,マーキュリアホールディングス,プライム（内国株式）,7100,証券、商品先物取引業,16,金融（除く銀行）,-,-
20260831,7350,おきなわフィナンシャルグループ,プライム（内国株式）,7050,銀行業,15,銀行,6,TOPIX Small 1
20260831,7351,グッドパッチ,グロース（内国株式）,9050,サービス業,10,情報通信・サービスその他,-,-
20260831,7352,ＴＷＯＳＴＯＮＥ＆Ｓｏｎｓ,グロース（内国株式）,9050,サービス業,10,情報通信・サービスその他,-,-
20260831,7353,ＫＩＹＯラーニング,グロース（内国株式）,9050,サービス業,10,情報通信・サービスその他,-,-
20260831,7354,ダイレクトマーケティングミックス,スタンダード（内国株式）,9050,サービス業,10,情報通信・サービスその他,7,TOPIX Small 2
20260831,7355,一寸房,PRO Market,9050,サービス業,10,情報通信・サービスその他,-,-
20260831,7356,Ｒｅｔｔｙ,グロース（内国株式）,9050,サービス業,10,情報通信・サービスその他,-,-
20260831,7357,ジオコード,スタンダード（内国株式）,9050,サービス業,10,情報通信・サービスその他,-,-
20260831,7358,ポピンズ,スタンダード（内国株式）,9050,サービス業,10,情報通信・サービスその他,7,TOPIX Small 2
20260831,7359,東京通信グループ,グロース（内国株式）,9050,サービス業,10,情報通信・サービスその他,-,-
20260831,7360,オンデック,グロース（内国株式）,9050,サービス業,10,情報通信・サービスその他,-,-
20260831,7361,ヒューマンクリエイションホールディングス,グロース（内国株式）,9050,サービス業,10,情報通信・サービスその他,-,-
20260831,7362,Ｔ．Ｓ．Ｉ,グロース（内国株式）,9050,サービス業,10,情報通信・サービスその他,-,-
20260831,7363,ベビーカレンダー,グロース（内国株式）,9050,サービス業,10,情報通信・サービスその他,-,-
20260831,7364,琉球アスティーダスポーツクラブ,PRO Market,9050,サービス業,10,情報通信・サービスその他,-,-
20260831,7366,ＬＩＴＡＬＩＣＯ,プライム（内国株式）,9050,サービス業,10,情報通信・サービスその他,7,TOPIX Small 2
20260831,7367,セルム,スタンダード（内国株式）,9050,サービス業,10,情報通信・サービスその他,-,-
20260831,7368,表示灯,スタンダード（内国株式）,9050,サービス業,10,情報通信・サービスその他,-,-
20260831,7369,メイホーホールディングス,グロース（内国株式）,9050,サービス業,10,情報通信・サービスその他,-,-
20260831,7370,Ｅｎｊｉｎ,グロース（内国株式）,9050,サービス業,10,情報通信・サービスその他,-,-
20260831,7371,Ｚｅｎｋｅｎ,グロース（内国株式）,9050,サービス業,10,情報通信・サービスその他,-,-
20260831,7372,デコルテ・ホールディングス,グロース（内国株式）,9050,サービス業,10,情報通信・サービスその他,-,-
20260831,7373,アイドマ・ホールディングス,グロース（内国株式）,9050,サービス業,10,情報通信・サービスその他,-,-
20260831,7374,コンフィデンス・インターワークス,グロース（内国株式）,9050,サービス業,10,情報通信・サービスその他,-,-
20260831,7375,リファインバースグループ,グロース（内国株式）,9050,サービス業,10,情報通信・サービスその他,-,-
20260831,7376,ＢＣＣ,グロース（内国株式）,9050,サービス業,10,情報通信・サービスその他,-,-
20260831,7377,ＤＮホールディングス,スタンダード（内国株式）,9050,サービス業,10,情報通信・サービスその他,-,-
20260831,7378,アシロ,グロース（内国株式）,9050,サービス業,10,情報通信・サービスその他,-,-
20260831,7380,十六フィナンシャルグループ,プライム（内国株式）,7050,銀行業,15,銀行,6,TOPIX Small 1
20260831,7381,ＣＣＩグループ,プライム（内国株式）,7050,銀行業,15,銀行,6,TOPIX Small 1
20260831,7383,ネットプロテクションズホールディングス,プライム（内国株式）,7200,その他金融業,16,金融（除く銀行）,6,TOPIX Small 1
20260831,7384,プロクレアホールディングス,プライム（内国株式）,7050,銀行業,15,銀行,7,TOPIX Small 2
20260831,7388,ＦＰパートナー,プライム（内国株式）,7150,保険業,16,金融（除く銀行）,7,TOPIX Small 2
20260831,7389,あいちフィナンシャルグループ,プライム（内国株式）,7050,銀行業,15,銀行,6,TOPIX Small 1
20260831,7399,ナンシン,スタンダード（内国株式）,3700,輸送用機器,6,自動車・輸送機,-,-
20260831,7409,ＡｅｒｏＥｄｇｅ,グロース（内国株式）,3700,輸送用機器,6,自動車・輸送機,-,-
20260831,7412,アトム,スタンダード（内国株式）,6100,小売業,14,小売,-,-
20260831,7413,創健社,スタンダード（内国株式）,6050,卸売業,13,商社・卸売,-,-
20260831,7414,小野建,プライム（内国株式）,6050,卸売業,13,商社・卸売,7,TOPIX Small 2
20260831,7416,はるやまホールディングス,スタンダード（内国株式）,6100,小売業,14,小売,-,-
20260831,7417,南陽,スタンダード（内国株式）,6050,卸売業,13,商社・卸売,-,-
20260831,7419,ノジマ,プライム（内国株式）,6100,小売業,14,小売,6,TOPIX Small 1
20260831,7421,カッパ・クリエイト,プライム（内国株式）,6100,小売業,14,小売,6,TOPIX Small 1
20260831,7422,東邦レマック,スタンダード（内国株式）,6050,卸売業,13,商社・卸売,-,-
20260831,7425,初穂商事,スタンダード（内国株式）,6050,卸売業,13,商社・卸売,-,-
20260831,7426,山大,スタンダード（内国株式）,6050,卸売業,13,商社・卸売,-,-
20260831,7427,エコートレーディング,スタンダード（内国株式）,6050,卸売業,13,商社・卸売,-,-
20260831,7433,伯東,プライム（内国株式）,6050,卸売業,13,商社・卸売,6,TOPIX Small 1
20260831,7434,オータケ,スタンダード（内国株式）,6050,卸売業,13,商社・卸売,-,-
20260831,7435,ナ・デックス,スタンダード（内国株式）,6050,卸売業,13,商社・卸売,-,-
20260831,7438,コンドーテック,プライム（内国株式）,6050,卸売業,13,商社・卸売,7,TOPIX Small 2
20260831,7442,中山福,スタンダード（内国株式）,6050,卸売業,13,商社・卸売,-,-
20260831,7443,横浜魚類,スタンダード（内国株式）,6050,卸売業,13,商社・卸売,-,-
20260831,7444,ハリマ共和物産,スタンダード（内国株式）,6050,卸売業,13,商社・卸売,-,-
20260831,7446,東北化学薬品,スタンダード（内国株式）,6050,卸売業,13,商社・卸売,-,-
20260831,7447,ナガイレーベン,プライム（内国株式）,6050,卸売業,13,商社・卸売,7,TOPIX Small 2
20260831,7453,良品計画,プライム（内国株式）,6100,小売業,14,小売,4,TOPIX Mid400
20260831,7456,松田産業,プライム（内国株式）,6050,卸売業,13,商社・卸売,6,TOPIX Small 1
20260831,7458,第一興商,プライム（内国株式）,6050,卸売業,13,商社・卸売,4,TOPIX Mid400
20260831,7459,メディパルホールディングス,プライム（内国株式）,6050,卸売業,13,商社・卸売,4,TOPIX Mid400
20260831,7460,ヤギ,スタンダード（内国株式）,6050,卸売業,13,商社・卸売,-,-
20260831,7461,キムラ,スタンダード（内国株式）,6050,卸売業,13,商社・卸売,-,-
20260831,7462,ＣＡＰＩＴＡ,スタンダード（内国株式）,6100,小売業,14,小売,-,-
20260831,7463,アドヴァングループ,スタンダード（内国株式）,6100,小売業,14,小売,7,TOPIX Small 2
20260831,7464,セフテック,スタンダード（内国株式）,6050,卸売業,13,商社・卸売,-,-
20260831,7466,ＳＰＫ,プライム（内国株式）,6050,卸売業,13,商社・卸売,7,TOPIX Small 2
20260831,7472,鳥羽洋行,スタンダード（内国株式）,6050,卸売業,13,商社・卸売,-,-
20260831,7475,アルビス,プライム（内国株式）,6100,小売業,14,小売,7,TOPIX Small 2
20260831,7476,アズワン,プライム（内国株式）,6050,卸売業,13,商社・卸売,4,TOPIX Mid400
20260831,7477,ムラキ,スタンダード（内国株式）,6050,卸売業,13,商社・卸売,-,-
20260831,7480,スズデン,スタンダード（内国株式）,6050,卸売業,13,商社・卸売,7,TOPIX Small 2
20260831,7481,尾家産業,スタンダード（内国株式）,6050,卸売業,13,商社・卸売,-,-
20260831,7482,シモジマ,プライム（内国株式）,6050,卸売業,13,商社・卸売,7,TOPIX Small 2
20260831,7483,ドウシシャ,プライム（内国株式）,6050,卸売業,13,商社・卸売,7,TOPIX Small 2
20260831,7486,サンリン,スタンダード（内国株式）,6050,卸売業,13,商社・卸売,-,-
20260831,7487,小津産業,スタンダード（内国株式）,6050,卸売業,13,商社・卸売,-,-
20260831,7490,日新商事,スタンダード（内国株式）,6050,卸売業,13,商社・卸売,-,-
20260831,7494,コナカ,スタンダード（内国株式）,6100,小売業,14,小売,-,-
20260831,7500,西川計測,スタンダード（内国株式）,6050,卸売業,13,商社・卸売,-,-
20260831,7501,ティムコ,スタンダード（内国株式）,6050,卸売業,13,商社・卸売,-,-
20260831,7502,プラザホールディングス,スタンダード（内国株式）,9050,サービス業,10,情報通信・サービスその他,-,-
20260831,7504,高速,プライム（内国株式）,6050,卸売業,13,商社・卸売,7,TOPIX Small 2
20260831,7505,扶桑電通,スタンダード（内国株式）,6050,卸売業,13,商社・卸売,-,-
20260831,7506,ハウス　オブ　ローゼ,スタンダード（内国株式）,6100,小売業,14,小売,-,-
20260831,7508,Ｇ‐７ホールディングス,プライム（内国株式）,6100,小売業,14,小売,7,TOPIX Small 2
20260831,7509,アイエーグループ,スタンダード（内国株式）,6100,小売業,14,小売,-,-
20260831,7510,たけびし,プライム（内国株式）,6050,卸売業,13,商社・卸売,7,TOPIX Small 2
20260831,7512,イオン北海道,スタンダード（内国株式）,6100,小売業,14,小売,6,TOPIX Small 1
20260831,7513,コジマ,プライム（内国株式）,6100,小売業,14,小売,6,TOPIX Small 1
20260831,7514,ヒマラヤ,スタンダード（内国株式）,6100,小売業,14,小売,-,-
20260831,7515,マルヨシセンター,スタンダード（内国株式）,6100,小売業,14,小売,-,-
20260831,7516,コーナン商事,プライム（内国株式）,6100,小売業,14,小売,6,TOPIX Small 1
20260831,7520,エコス,プライム（内国株式）,6100,小売業,14,小売,7,TOPIX Small 2
20260831,7521,ムサシ,スタンダード（内国株式）,6050,卸売業,13,商社・卸売,-,-
20260831,7522,ワタミ,プライム（内国株式）,6100,小売業,14,小売,7,TOPIX Small 2
20260831,7523,アールビバン,スタンダード（内国株式）,6100,小売業,14,小売,-,-
20260831,7524,マルシェ,スタンダード（内国株式）,6100,小売業,14,小売,-,-
20260831,7525,リックス,プライム（内国株式）,6050,卸売業,13,商社・卸売,7,TOPIX Small 2
20260831,7527,システムソフト,スタンダード（内国株式）,5250,情報・通信業,10,情報通信・サービスその他,7,TOPIX Small 2
20260831,7531,清和中央ホールディングス,スタンダード（内国株式）,6050,卸売業,13,商社・卸売,-,-
20260831,7532,パン・パシフィック・インターナショナルホールディングス,プライム（内国株式）,6100,小売業,14,小売,4,TOPIX Mid400
20260831,7537,丸文,プライム（内国株式）,6050,卸売業,13,商社・卸売,7,TOPIX Small 2
20260831,7538,大水,スタンダード（内国株式）,6050,卸売業,13,商社・卸売,-,-
20260831,7539,アイナボホールディングス,スタンダード（内国株式）,6050,卸売業,13,商社・卸売,-,-
20260831,7544,スリーエフ,スタンダード（内国株式）,6100,小売業,14,小売,-,-
20260831,7545,西松屋チェーン,プライム（内国株式）,6100,小売業,14,小売,6,TOPIX Small 1
20260831,7550,ゼンショーホールディングス,プライム（内国株式）,6100,小売業,14,小売,4,TOPIX Mid400
20260831,75505,ゼンショーホールディングス第１回社債型種類株式,プライム（内国株式）,6100,小売業,14,小売,-,-
20260831,7551,ウェッズ,スタンダード（内国株式）,3700,輸送用機器,6,自動車・輸送機,-,-
20260831,7552,ハピネット,プライム（内国株式）,6050,卸売業,13,商社・卸売,6,TOPIX Small 1
20260831,7554,幸楽苑,プライム（内国株式）,6100,小売業,14,小売,7,TOPIX Small 2
20260831,7555,大田花き,スタンダード（内国株式）,6050,卸売業,13,商社・卸売,-,-
20260831,7561,ハークスレイホールディングス,スタンダード（内国株式）,6100,小売業,14,小売,-,-
20260831,7562,安楽亭,スタンダード（内国株式）,6100,小売業,14,小売,-,-
20260831,7564,ワークマン,スタンダード（内国株式）,6100,小売業,14,小売,-,-
20260831,7565,萬世電機,スタンダード（内国株式）,6050,卸売業,13,商社・卸売,-,-
20260831,7567,栄電子,スタンダード（内国株式）,6050,卸売業,13,商社・卸売,-,-
20260831,7570,橋本総業ホールディングス,スタンダード（内国株式）,6050,卸売業,13,商社・卸売,7,TOPIX Small 2
20260831,7571,ヤマノホールディングス,スタンダード（内国株式）,6100,小売業,14,小売,-,-
20260831,7575,日本ライフライン,プライム（内国株式）,6050,卸売業,13,商社・卸売,6,TOPIX Small 1
20260831,7578,ニチリョク,スタンダード（内国株式）,6100,小売業,14,小売,-,-
20260831,7581,サイゼリヤ,プライム（内国株式）,6100,小売業,14,小売,6,TOPIX Small 1
20260831,7585,かんなん丸,スタンダード（内国株式）,6100,小売業,14,小売,-,-
20260831,7590,タカショー,スタンダード（内国株式）,6050,卸売業,13,商社・卸売,7,TOPIX Small 2
20260831,7593,ＶＴホールディングス,プライム（内国株式）,6100,小売業,14,小売,6,TOPIX Small 1
20260831,7595,アルゴグラフィックス,プライム（内国株式）,5250,情報・通信業,10,情報通信・サービスその他,6,TOPIX Small 1
20260831,7596,魚力,プライム（内国株式）,6100,小売業,14,小売,7,TOPIX Small 2
20260831,7599,ＩＤＯＭ,プライム（内国株式）,6050,卸売業,13,商社・卸売,6,TOPIX Small 1
20260831,7600,日本エム・ディ・エム,プライム（内国株式）,3750,精密機器,9,電機・精密,7,TOPIX Small 2
20260831,7601,ポプラ,スタンダード（内国株式）,6100,小売業,14,小売,-,-
20260831,7602,レダックス,スタンダード（内国株式）,6050,卸売業,13,商社・卸売,-,-
20260831,7603,ジーイエット,スタンダード（内国株式）,6100,小売業,14,小売,-,-
20260831,7604,梅の花グループ,スタンダード（内国株式）,6100,小売業,14,小売,-,-
20260831,7606,ユナイテッドアローズ,プライム（内国株式）,6100,小売業,14,小売,6,TOPIX Small 1
20260831,7607,進和,プライム（内国株式）,6050,卸売業,13,商社・卸売,7,TOPIX Small 2
20260831,7608,エスケイジャパン,スタンダード（内国株式）,6050,卸売業,13,商社・卸売,-,-
20260831,7609,ダイトロン,プライム（内国株式）,6050,卸売業,13,商社・卸売,7,TOPIX Small 2
20260831,7610,テイツー,スタンダード（内国株式）,6100,小売業,14,小売,-,-
20260831,7611,ハイデイ日高,プライム（内国株式）,6100,小売業,14,小売,6,TOPIX Small 1
20260831,7613,シークス,プライム（内国株式）,6050,卸売業,13,商社・卸売,6,TOPIX Small 1
20260831,7614,オーエムツーネットワーク,スタンダード（内国株式）,6100,小売業,14,小売,-,-
20260831,7615,京都きもの友禅ホールディングス,スタンダード（内国株式）,6100,小売業,14,小売,-,-
20260831,7616,コロワイド,プライム（内国株式）,6100,小売業,14,小売,4,TOPIX Mid400
20260831,7619,田中商事,スタンダード（内国株式）,6050,卸売業,13,商社・卸売,-,-
20260831,7621,うかい,スタンダード（内国株式）,6100,小売業,14,小売,-,-
20260831,7624,ＮａＩＴＯ,スタンダード（内国株式）,6050,卸売業,13,商社・卸売,-,-
20260831,7625,グローバルダイニング,スタンダード（内国株式）,6100,小売業,14,小売,-,-
20260831,7628,オーハシテクニカ,プライム（内国株式）,6050,卸売業,13,商社・卸売,7,TOPIX Small 2
20260831,7630,壱番屋,プライム（内国株式）,6100,小売業,14,小売,6,TOPIX Small 1
20260831,7634,星医療酸器,スタンダード（内国株式）,6050,卸売業,13,商社・卸売,-,-
20260831,7636,ハンズマン,スタンダード（内国株式）,6100,小売業,14,小売,-,-
20260831,7637,白銅,プライム（内国株式）,6050,卸売業,13,商社・卸売,7,TOPIX Small 2
20260831,7638,ＮＥＷ　ＡＲＴ　ＨＯＬＤＩＮＧＳ,スタンダード（内国株式）,6100,小売業,14,小売,-,-
20260831,7640,トップカルチャー,スタンダード（内国株式）,6100,小売業,14,小売,-,-
20260831,7643,ダイイチ,スタンダード（内国株式）,6100,小売業,14,小売,-,-
20260831,7646,ＰＬＡＮＴ,スタンダード（内国株式）,6100,小売業,14,小売,-,-
20260831,7649,スギホールディングス,プライム（内国株式）,6100,小売業,14,小売,4,TOPIX Mid400
20260831,7670,オーウエル,スタンダード（内国株式）,6050,卸売業,13,商社・卸売,-,-
20260831,7673,ダイコー通産,スタンダード（内国株式）,6050,卸売業,13,商社・卸売,-,-
20260831,7674,ＮＡＴＴＹ　ＳＷＡＮＫＹホールディングス,グロース（内国株式）,6100,小売業,14,小売,-,-
20260831,7677,ヤシマキザイ,スタンダード（内国株式）,6050,卸売業,13,商社・卸売,-,-
20260831,7678,あさくま,スタンダード（内国株式）,6100,小売業,14,小売,-,-
20260831,7679,薬王堂ホールディングス,プライム（内国株式）,6100,小売業,14,小売,7,TOPIX Small 2
20260831,7680,軽自動車館,PRO Market,6100,小売業,14,小売,-,-
20260831,7681,レオクラン,スタンダード（内国株式）,6050,卸売業,13,商社・卸売,-,-
20260831,7682,浜木綿,スタンダード（内国株式）,6100,小売業,14,小売,-,-
20260831,7683,ダブルエー,プライム（内国株式）,6100,小売業,14,小売,7,TOPIX Small 2
20260831,7685,ＢｕｙＳｅｌｌ　Ｔｅｃｈｎｏｌｏｇｉｅｓ,グロース（内国株式）,6050,卸売業,13,商社・卸売,-,-
20260831,7686,ひとまいる,スタンダード（内国株式）,6100,小売業,14,小売,-,-
20260831,7687,ミクリード,グロース（内国株式）,6050,卸売業,13,商社・卸売,-,-
20260831,7689,コパ・コーポレーション,グロース（内国株式）,6050,卸売業,13,商社・卸売,-,-
20260831,7690,カレント自動車,PRO Market,6050,卸売業,13,商社・卸売,-,-
20260831,7691,Ｃ　Ｃｈａｎｎｅｌ,PRO Market,6100,小売業,14,小売,-,-
20260831,7692,アースインフィニティ,スタンダード（内国株式）,4050,電気・ガス業,11,電力・ガス,-,-
20260831,7693,北海道歯科産業,PRO Market,6050,卸売業,13,商社・卸売,-,-
20260831,7694,いつも,グロース（内国株式）,6100,小売業,14,小売,-,-
20260831,7695,交換できるくん,グロース（内国株式）,6100,小売業,14,小売,-,-
20260831,7698,アイスコ,スタンダード（内国株式）,6050,卸売業,13,商社・卸売,-,-
20260831,7699,オムニ・プラス・システム・リミテッド　ＪＤＲ,グロース（外国株式）,6050,卸売業,13,商社・卸売,-,-
20260831,7701,島津製作所,プライム（内国株式）,3750,精密機器,9,電機・精密,4,TOPIX Mid400
20260831,7702,ＪＭＳ,スタンダード（内国株式）,3750,精密機器,9,電機・精密,7,TOPIX Small 2
20260831,7707,プレシジョン・システム・サイエンス,グロース（内国株式）,3750,精密機器,9,電機・精密,-,-
20260831,7709,クボテック,スタンダード（内国株式）,3750,精密機器,9,電機・精密,-,-
20260831,7711,助川電気工業,スタンダード（内国株式）,3750,精密機器,9,電機・精密,-,-
20260831,7713,シグマ光機,スタンダード（内国株式）,3750,精密機器,9,電機・精密,-,-
20260831,7715,長野計器,プライム（内国株式）,3750,精密機器,9,電機・精密,7,TOPIX Small 2
20260831,7716,ナカニシ,スタンダード（内国株式）,3750,精密機器,9,電機・精密,-,-
20260831,7717,ブイ・テクノロジー,プライム（内国株式）,3750,精密機器,9,電機・精密,7,TOPIX Small 2
20260831,7719,東京衡機,スタンダード（内国株式）,3750,精密機器,9,電機・精密,-,-
20260831,7721,東京計器,プライム（内国株式）,3750,精密機器,9,電機・精密,6,TOPIX Small 1
20260831,7722,国際計測器,スタンダード（内国株式）,3750,精密機器,9,電機・精密,-,-
20260831,7723,愛知時計電機,プライム（内国株式）,3750,精密機器,9,電機・精密,7,TOPIX Small 2
20260831,7725,インターアクション,プライム（内国株式）,3750,精密機器,9,電機・精密,7,TOPIX Small 2
20260831,7726,黒田精工,スタンダード（内国株式）,3600,機械,8,機械,-,-
20260831,7727,オーバル,スタンダード（内国株式）,3750,精密機器,9,電機・精密,-,-
20260831,7729,東京精密,プライム（内国株式）,3750,精密機器,9,電機・精密,4,TOPIX Mid400
20260831,7730,マニー,プライム（内国株式）,3750,精密機器,9,電機・精密,6,TOPIX Small 1
20260831,7731,ニコン,プライム（内国株式）,3750,精密機器,9,電機・精密,4,TOPIX Mid400
20260831,7733,オリンパス,プライム（内国株式）,3750,精密機器,9,電機・精密,2,TOPIX Large70
20260831,7734,理研計器,プライム（内国株式）,3750,精密機器,9,電機・精密,6,TOPIX Small 1
20260831,7735,ＳＣＲＥＥＮホールディングス,プライム（内国株式）,3650,電気機器,9,電機・精密,4,TOPIX Mid400
20260831,7740,タムロン,プライム（内国株式）,3750,精密機器,9,電機・精密,6,TOPIX Small 1
20260831,7741,ＨＯＹＡ,プライム（内国株式）,3750,精密機器,9,電機・精密,1,TOPIX Core30
20260831,7743,シード,スタンダード（内国株式）,3750,精密機器,9,電機・精密,-,-
20260831,7744,ノーリツ鋼機,プライム（内国株式）,3750,精密機器,9,電機・精密,6,TOPIX Small 1
20260831,7745,Ａ＆Ｄホロンホールディングス,プライム（内国株式）,3750,精密機器,9,電機・精密,6,TOPIX Small 1
20260831,7746,岡本硝子,スタンダード（内国株式）,3750,精密機器,9,電機・精密,-,-
20260831,7747,朝日インテック,プライム（内国株式）,3750,精密機器,9,電機・精密,4,TOPIX Mid400
20260831,7749,メディキット,スタンダード（内国株式）,3750,精密機器,9,電機・精密,-,-
20260831,7751,キヤノン,プライム（内国株式）,3650,電気機器,9,電機・精密,2,TOPIX Large70
20260831,7752,リコー,プライム（内国株式）,3650,電気機器,9,電機・精密,4,TOPIX Mid400
20260831,7760,ＩＭＶ,スタンダード（内国株式）,3750,精密機器,9,電機・精密,-,-
20260831,7762,シチズン時計,プライム（内国株式）,3750,精密機器,9,電機・精密,6,TOPIX Small 1
20260831,7769,リズム,プライム（内国株式）,3750,精密機器,9,電機・精密,-,-
20260831,7771,日本精密,スタンダード（内国株式）,3750,精密機器,9,電機・精密,-,-
20260831,7774,ジャパン・ティッシュエンジニアリング,グロース（内国株式）,3750,精密機器,9,電機・精密,-,-
20260831,7775,大研医器,スタンダード（内国株式）,3750,精密機器,9,電機・精密,-,-
20260831,7776,セルシード,グロース（内国株式）,3750,精密機器,9,電機・精密,-,-
20260831,7777,スリー・ディー・マトリックス,グロース（内国株式）,3750,精密機器,9,電機・精密,-,-
20260831,7779,ＣＹＢＥＲＤＹＮＥ,グロース（内国株式）,3750,精密機器,9,電機・精密,-,-
20260831,7780,メニコン,プライム（内国株式）,3750,精密機器,9,電機・精密,6,TOPIX Small 1
20260831,7781,平山ホールディングス,スタンダード（内国株式）,3750,精密機器,9,電機・精密,-,-
20260831,7782,シンシア,スタンダード（内国株式）,3750,精密機器,9,電機・精密,-,-
20260831,7791,ドリームベッド,スタンダード（内国株式）,3800,その他製品,10,情報通信・サービスその他,-,-
20260831,7792,コラントッテ,グロース（内国株式）,3800,その他製品,10,情報通信・サービスその他,-,-
20260831,7793,イメージ・マジック,グロース（内国株式）,3800,その他製品,10,情報通信・サービスその他,-,-
20260831,7794,イーディーピー,グロース（内国株式）,3800,その他製品,10,情報通信・サービスその他,-,-
20260831,7795,ＫＹＯＲＩＴＳＵ,スタンダード（内国株式）,3800,その他製品,10,情報通信・サービスその他,-,-
20260831,7800,アミファ,スタンダード（内国株式）,3800,その他製品,10,情報通信・サービスその他,-,-
20260831,7803,ブシロード,グロース（内国株式）,3800,その他製品,10,情報通信・サービスその他,-,-
20260831,7804,ビーアンドピー,スタンダード（内国株式）,3800,その他製品,10,情報通信・サービスその他,-,-
20260831,7805,プリントネット,スタンダード（内国株式）,3800,その他製品,10,情報通信・サービスその他,-,-
20260831,7806,ＭＴＧ,グロース（内国株式）,3800,その他製品,10,情報通信・サービスその他,-,-
20260831,7807,幸和製作所,スタンダード（内国株式）,3800,その他製品,10,情報通信・サービスその他,-,-
20260831,7808,シー・エス・ランバー,スタンダード（内国株式）,3800,その他製品,10,情報通信・サービスその他,-,-
20260831,7809,壽屋,スタンダード（内国株式）,3800,その他製品,10,情報通信・サービスその他,-,-
20260831,7810,クロスフォー,スタンダード（内国株式）,3800,その他製品,10,情報通信・サービスその他,-,-
20260831,7811,中本パックス,スタンダード（内国株式）,3800,その他製品,10,情報通信・サービスその他,-,-
20260831,7812,クレステック,スタンダード（内国株式）,3800,その他製品,10,情報通信・サービスその他,-,-
20260831,7813,プラッツ,スタンダード（内国株式）,3800,その他製品,10,情報通信・サービスその他,-,-
20260831,7814,日本創発グループ,スタンダード（内国株式）,3800,その他製品,10,情報通信・サービスその他,-,-
20260831,7815,東京ボード工業,スタンダード（内国株式）,3800,その他製品,10,情報通信・サービスその他,-,-
20260831,7818,トランザクション,プライム（内国株式）,3800,その他製品,10,情報通信・サービスその他,7,TOPIX Small 2
20260831,7819,粧美堂,スタンダード（内国株式）,3800,その他製品,10,情報通信・サービスその他,-,-
20260831,7820,ニホンフラッシュ,プライム（内国株式）,3800,その他製品,10,情報通信・サービスその他,7,TOPIX Small 2
20260831,7821,前田工繊,プライム（内国株式）,3800,その他製品,10,情報通信・サービスその他,6,TOPIX Small 1
20260831,7822,永大産業,スタンダード（内国株式）,3800,その他製品,10,情報通信・サービスその他,-,-
20260831,7823,アートネイチャー,スタンダード（内国株式）,3800,その他製品,10,情報通信・サービスその他,7,TOPIX Small 2
20260831,7826,フルヤ金属,プライム（内国株式）,3800,その他製品,10,情報通信・サービスその他,6,TOPIX Small 1
20260831,7827,オービス,スタンダード（内国株式）,3800,その他製品,10,情報通信・サービスその他,-,-
20260831,7831,ウイルコホールディングス,スタンダード（内国株式）,3800,その他製品,10,情報通信・サービスその他,-,-
20260831,7832,バンダイナムコホールディングス,プライム（内国株式）,3800,その他製品,10,情報通信・サービスその他,2,TOPIX Large70
20260831,7833,アイフィスジャパン,スタンダード（内国株式）,3800,その他製品,10,情報通信・サービスその他,-,-
20260831,7836,アビックス,スタンダード（内国株式）,3800,その他製品,10,情報通信・サービスその他,-,-
20260831,7837,アールシーコア,スタンダード（内国株式）,3800,その他製品,10,情報通信・サービスその他,-,-
20260831,7839,ＳＨＯＥＩ,プライム（内国株式）,3800,その他製品,10,情報通信・サービスその他,6,TOPIX Small 1
20260831,7840,フランスベッドホールディングス,プライム（内国株式）,3800,その他製品,10,情報通信・サービスその他,7,TOPIX Small 2
20260831,7841,遠藤製作所,スタンダード（内国株式）,3800,その他製品,10,情報通信・サービスその他,-,-
20260831,7844,マーベラス,プライム（内国株式）,5250,情報・通信業,10,情報通信・サービスその他,7,TOPIX Small 2
20260831,7846,パイロットコーポレーション,プライム（内国株式）,3800,その他製品,10,情報通信・サービスその他,4,TOPIX Mid400
20260831,7847,グラファイトデザイン,スタンダード（内国株式）,3800,その他製品,10,情報通信・サービスその他,-,-
20260831,7849,スターツ出版,スタンダード（内国株式）,5250,情報・通信業,10,情報通信・サービスその他,-,-
20260831,7850,総合商研,スタンダード（内国株式）,3800,その他製品,10,情報通信・サービスその他,-,-
20260831,7851,カワセコンピュータサプライ,スタンダード（内国株式）,3800,その他製品,10,情報通信・サービスその他,-,-
20260831,7856,萩原工業,プライム（内国株式）,3800,その他製品,10,情報通信・サービスその他,7,TOPIX Small 2
20260831,7857,セキ,スタンダード（内国株式）,3800,その他製品,10,情報通信・サービスその他,-,-
20260831,7859,アルメディオ,スタンダード（内国株式）,3800,その他製品,10,情報通信・サービスその他,-,-
20260831,7860,エイベックス,プライム（内国株式）,5250,情報・通信業,10,情報通信・サービスその他,6,TOPIX Small 1
20260831,7863,平賀,スタンダード（内国株式）,3800,その他製品,10,情報通信・サービスその他,-,-
20260831,7864,フジシールインターナショナル,プライム（内国株式）,3800,その他製品,10,情報通信・サービスその他,6,TOPIX Small 1
20260831,7865,ピープル,スタンダード（内国株式）,3800,その他製品,10,情報通信・サービスその他,-,-
20260831,7867,タカラトミー,プライム（内国株式）,3800,その他製品,10,情報通信・サービスその他,4,TOPIX Mid400
20260831,7868,広済堂ホールディングス,プライム（内国株式）,3800,その他製品,10,情報通信・サービスその他,7,TOPIX Small 2
20260831,7871,フクビ化学工業,スタンダード（内国株式）,3200,化学,4,素材・化学,-,-
20260831,7872,エステールホールディングス,スタンダード（内国株式）,3800,その他製品,10,情報通信・サービスその他,-,-
20260831,7874,レック,プライム（内国株式）,3200,化学,4,素材・化学,7,TOPIX Small 2
20260831,7875,竹田ｉＰホールディングス,スタンダード（内国株式）,3800,その他製品,10,情報通信・サービスその他,-,-
20260831,7877,永大化工,スタンダード（内国株式）,3200,化学,4,素材・化学,-,-
20260831,7878,光・彩,スタンダード（内国株式）,3800,その他製品,10,情報通信・サービスその他,-,-
20260831,7879,ノダ,スタンダード（内国株式）,3800,その他製品,10,情報通信・サービスその他,-,-
20260831,7883,サンメッセ,スタンダード（内国株式）,3800,その他製品,10,情報通信・サービスその他,-,-
20260831,7885,タカノ,スタンダード（内国株式）,3800,その他製品,10,情報通信・サービスその他,-,-
20260831,7886,ヤマト　モビリティ　＆　Ｍｆｇ．,スタンダード（内国株式）,3200,化学,4,素材・化学,-,-
20260831,7887,南海プライウッド,スタンダード（内国株式）,3800,その他製品,10,情報通信・サービスその他,-,-
20260831,7888,三光合成,プライム（内国株式）,3200,化学,4,素材・化学,7,TOPIX Small 2
20260831,7893,プロネクサス,プライム（内国株式）,3800,その他製品,10,情報通信・サービスその他,7,TOPIX Small 2
20260831,7896,セブン工業,スタンダード（内国株式）,3800,その他製品,10,情報通信・サービスその他,-,-
20260831,7897,ホクシン,スタンダード（内国株式）,3800,その他製品,10,情報通信・サービスその他,-,-
20260831,7898,ウッドワン,スタンダード（内国株式）,3800,その他製品,10,情報通信・サービスその他,-,-
20260831,7901,マツモト,スタンダード（内国株式）,3800,その他製品,10,情報通信・サービスその他,-,-
20260831,7902,ソノコム,スタンダード（内国株式）,3800,その他製品,10,情報通信・サービスその他,-,-
20260831,7906,ヨネックス,スタンダード（内国株式）,3800,その他製品,10,情報通信・サービスその他,-,-
20260831,7908,きもと,スタンダード（内国株式）,3200,化学,4,素材・化学,-,-
20260831,7911,ＴＯＰＰＡＮホールディングス,プライム（内国株式）,3800,その他製品,10,情報通信・サービスその他,4,TOPIX Mid400
20260831,7912,大日本印刷,プライム（内国株式）,3800,その他製品,10,情報通信・サービスその他,4,TOPIX Mid400
20260831,7914,共同印刷,プライム（内国株式）,3800,その他製品,10,情報通信・サービスその他,7,TOPIX Small 2
20260831,7915,ＮＩＳＳＨＡ,プライム（内国株式）,3800,その他製品,10,情報通信・サービスその他,6,TOPIX Small 1
20260831,7916,光村印刷,スタンダード（内国株式）,3800,その他製品,10,情報通信・サービスその他,-,-
20260831,7917,ＺＡＣＲＯＳ,プライム（内国株式）,3200,化学,4,素材・化学,7,TOPIX Small 2
20260831,7918,ヴィア・ホールディングス,スタンダード（内国株式）,6100,小売業,14,小売,-,-
20260831,7919,野崎印刷紙業,スタンダード（内国株式）,3800,その他製品,10,情報通信・サービスその他,-,-
20260831,7921,ＴＡＫＡＲＡ　＆　ＣＯＭＰＡＮＹ,プライム（内国株式）,3800,その他製品,10,情報通信・サービスその他,7,TOPIX Small 2
20260831,7927,ムトー精工,スタンダード（内国株式）,3200,化学,4,素材・化学,-,-
20260831,7928,旭化学工業,スタンダード（内国株式）,3200,化学,4,素材・化学,-,-
20260831,7931,未来工業,プライム（内国株式）,3200,化学,4,素材・化学,7,TOPIX Small 2
20260831,7932,ニッピ,スタンダード（内国株式）,3800,その他製品,10,情報通信・サービスその他,-,-
20260831,7936,アシックス,プライム（内国株式）,3800,その他製品,10,情報通信・サービスその他,2,TOPIX Large70
20260831,7937,ツツミ,スタンダード（内国株式）,3800,その他製品,10,情報通信・サービスその他,7,TOPIX Small 2
20260831,7938,リーガルコーポレーション,スタンダード（内国株式）,3800,その他製品,10,情報通信・サービスその他,-,-
20260831,7939,研創,スタンダード（内国株式）,3800,その他製品,10,情報通信・サービスその他,-,-
20260831,7942,ＪＳＰ,プライム（内国株式）,3200,化学,4,素材・化学,7,TOPIX Small 2
20260831,7943,ニチハ,プライム（内国株式）,3400,ガラス・土石製品,3,建設・資材,6,TOPIX Small 1
20260831,7944,ローランド,プライム（内国株式）,3800,その他製品,10,情報通信・サービスその他,6,TOPIX Small 1
20260831,7946,光陽社,スタンダード（内国株式）,3800,その他製品,10,情報通信・サービスその他,-,-
20260831,7947,エフピコ,プライム（内国株式）,3200,化学,4,素材・化学,6,TOPIX Small 1
20260831,7949,小松ウオール工業,プライム（内国株式）,3800,その他製品,10,情報通信・サービスその他,7,TOPIX Small 2
20260831,7951,ヤマハ,プライム（内国株式）,3800,その他製品,10,情報通信・サービスその他,4,TOPIX Mid400
20260831,7952,河合楽器製作所,プライム（内国株式）,3800,その他製品,10,情報通信・サービスその他,7,TOPIX Small 2
20260831,7953,菊水化学工業,スタンダード（内国株式）,3800,その他製品,10,情報通信・サービスその他,-,-
20260831,7955,クリナップ,プライム（内国株式）,3800,その他製品,10,情報通信・サービスその他,7,TOPIX Small 2
20260831,7956,ピジョン,プライム（内国株式）,3800,その他製品,10,情報通信・サービスその他,4,TOPIX Mid400
20260831,7957,フジコピアン,スタンダード（内国株式）,3800,その他製品,10,情報通信・サービスその他,-,-
20260831,7962,キングジム,プライム（内国株式）,3800,その他製品,10,情報通信・サービスその他,7,TOPIX Small 2
20260831,7963,興研,スタンダード（内国株式）,3800,その他製品,10,情報通信・サービスその他,-,-
20260831,7965,象印マホービン,プライム（内国株式）,3650,電気機器,9,電機・精密,6,TOPIX Small 1
20260831,7966,リンテック,プライム（内国株式）,3800,その他製品,10,情報通信・サービスその他,6,TOPIX Small 1
20260831,7970,信越ポリマー,プライム（内国株式）,3200,化学,4,素材・化学,6,TOPIX Small 1
20260831,7971,東リ,スタンダード（内国株式）,3200,化学,4,素材・化学,-,-
20260831,7972,イトーキ,プライム（内国株式）,3800,その他製品,10,情報通信・サービスその他,6,TOPIX Small 1
20260831,7974,任天堂,プライム（内国株式）,3800,その他製品,10,情報通信・サービスその他,1,TOPIX Core30
20260831,7975,リヒトラブ,スタンダード（内国株式）,3800,その他製品,10,情報通信・サービスその他,-,-
20260831,7976,三菱鉛筆,プライム（内国株式）,3800,その他製品,10,情報通信・サービスその他,6,TOPIX Small 1
20260831,7979,松風,プライム（内国株式）,3750,精密機器,9,電機・精密,7,TOPIX Small 2
20260831,7980,重松製作所,スタンダード（内国株式）,3800,その他製品,10,情報通信・サービスその他,-,-
20260831,7981,タカラスタンダード,プライム（内国株式）,3800,その他製品,10,情報通信・サービスその他,6,TOPIX Small 1
20260831,7983,ミロク,スタンダード（内国株式）,3800,その他製品,10,情報通信・サービスその他,-,-
20260831,7984,コクヨ,プライム（内国株式）,3800,その他製品,10,情報通信・サービスその他,4,TOPIX Mid400
20260831,7985,ネポン,スタンダード（内国株式）,3550,金属製品,3,建設・資材,-,-
20260831,7986,日本アイ・エス・ケイ,スタンダード（内国株式）,3800,その他製品,10,情報通信・サービスその他,-,-
20260831,7987,ナカバヤシ,スタンダード（内国株式）,3800,その他製品,10,情報通信・サービスその他,7,TOPIX Small 2
20260831,7988,ニフコ,プライム（内国株式）,3200,化学,4,素材・化学,4,TOPIX Mid400
20260831,7989,立川ブラインド工業,プライム（内国株式）,3550,金属製品,3,建設・資材,7,TOPIX Small 2
20260831,7990,グローブライド,プライム（内国株式）,3800,その他製品,10,情報通信・サービスその他,6,TOPIX Small 1
20260831,7991,マミヤ・オーピー,スタンダード（内国株式）,3600,機械,8,機械,-,-
20260831,7992,セーラー万年筆,スタンダード（内国株式）,3800,その他製品,10,情報通信・サービスその他,-,-
20260831,7994,オカムラ,プライム（内国株式）,3800,その他製品,10,情報通信・サービスその他,6,TOPIX Small 1
20260831,7995,バルカー,プライム（内国株式）,3200,化学,4,素材・化学,6,TOPIX Small 1
20260831,7997,くろがね工作所,スタンダード（内国株式）,3800,その他製品,10,情報通信・サービスその他,-,-
20260831,8001,伊藤忠商事,プライム（内国株式）,6050,卸売業,13,商社・卸売,1,TOPIX Core30
20260831,8002,丸紅,プライム（内国株式）,6050,卸売業,13,商社・卸売,2,TOPIX Large70
20260831,8005,スクロール,プライム（内国株式）,6100,小売業,14,小売,7,TOPIX Small 2
20260831,8006,ユアサ・フナショク,スタンダード（内国株式）,6050,卸売業,13,商社・卸売,-,-
20260831,8007,高島,プライム（内国株式）,6050,卸売業,13,商社・卸売,-,-
20260831,8008,ヨンドシーホールディングス,プライム（内国株式）,6100,小売業,14,小売,6,TOPIX Small 1
20260831,8011,三陽商会,プライム（内国株式）,3100,繊維製品,4,素材・化学,7,TOPIX Small 2
20260831,8012,長瀬産業,プライム（内国株式）,6050,卸売業,13,商社・卸売,4,TOPIX Mid400
20260831,8013,ナイガイ,スタンダード（内国株式）,3100,繊維製品,4,素材・化学,-,-
20260831,8014,蝶理,プライム（内国株式）,6050,卸売業,13,商社・卸売,7,TOPIX Small 2
20260831,8015,豊田通商,プライム（内国株式）,6050,卸売業,13,商社・卸売,2,TOPIX Large70
20260831,8016,オンワードホールディングス,プライム（内国株式）,3100,繊維製品,4,素材・化学,6,TOPIX Small 1
20260831,8018,三共生興,スタンダード（内国株式）,6050,卸売業,13,商社・卸売,7,TOPIX Small 2
20260831,8020,兼松,プライム（内国株式）,6050,卸売業,13,商社・卸売,4,TOPIX Mid400
20260831,8022,美津濃,プライム（内国株式）,3800,その他製品,10,情報通信・サービスその他,6,TOPIX Small 1
20260831,8023,ＤＡＩＫＯ　ＸＴＥＣＨ,スタンダード（内国株式）,5250,情報・通信業,10,情報通信・サービスその他,-,-
20260831,8025,ツカモトコーポレーション,スタンダード（内国株式）,6050,卸売業,13,商社・卸売,-,-
20260831,8029,ルックホールディングス,スタンダード（内国株式）,3100,繊維製品,4,素材・化学,7,TOPIX Small 2
20260831,8030,中央魚類,スタンダード（内国株式）,6050,卸売業,13,商社・卸売,-,-
20260831,8031,三井物産,プライム（内国株式）,6050,卸売業,13,商社・卸売,1,TOPIX Core30
20260831,8032,日本紙パルプ商事,プライム（内国株式）,6050,卸売業,13,商社・卸売,7,TOPIX Small 2
20260831,8035,東京エレクトロン,プライム（内国株式）,3650,電気機器,9,電機・精密,1,TOPIX Core30
20260831,8037,カメイ,プライム（内国株式）,6050,卸売業,13,商社・卸売,7,TOPIX Small 2
20260831,8039,築地魚市場,スタンダード（内国株式）,6050,卸売業,13,商社・卸売,-,-
20260831,8040,東京ソワール,スタンダード（内国株式）,3100,繊維製品,4,素材・化学,-,-
20260831,8041,ＯＵＧホールディングス,スタンダード（内国株式）,6050,卸売業,13,商社・卸売,-,-
20260831,8043,スターゼン,プライム（内国株式）,6050,卸売業,13,商社・卸売,7,TOPIX Small 2
20260831,8045,横浜丸魚,スタンダード（内国株式）,6050,卸売業,13,商社・卸売,-,-
20260831,8046,丸藤シートパイル,スタンダード（内国株式）,6050,卸売業,13,商社・卸売,-,-
20260831,8050,セイコーグループ,プライム（内国株式）,3750,精密機器,9,電機・精密,6,TOPIX Small 1
20260831,8051,山善,プライム（内国株式）,6050,卸売業,13,商社・卸売,6,TOPIX Small 1
20260831,8052,椿本興業,プライム（内国株式）,6050,卸売業,13,商社・卸売,7,TOPIX Small 2
20260831,8053,住友商事,プライム（内国株式）,6050,卸売業,13,商社・卸売,2,TOPIX Large70
20260831,8056,ＢＩＰＲＯＧＹ,プライム（内国株式）,5250,情報・通信業,10,情報通信・サービスその他,4,TOPIX Mid400
20260831,8057,内田洋行,プライム（内国株式）,6050,卸売業,13,商社・卸売,6,TOPIX Small 1
20260831,8058,三菱商事,プライム（内国株式）,6050,卸売業,13,商社・卸売,1,TOPIX Core30
20260831,8059,第一実業,プライム（内国株式）,6050,卸売業,13,商社・卸売,7,TOPIX Small 2
20260831,8060,キヤノンマーケティングジャパン,プライム（内国株式）,6050,卸売業,13,商社・卸売,4,TOPIX Mid400
20260831,8061,西華産業,プライム（内国株式）,6050,卸売業,13,商社・卸売,6,TOPIX Small 1
20260831,8065,佐藤商事,プライム（内国株式）,6050,卸売業,13,商社・卸売,7,TOPIX Small 2
20260831,8066,三谷商事,スタンダード（内国株式）,6050,卸売業,13,商社・卸売,-,-
20260831,8070,東京産業,プライム（内国株式）,6050,卸売業,13,商社・卸売,7,TOPIX Small 2
20260831,8074,ＹＵＡＳＡ,プライム（内国株式）,6050,卸売業,13,商社・卸売,6,TOPIX Small 1
20260831,8075,神鋼商事,プライム（内国株式）,6050,卸売業,13,商社・卸売,7,TOPIX Small 2
20260831,8076,カノークス,スタンダード（内国株式）,6050,卸売業,13,商社・卸売,-,-
20260831,8077,トルク,スタンダード（内国株式）,6050,卸売業,13,商社・卸売,-,-
20260831,8078,阪和興業,プライム（内国株式）,6050,卸売業,13,商社・卸売,6,TOPIX Small 1
20260831,8079,正栄食品工業,プライム（内国株式）,6050,卸売業,13,商社・卸売,6,TOPIX Small 1
20260831,8081,カナデン,プライム（内国株式）,6050,卸売業,13,商社・卸売,7,TOPIX Small 2
20260831,8084,ＲＹＯＤＥＮ,プライム（内国株式）,6050,卸売業,13,商社・卸売,7,TOPIX Small 2
20260831,8085,ナラサキ産業,スタンダード（内国株式）,6050,卸売業,13,商社・卸売,-,-
20260831,8086,ニプロ,プライム（内国株式）,3750,精密機器,9,電機・精密,4,TOPIX Mid400
20260831,8088,岩谷産業,プライム（内国株式）,6050,卸売業,13,商社・卸売,4,TOPIX Mid400
20260831,8089,ナイス,スタンダード（内国株式）,6050,卸売業,13,商社・卸売,-,-
20260831,8091,ニチモウ,プライム（内国株式）,6050,卸売業,13,商社・卸売,-,-
20260831,8093,極東貿易,プライム（内国株式）,6050,卸売業,13,商社・卸売,7,TOPIX Small 2
20260831,8095,アステナホールディングス,プライム（内国株式）,6050,卸売業,13,商社・卸売,7,TOPIX Small 2
20260831,8097,三愛オブリ,プライム（内国株式）,6050,卸売業,13,商社・卸売,6,TOPIX Small 1
20260831,8098,稲畑産業,プライム（内国株式）,6050,卸売業,13,商社・卸売,6,TOPIX Small 1
20260831,8101,ＧＳＩクレオス,プライム（内国株式）,6050,卸売業,13,商社・卸売,7,TOPIX Small 2
20260831,8103,明和産業,プライム（内国株式）,6050,卸売業,13,商社・卸売,7,TOPIX Small 2
20260831,8104,クワザワホールディングス,スタンダード（内国株式）,6050,卸売業,13,商社・卸売,-,-
20260831,8105,Ｂｉｔｃｏｉｎ　Ｊａｐａｎ,スタンダード（内国株式）,6050,卸売業,13,商社・卸売,-,-
20260831,8107,キムラタン,スタンダード（内国株式）,3100,繊維製品,4,素材・化学,-,-
20260831,8111,ゴールドウイン,プライム（内国株式）,3100,繊維製品,4,素材・化学,4,TOPIX Mid400
20260831,8113,ユニ・チャーム,プライム（内国株式）,3200,化学,4,素材・化学,2,TOPIX Large70
20260831,8115,ムーンバット,スタンダード（内国株式）,6050,卸売業,13,商社・卸売,-,-
20260831,8117,中央自動車工業,スタンダード（内国株式）,6050,卸売業,13,商社・卸売,-,-
20260831,8118,キング,スタンダード（内国株式）,3100,繊維製品,4,素材・化学,-,-
20260831,8119,三栄コーポレーション,スタンダード（内国株式）,6050,卸売業,13,商社・卸売,-,-
20260831,8123,川辺,スタンダード（内国株式）,6050,卸売業,13,商社・卸売,-,-
20260831,8125,ワキタ,プライム（内国株式）,6050,卸売業,13,商社・卸売,6,TOPIX Small 1
20260831,8127,ヤマトインターナショナル,スタンダード（内国株式）,3100,繊維製品,4,素材・化学,-,-
20260831,8129,東邦ホールディングス,プライム（内国株式）,6050,卸売業,13,商社・卸売,4,TOPIX Mid400
20260831,8130,サンゲツ,プライム（内国株式）,6050,卸売業,13,商社・卸売,6,TOPIX Small 1
20260831,8131,ミツウロコグループホールディングス,スタンダード（内国株式）,6050,卸売業,13,商社・卸売,7,TOPIX Small 2
20260831,8132,シナネンホールディングス,プライム（内国株式）,6050,卸売業,13,商社・卸売,7,TOPIX Small 2
20260831,8133,伊藤忠エネクス,プライム（内国株式）,6050,卸売業,13,商社・卸売,6,TOPIX Small 1
20260831,8135,ゼット,スタンダード（内国株式）,6050,卸売業,13,商社・卸売,-,-
20260831,8136,サンリオ,プライム（内国株式）,6050,卸売業,13,商社・卸売,4,TOPIX Mid400
20260831,8137,サンワテクノス,プライム（内国株式）,6050,卸売業,13,商社・卸売,7,TOPIX Small 2
20260831,8138,三京化成,スタンダード（内国株式）,6050,卸売業,13,商社・卸売,-,-
20260831,8139,ナガホリ,スタンダード（内国株式）,6050,卸売業,13,商社・卸売,-,-
20260831,8141,新光商事,プライム（内国株式）,6050,卸売業,13,商社・卸売,7,TOPIX Small 2
20260831,8142,トーホー,プライム（内国株式）,6050,卸売業,13,商社・卸売,7,TOPIX Small 2
20260831,8143,ラピーヌ,スタンダード（内国株式）,3100,繊維製品,4,素材・化学,-,-
20260831,8144,デンキョーグループホールディングス,スタンダード（内国株式）,6050,卸売業,13,商社・卸売,-,-
20260831,8147,トミタ,スタンダード（内国株式）,6050,卸売業,13,商社・卸売,-,-
20260831,8150,三信電気,プライム（内国株式）,6050,卸売業,13,商社・卸売,7,TOPIX Small 2
20260831,8151,東陽テクニカ,プライム（内国株式）,6050,卸売業,13,商社・卸売,7,TOPIX Small 2
20260831,8152,ソマール,スタンダード（内国株式）,6050,卸売業,13,商社・卸売,-,-
20260831,8153,モスフードサービス,プライム（内国株式）,6050,卸売業,13,商社・卸売,6,TOPIX Small 1
20260831,8154,加賀電子,プライム（内国株式）,6050,卸売業,13,商社・卸売,6,TOPIX Small 1
20260831,8157,都築電気,プライム（内国株式）,5250,情報・通信業,10,情報通信・サービスその他,7,TOPIX Small 2
20260831,8158,ソーダニッカ,プライム（内国株式）,6050,卸売業,13,商社・卸売,7,TOPIX Small 2
20260831,8159,立花エレテック,プライム（内国株式）,6050,卸売業,13,商社・卸売,7,TOPIX Small 2
20260831,8160,木曽路,プライム（内国株式）,6100,小売業,14,小売,6,TOPIX Small 1
20260831,8163,ＳＲＳホールディングス,プライム（内国株式）,6100,小売業,14,小売,7,TOPIX Small 2
20260831,8165,千趣会,スタンダード（内国株式）,6100,小売業,14,小売,7,TOPIX Small 2
20260831,8166,タカキュー,スタンダード（内国株式）,6100,小売業,14,小売,-,-
20260831,8167,リテールパートナーズ,プライム（内国株式）,6100,小売業,14,小売,7,TOPIX Small 2
20260831,8173,Ｊｏｓｈｉｎ,プライム（内国株式）,6100,小売業,14,小売,6,TOPIX Small 1
20260831,8174,日本瓦斯,プライム（内国株式）,6100,小売業,14,小売,4,TOPIX Mid400
20260831,8179,ロイヤルホールディングス,プライム（内国株式）,6100,小売業,14,小売,6,TOPIX Small 1
20260831,8181,東天紅,スタンダード（内国株式）,6100,小売業,14,小売,-,-
20260831,8185,チヨダ,プライム（内国株式）,6100,小売業,14,小売,7,TOPIX Small 2
20260831,8194,ライフコーポレーション,プライム（内国株式）,6100,小売業,14,小売,6,TOPIX Small 1
20260831,8198,マックスバリュ東海,スタンダード（内国株式）,6100,小売業,14,小売,-,-
20260831,8200,リンガーハット,プライム（内国株式）,6100,小売業,14,小売,6,TOPIX Small 1
20260831,8202,ラオックスホールディングス,スタンダード（内国株式）,6100,小売業,14,小売,-,-
20260831,8203,ＭｒＭａｘＨＤ,プライム（内国株式）,6100,小売業,14,小売,7,TOPIX Small 2
20260831,8207,テンアライド,スタンダード（内国株式）,6100,小売業,14,小売,-,-
20260831,8214,ＡＯＫＩホールディングス,プライム（内国株式）,6100,小売業,14,小売,6,TOPIX Small 1
20260831,8217,オークワ,プライム（内国株式）,6100,小売業,14,小売,7,TOPIX Small 2
20260831,8218,コメリ,プライム（内国株式）,6100,小売業,14,小売,6,TOPIX Small 1
20260831,8219,青山商事,プライム（内国株式）,6100,小売業,14,小売,6,TOPIX Small 1
20260831,8225,タカチホ,スタンダード（内国株式）,6050,卸売業,13,商社・卸売,-,-
20260831,8226,理経,スタンダード（内国株式）,6050,卸売業,13,商社・卸売,-,-
20260831,8227,しまむら,プライム（内国株式）,6100,小売業,14,小売,4,TOPIX Mid400
20260831,8230,はせがわ,スタンダード（内国株式）,6100,小売業,14,小売,-,-
20260831,8233,高島屋,プライム（内国株式）,6100,小売業,14,小売,4,TOPIX Mid400
20260831,8237,松屋,プライム（内国株式）,6100,小売業,14,小売,6,TOPIX Small 1
20260831,8242,エイチ・ツー・オー　リテイリング,プライム（内国株式）,6100,小売業,14,小売,4,TOPIX Mid400
20260831,8244,近鉄百貨店,スタンダード（内国株式）,6100,小売業,14,小売,7,TOPIX Small 2
20260831,8247,大和,スタンダード（内国株式）,6100,小売業,14,小売,-,-
20260831,8252,丸井グループ,プライム（内国株式）,6100,小売業,14,小売,4,TOPIX Mid400
20260831,8253,クレディセゾン,プライム（内国株式）,7200,その他金融業,16,金融（除く銀行）,4,TOPIX Mid400
20260831,8254,さいか屋,スタンダード（内国株式）,6100,小売業,14,小売,-,-
20260831,8255,アクシアル　リテイリング,プライム（内国株式）,6100,小売業,14,小売,7,TOPIX Small 2
20260831,8260,井筒屋,スタンダード（内国株式）,6100,小売業,14,小売,-,-
20260831,8267,イオン,プライム（内国株式）,6100,小売業,14,小売,2,TOPIX Large70
20260831,8273,イズミ,プライム（内国株式）,6100,小売業,14,小売,6,TOPIX Small 1
20260831,8275,フォーバル,スタンダード（内国株式）,6050,卸売業,13,商社・卸売,7,TOPIX Small 2
20260831,8276,平和堂,プライム（内国株式）,6100,小売業,14,小売,6,TOPIX Small 1
20260831,8278,フジ,プライム（内国株式）,6100,小売業,14,小売,6,TOPIX Small 1
20260831,8281,ゼビオホールディングス,プライム（内国株式）,6100,小売業,14,小売,6,TOPIX Small 1
20260831,8282,ケーズホールディングス,プライム（内国株式）,6100,小売業,14,小売,4,TOPIX Mid400
20260831,8285,三谷産業,スタンダード（内国株式）,6050,卸売業,13,商社・卸売,7,TOPIX Small 2
20260831,8291,日産東京販売ホールディングス,スタンダード（内国株式）,6100,小売業,14,小売,-,-
20260831,8301,日本銀行　出資証券,出資証券,-,-,-,-,-,-
20260831,8303,ＳＢＩ新生銀行,プライム（内国株式）,7050,銀行業,15,銀行,4,TOPIX Mid400
20260831,8304,あおぞら銀行,プライム（内国株式）,7050,銀行業,15,銀行,4,TOPIX Mid400
20260831,8306,三菱ＵＦＪフィナンシャル・グループ,プライム（内国株式）,7050,銀行業,15,銀行,1,TOPIX Core30
20260831,8308,りそなホールディングス,プライム（内国株式）,7050,銀行業,15,銀行,2,TOPIX Large70
20260831,8309,三井住友トラストグループ,プライム（内国株式）,7050,銀行業,15,銀行,2,TOPIX Large70
20260831,8316,三井住友フィナンシャルグループ,プライム（内国株式）,7050,銀行業,15,銀行,1,TOPIX Core30
20260831,8331,千葉銀行,プライム（内国株式）,7050,銀行業,15,銀行,4,TOPIX Mid400
20260831,8334,群馬銀行,プライム（内国株式）,7050,銀行業,15,銀行,4,TOPIX Mid400
20260831,8336,武蔵野銀行,プライム（内国株式）,7050,銀行業,15,銀行,6,TOPIX Small 1
20260831,8337,千葉興業銀行,プライム（内国株式）,7050,銀行業,15,銀行,6,TOPIX Small 1
20260831,8338,筑波銀行,プライム（内国株式）,7050,銀行業,15,銀行,7,TOPIX Small 2
20260831,8341,七十七銀行,プライム（内国株式）,7050,銀行業,15,銀行,4,TOPIX Mid400
20260831,8343,秋田銀行,プライム（内国株式）,7050,銀行業,15,銀行,7,TOPIX Small 2
20260831,8344,山形銀行,プライム（内国株式）,7050,銀行業,15,銀行,7,TOPIX Small 2
20260831,8345,岩手銀行,プライム（内国株式）,7050,銀行業,15,銀行,7,TOPIX Small 2
20260831,8346,東邦銀行,プライム（内国株式）,7050,銀行業,15,銀行,6,TOPIX Small 1
20260831,8349,東北銀行,スタンダード（内国株式）,7050,銀行業,15,銀行,-,-
20260831,8354,ふくおかフィナンシャルグループ,プライム（内国株式）,7050,銀行業,15,銀行,4,TOPIX Mid400
20260831,8358,スルガ銀行,プライム（内国株式）,7050,銀行業,15,銀行,6,TOPIX Small 1
20260831,8359,八十二長野銀行,プライム（内国株式）,7050,銀行業,15,銀行,4,TOPIX Mid400
20260831,8360,山梨中央銀行,プライム（内国株式）,7050,銀行業,15,銀行,6,TOPIX Small 1
20260831,8361,大垣共立銀行,プライム（内国株式）,7050,銀行業,15,銀行,6,TOPIX Small 1
20260831,8362,福井銀行,プライム（内国株式）,7050,銀行業,15,銀行,7,TOPIX Small 2
20260831,8364,清水銀行,プライム（内国株式）,7050,銀行業,15,銀行,7,TOPIX Small 2
20260831,8365,富山銀行,スタンダード（内国株式）,7050,銀行業,15,銀行,-,-
20260831,8366,滋賀銀行,プライム（内国株式）,7050,銀行業,15,銀行,6,TOPIX Small 1
20260831,8367,南都銀行,プライム（内国株式）,7050,銀行業,15,銀行,6,TOPIX Small 1
20260831,8368,百五銀行,プライム（内国株式）,7050,銀行業,15,銀行,6,TOPIX Small 1
20260831,8370,紀陽銀行,プライム（内国株式）,7050,銀行業,15,銀行,6,TOPIX Small 1
20260831,8377,ほくほくフィナンシャルグループ,プライム（内国株式）,7050,銀行業,15,銀行,4,TOPIX Mid400
20260831,8381,山陰合同銀行,プライム（内国株式）,7050,銀行業,15,銀行,6,TOPIX Small 1
20260831,8383,鳥取銀行,スタンダード（内国株式）,7050,銀行業,15,銀行,-,-
20260831,8386,百十四銀行,プライム（内国株式）,7050,銀行業,15,銀行,6,TOPIX Small 1
20260831,8387,四国銀行,プライム（内国株式）,7050,銀行業,15,銀行,7,TOPIX Small 2
20260831,8388,阿波銀行,プライム（内国株式）,7050,銀行業,15,銀行,6,TOPIX Small 1
20260831,8392,大分銀行,プライム（内国株式）,7050,銀行業,15,銀行,7,TOPIX Small 2
20260831,8393,宮崎銀行,プライム（内国株式）,7050,銀行業,15,銀行,7,TOPIX Small 2
20260831,8395,佐賀銀行,プライム（内国株式）,7050,銀行業,15,銀行,7,TOPIX Small 2
20260831,8399,琉球銀行,プライム（内国株式）,7050,銀行業,15,銀行,6,TOPIX Small 1
20260831,8410,セブン銀行,プライム（内国株式）,7050,銀行業,15,銀行,4,TOPIX Mid400
20260831,8411,みずほフィナンシャルグループ,プライム（内国株式）,7050,銀行業,15,銀行,1,TOPIX Core30
20260831,8416,高知銀行,スタンダード（内国株式）,7050,銀行業,15,銀行,-,-
20260831,8418,山口フィナンシャルグループ,プライム（内国株式）,7050,銀行業,15,銀行,4,TOPIX Mid400
20260831,8421,信金中央金庫　優先出資証券,出資証券,-,-,-,-,-,-
20260831,8424,芙蓉総合リース,プライム（内国株式）,7200,その他金融業,16,金融（除く銀行）,4,TOPIX Mid400
20260831,8425,みずほリース,プライム（内国株式）,7200,その他金融業,16,金融（除く銀行）,6,TOPIX Small 1
20260831,8439,東京センチュリー,プライム（内国株式）,7200,その他金融業,16,金融（除く銀行）,4,TOPIX Mid400
20260831,8473,ＳＢＩホールディングス,プライム（内国株式）,7100,証券、商品先物取引業,16,金融（除く銀行）,4,TOPIX Mid400
20260831,8508,Ｊトラスト,スタンダード（内国株式）,7200,その他金融業,16,金融（除く銀行）,-,-
20260831,8511,日本証券金融,プライム（内国株式）,7200,その他金融業,16,金融（除く銀行）,6,TOPIX Small 1
20260831,8518,日本アジア投資,スタンダード（内国株式）,7100,証券、商品先物取引業,16,金融（除く銀行）,-,-
20260831,8522,名古屋銀行,プライム（内国株式）,7050,銀行業,15,銀行,6,TOPIX Small 1
20260831,8524,北洋銀行,プライム（内国株式）,7050,銀行業,15,銀行,6,TOPIX Small 1
20260831,8537,大光銀行,スタンダード（内国株式）,7050,銀行業,15,銀行,-,-
20260831,8541,愛媛銀行,プライム（内国株式）,7050,銀行業,15,銀行,7,TOPIX Small 2
20260831,8542,トマト銀行,スタンダード（内国株式）,7050,銀行業,15,銀行,-,-
20260831,8544,京葉銀行,プライム（内国株式）,7050,銀行業,15,銀行,6,TOPIX Small 1
20260831,8550,栃木銀行,プライム（内国株式）,7050,銀行業,15,銀行,7,TOPIX Small 2
20260831,8551,北日本銀行,プライム（内国株式）,7050,銀行業,15,銀行,7,TOPIX Small 2
20260831,8558,東和銀行,プライム（内国株式）,7050,銀行業,15,銀行,7,TOPIX Small 2
20260831,8562,福島銀行,スタンダード（内国株式）,7050,銀行業,15,銀行,-,-
20260831,8563,大東銀行,スタンダード（内国株式）,7050,銀行業,15,銀行,-,-
20260831,8566,リコーリース,プライム（内国株式）,7200,その他金融業,16,金融（除く銀行）,6,TOPIX Small 1
20260831,8570,イオンフィナンシャルサービス,プライム（内国株式）,7200,その他金融業,16,金融（除く銀行）,4,TOPIX Mid400
20260831,8572,アコム,スタンダード（内国株式）,7200,その他金融業,16,金融（除く銀行）,4,TOPIX Mid400
20260831,8584,ジャックス,プライム（内国株式）,7200,その他金融業,16,金融（除く銀行）,6,TOPIX Small 1
20260831,8585,オリエントコーポレーション,プライム（内国株式）,7200,その他金融業,16,金融（除く銀行）,6,TOPIX Small 1
20260831,8591,オリックス,プライム（内国株式）,7200,その他金融業,16,金融（除く銀行）,2,TOPIX Large70
20260831,8593,三菱ＨＣキャピタル,プライム（内国株式）,7200,その他金融業,16,金融（除く銀行）,4,TOPIX Mid400
20260831,8595,ジャフコ　グループ,プライム（内国株式）,7100,証券、商品先物取引業,16,金融（除く銀行）,4,TOPIX Mid400
20260831,8596,九州リースサービス,スタンダード（内国株式）,7200,その他金融業,16,金融（除く銀行）,-,-
20260831,8600,トモニホールディングス,プライム（内国株式）,7050,銀行業,15,銀行,6,TOPIX Small 1
20260831,8601,大和証券グループ本社,プライム（内国株式）,7100,証券、商品先物取引業,16,金融（除く銀行）,4,TOPIX Mid400
20260831,8604,野村ホールディングス,プライム（内国株式）,7100,証券、商品先物取引業,16,金融（除く銀行）,2,TOPIX Large70
20260831,8609,岡三証券グループ,プライム（内国株式）,7100,証券、商品先物取引業,16,金融（除く銀行）,6,TOPIX Small 1
20260831,8613,丸三証券,プライム（内国株式）,7100,証券、商品先物取引業,16,金融（除く銀行）,6,TOPIX Small 1
20260831,8614,東洋証券,プライム（内国株式）,7100,証券、商品先物取引業,16,金融（除く銀行）,7,TOPIX Small 2
20260831,8616,東海東京フィナンシャル・ホールディングス,プライム（内国株式）,7100,証券、商品先物取引業,16,金融（除く銀行）,6,TOPIX Small 1
20260831,8617,光世証券,スタンダード（内国株式）,7100,証券、商品先物取引業,16,金融（除く銀行）,-,-
20260831,8622,水戸証券,プライム（内国株式）,7100,証券、商品先物取引業,16,金融（除く銀行）,7,TOPIX Small 2
20260831,8624,いちよし証券,プライム（内国株式）,7100,証券、商品先物取引業,16,金融（除く銀行）,7,TOPIX Small 2
20260831,8628,松井証券,プライム（内国株式）,7100,証券、商品先物取引業,16,金融（除く銀行）,6,TOPIX Small 1
20260831,8630,ＳＯＭＰＯホールディングス,プライム（内国株式）,7150,保険業,16,金融（除く銀行）,2,TOPIX Large70
20260831,8697,日本取引所グループ,プライム（内国株式）,7200,その他金融業,16,金融（除く銀行）,2,TOPIX Large70
20260831,8698,マネックスグループ,プライム（内国株式）,7100,証券、商品先物取引業,16,金融（除く銀行）,6,TOPIX Small 1
20260831,8699,ＨＳホールディングス,スタンダード（内国株式）,7100,証券、商品先物取引業,16,金融（除く銀行）,-,-
20260831,8700,丸八証券,スタンダード（内国株式）,7100,証券、商品先物取引業,16,金融（除く銀行）,-,-
20260831,8704,トレイダーズホールディングス,スタンダード（内国株式）,7100,証券、商品先物取引業,16,金融（除く銀行）,-,-
20260831,8705,日産証券グループ,スタンダード（内国株式）,7100,証券、商品先物取引業,16,金融（除く銀行）,-,-
20260831,8706,極東証券,プライム（内国株式）,7100,証券、商品先物取引業,16,金融（除く銀行）,6,TOPIX Small 1
20260831,8707,岩井コスモホールディングス,プライム（内国株式）,7100,証券、商品先物取引業,16,金融（除く銀行）,6,TOPIX Small 1
20260831,8708,アイザワ証券グループ,プライム（内国株式）,7100,証券、商品先物取引業,16,金融（除く銀行）,7,TOPIX Small 2
20260831,8713,フィデアホールディングス,プライム（内国株式）,7050,銀行業,15,銀行,7,TOPIX Small 2
20260831,8714,池田泉州ホールディングス,プライム（内国株式）,7050,銀行業,15,銀行,6,TOPIX Small 1
20260831,8715,アニコム　ホールディングス,プライム（内国株式）,7150,保険業,16,金融（除く銀行）,6,TOPIX Small 1
20260831,8725,ＭＳ＆ＡＤインシュアランスグループホールディングス,プライム（内国株式）,7150,保険業,16,金融（除く銀行）,2,TOPIX Large70
20260831,8729,ソニーフィナンシャルグループ,プライム（内国株式）,7150,保険業,16,金融（除く銀行）,1,TOPIX Core30
20260831,8737,あかつき本社,スタンダード（内国株式）,7100,証券、商品先物取引業,16,金融（除く銀行）,-,-
20260831,8739,スパークス・グループ,プライム（内国株式）,7100,証券、商品先物取引業,16,金融（除く銀行）,7,TOPIX Small 2
20260831,8742,小林洋行,スタンダード（内国株式）,7100,証券、商品先物取引業,16,金融（除く銀行）,-,-
20260831,8746,ｕｎｂａｎｋｅｄ,スタンダード（内国株式）,7100,証券、商品先物取引業,16,金融（除く銀行）,-,-
20260831,8747,豊トラスティ証券,スタンダード（内国株式）,7100,証券、商品先物取引業,16,金融（除く銀行）,-,-
20260831,8750,第一ライフグループ,プライム（内国株式）,7150,保険業,16,金融（除く銀行）,2,TOPIX Large70
20260831,8766,東京海上ホールディングス,プライム（内国株式）,7150,保険業,16,金融（除く銀行）,1,TOPIX Core30
20260831,8769,アドバンテッジリスクマネジメント,スタンダード（内国株式）,9050,サービス業,10,情報通信・サービスその他,-,-
20260831,8771,イー・ギャランティ,プライム（内国株式）,7200,その他金融業,16,金融（除く銀行）,6,TOPIX Small 1
20260831,8772,アサックス,スタンダード（内国株式）,7200,その他金融業,16,金融（除く銀行）,-,-
20260831,8783,ａｂｃ,スタンダード（内国株式）,7200,その他金融業,16,金融（除く銀行）,-,-
20260831,8789,フィンテック　グローバル,スタンダード（内国株式）,7200,その他金融業,16,金融（除く銀行）,-,-
20260831,8793,ＮＥＣキャピタルソリューション,プライム（内国株式）,7200,その他金融業,16,金融（除く銀行）,7,TOPIX Small 2
20260831,8795,Ｔ＆Ｄホールディングス,プライム（内国株式）,7150,保険業,16,金融（除く銀行）,4,TOPIX Mid400
20260831,8798,アドバンスクリエイト,プライム（内国株式）,7150,保険業,16,金融（除く銀行）,7,TOPIX Small 2
20260831,8801,三井不動産,プライム（内国株式）,8050,不動産業,17,不動産,2,TOPIX Large70
20260831,8802,三菱地所,プライム（内国株式）,8050,不動産業,17,不動産,2,TOPIX Large70
20260831,8803,平和不動産,プライム（内国株式）,8050,不動産業,17,不動産,6,TOPIX Small 1
20260831,8804,東京建物,プライム（内国株式）,8050,不動産業,17,不動産,4,TOPIX Mid400
20260831,8818,京阪神ビルディング,プライム（内国株式）,8050,不動産業,17,不動産,7,TOPIX Small 2
20260831,8830,住友不動産,プライム（内国株式）,8050,不動産業,17,不動産,2,TOPIX Large70
20260831,8835,太平洋興発,スタンダード（内国株式）,6050,卸売業,13,商社・卸売,-,-
20260831,8836,ＲＩＳＥ,スタンダード（内国株式）,8050,不動産業,17,不動産,-,-
20260831,8841,テーオーシー,スタンダード（内国株式）,8050,不動産業,17,不動産,7,TOPIX Small 2
20260831,8844,コスモスイニシア,スタンダード（内国株式）,8050,不動産業,17,不動産,-,-
20260831,8848,レオパレス２１,プライム（内国株式）,8050,不動産業,17,不動産,6,TOPIX Small 1
20260831,8850,スターツコーポレーション,プライム（内国株式）,8050,不動産業,17,不動産,6,TOPIX Small 1
20260831,8860,フジ住宅,プライム（内国株式）,8050,不動産業,17,不動産,7,TOPIX Small 2
20260831,8864,空港施設,スタンダード（内国株式）,8050,不動産業,17,不動産,7,TOPIX Small 2
20260831,8869,明和地所,スタンダード（内国株式）,8050,不動産業,17,不動産,7,TOPIX Small 2
20260831,8871,ゴールドクレスト,スタンダード（内国株式）,8050,不動産業,17,不動産,6,TOPIX Small 1
20260831,8876,リログループ,プライム（内国株式）,9050,サービス業,10,情報通信・サービスその他,4,TOPIX Mid400
20260831,8877,エスリード,プライム（内国株式）,8050,不動産業,17,不動産,7,TOPIX Small 2
20260831,8881,日神グループホールディングス,プライム（内国株式）,8050,不動産業,17,不動産,7,TOPIX Small 2
20260831,8887,シーラホールディングス,スタンダード（内国株式）,8050,不動産業,17,不動産,-,-
20260831,8891,ＡＭＧホールディングス,スタンダード（内国株式）,8050,不動産業,17,不動産,-,-
20260831,8892,エスコン,プライム（内国株式）,8050,不動産業,17,不動産,6,TOPIX Small 1
20260831,8894,ＲＥＶＯＬＵＴＩＯＮ,スタンダード（内国株式）,8050,不動産業,17,不動産,-,-
20260831,8897,ＭＩＲＡＲＴＨホールディングス,プライム（内国株式）,8050,不動産業,17,不動産,6,TOPIX Small 1
20260831,8898,センチュリー２１・ジャパン,スタンダード（内国株式）,8050,不動産業,17,不動産,-,-
20260831,8904,ＡＶＡＮＴＩＡ,スタンダード（内国株式）,8050,不動産業,17,不動産,-,-
20260831,8908,毎日コムネット,スタンダード（内国株式）,8050,不動産業,17,不動産,-,-
20260831,8912,エリアクエスト,スタンダード（内国株式）,8050,不動産業,17,不動産,-,-
20260831,8914,エリアリンク,スタンダード（内国株式）,8050,不動産業,17,不動産,-,-
20260831,8917,ファースト住建,スタンダード（内国株式）,8050,不動産業,17,不動産,-,-
20260831,8918,ランド,スタンダード（内国株式）,8050,不動産業,17,不動産,7,TOPIX Small 2
20260831,8919,カチタス,プライム（内国株式）,8050,不動産業,17,不動産,6,TOPIX Small 1
20260831,8920,東祥,スタンダード（内国株式）,9050,サービス業,10,情報通信・サービスその他,7,TOPIX Small 2
20260831,8921,シーズクリエイト,PRO Market,8050,不動産業,17,不動産,-,-
20260831,8923,トーセイ,プライム（内国株式）,8050,不動産業,17,不動産,6,TOPIX Small 1
20260831,8927,明豊エンタープライズ,スタンダード（内国株式）,8050,不動産業,17,不動産,-,-
20260831,8928,穴吹興産,スタンダード（内国株式）,8050,不動産業,17,不動産,-,-
20260831,8929,青山財産ネットワークス,スタンダード（内国株式）,8050,不動産業,17,不動産,-,-
20260831,8931,和田興産,スタンダード（内国株式）,8050,不動産業,17,不動産,-,-
20260831,8934,サンフロンティア不動産,プライム（内国株式）,8050,不動産業,17,不動産,6,TOPIX Small 1
20260831,8935,ＦＪネクストホールディングス,プライム（内国株式）,8050,不動産業,17,不動産,7,TOPIX Small 2
20260831,8938,グローム・ホールディングス,グロース（内国株式）,8050,不動産業,17,不動産,-,-
20260831,8944,ランドビジネス,スタンダード（内国株式）,8050,不動産業,17,不動産,-,-
20260831,8945,サンネクスタグループ,スタンダード（内国株式）,8050,不動産業,17,不動産,-,-
20260831,8946,ＡＳＩＡＮ　ＳＴＡＲ,スタンダード（内国株式）,8050,不動産業,17,不動産,-,-
20260831,8951,日本ビルファンド投資法人,REIT・ベンチャーファンド・カントリーファンド・インフラファンド,-,-,-,-,-,-
20260831,8952,ジャパンリアルエステイト投資法人,REIT・ベンチャーファンド・カントリーファンド・インフラファンド,-,-,-,-,-,-
20260831,8953,日本都市ファンド投資法人,REIT・ベンチャーファンド・カントリーファンド・インフラファンド,-,-,-,-,-,-
20260831,8954,オリックス不動産投資法人,REIT・ベンチャーファンド・カントリーファンド・インフラファンド,-,-,-,-,-,-
20260831,8955,日本プライムリアルティ投資法人,REIT・ベンチャーファンド・カントリーファンド・インフラファンド,-,-,-,-,-,-
20260831,8956,ＮＴＴ都市開発リート投資法人,REIT・ベンチャーファンド・カントリーファンド・インフラファンド,-,-,-,-,-,-
20260831,8957,東急リアル・エステート投資法人,REIT・ベンチャーファンド・カントリーファンド・インフラファンド,-,-,-,-,-,-
20260831,8958,グローバル・ワン不動産投資法人,REIT・ベンチャーファンド・カントリーファンド・インフラファンド,-,-,-,-,-,-
20260831,8960,ユナイテッド・アーバン投資法人,REIT・ベンチャーファンド・カントリーファンド・インフラファンド,-,-,-,-,-,-
20260831,8961,森トラストリート投資法人,REIT・ベンチャーファンド・カントリーファンド・インフラファンド,-,-,-,-,-,-
20260831,8963,インヴィンシブル投資法人,REIT・ベンチャーファンド・カントリーファンド・インフラファンド,-,-,-,-,-,-
20260831,8964,三井不動産商業ファンド投資法人,REIT・ベンチャーファンド・カントリーファンド・インフラファンド,-,-,-,-,-,-
20260831,8966,平和不動産リート投資法人,REIT・ベンチャーファンド・カントリーファンド・インフラファンド,-,-,-,-,-,-
20260831,8967,日本ロジスティクスファンド投資法人,REIT・ベンチャーファンド・カントリーファンド・インフラファンド,-,-,-,-,-,-
20260831,8968,福岡リート投資法人,REIT・ベンチャーファンド・カントリーファンド・インフラファンド,-,-,-,-,-,-
20260831,8972,ＫＤＸ不動産投資法人,REIT・ベンチャーファンド・カントリーファンド・インフラファンド,-,-,-,-,-,-
20260831,8975,いちごオフィスリート投資法人,REIT・ベンチャーファンド・カントリーファンド・インフラファンド,-,-,-,-,-,-
20260831,8976,大和証券オフィス投資法人,REIT・ベンチャーファンド・カントリーファンド・インフラファンド,-,-,-,-,-,-
20260831,8977,阪急阪神リート投資法人,REIT・ベンチャーファンド・カントリーファンド・インフラファンド,-,-,-,-,-,-
20260831,8979,スターツプロシード投資法人,REIT・ベンチャーファンド・カントリーファンド・インフラファンド,-,-,-,-,-,-
20260831,8984,大和ハウスリート投資法人,REIT・ベンチャーファンド・カントリーファンド・インフラファンド,-,-,-,-,-,-
20260831,8985,ジャパン・ホテル・リート投資法人,REIT・ベンチャーファンド・カントリーファンド・インフラファンド,-,-,-,-,-,-
20260831,8986,大和証券リビング投資法人,REIT・ベンチャーファンド・カントリーファンド・インフラファンド,-,-,-,-,-,-
20260831,8987,ジャパンエクセレント投資法人,REIT・ベンチャーファンド・カントリーファンド・インフラファンド,-,-,-,-,-,-
20260831,8995,誠建設工業,スタンダード（内国株式）,8050,不動産業,17,不動産,-,-
20260831,8996,ハウスフリーダム,スタンダード（内国株式）,8050,不動産業,17,不動産,-,-
20260831,8999,グランディハウス,プライム（内国株式）,8050,不動産業,17,不動産,7,TOPIX Small 2
20260831,9001,東武鉄道,プライム（内国株式）,5050,陸運業,12,運輸・物流,4,TOPIX Mid400
20260831,9003,相鉄ホールディングス,プライム（内国株式）,5050,陸運業,12,運輸・物流,4,TOPIX Mid400
20260831,9005,東急,プライム（内国株式）,5050,陸運業,12,運輸・物流,4,TOPIX Mid400
20260831,9006,京浜急行電鉄,プライム（内国株式）,5050,陸運業,12,運輸・物流,4,TOPIX Mid400
20260831,9007,小田急電鉄,プライム（内国株式）,5050,陸運業,12,運輸・物流,4,TOPIX Mid400
20260831,9008,京王電鉄,プライム（内国株式）,5050,陸運業,12,運輸・物流,4,TOPIX Mid400
20260831,9009,京成電鉄,プライム（内国株式）,5050,陸運業,12,運輸・物流,4,TOPIX Mid400
20260831,9010,富士急行,プライム（内国株式）,5050,陸運業,12,運輸・物流,6,TOPIX Small 1
20260831,9012,秩父鉄道,スタンダード（内国株式）,5050,陸運業,12,運輸・物流,-,-
20260831,9017,新潟交通,スタンダード（内国株式）,5050,陸運業,12,運輸・物流,-,-
20260831,9020,東日本旅客鉄道,プライム（内国株式）,5050,陸運業,12,運輸・物流,2,TOPIX Large70
20260831,9021,西日本旅客鉄道,プライム（内国株式）,5050,陸運業,12,運輸・物流,2,TOPIX Large70
20260831,9022,東海旅客鉄道,プライム（内国株式）,5050,陸運業,12,運輸・物流,2,TOPIX Large70
20260831,9023,東京地下鉄,プライム（内国株式）,5050,陸運業,12,運輸・物流,4,TOPIX Mid400
20260831,9024,西武ホールディングス,プライム（内国株式）,5050,陸運業,12,運輸・物流,4,TOPIX Mid400
20260831,9025,鴻池運輸,プライム（内国株式）,5050,陸運業,12,運輸・物流,6,TOPIX Small 1
20260831,9028,ゼロ,スタンダード（内国株式）,5050,陸運業,12,運輸・物流,-,-
20260831,9029,ヒガシホールディングス,スタンダード（内国株式）,5050,陸運業,12,運輸・物流,-,-
20260831,9031,西日本鉄道,プライム（内国株式）,5050,陸運業,12,運輸・物流,4,TOPIX Mid400
20260831,9033,広島電鉄,スタンダード（内国株式）,5050,陸運業,12,運輸・物流,-,-
20260831,9034,南総通運,スタンダード（内国株式）,5050,陸運業,12,運輸・物流,-,-
20260831,9036,東部ネットワーク,スタンダード（内国株式）,5050,陸運業,12,運輸・物流,-,-
20260831,9037,ハマキョウレックス,プライム（内国株式）,5050,陸運業,12,運輸・物流,6,TOPIX Small 1
20260831,9039,サカイ引越センター,プライム（内国株式）,5050,陸運業,12,運輸・物流,6,TOPIX Small 1
20260831,9041,近鉄グループホールディングス,プライム（内国株式）,5050,陸運業,12,運輸・物流,4,TOPIX Mid400
20260831,9042,阪急阪神ホールディングス,プライム（内国株式）,5050,陸運業,12,運輸・物流,4,TOPIX Mid400
20260831,9044,ＮＡＮＫＡＩ,プライム（内国株式）,5050,陸運業,12,運輸・物流,4,TOPIX Mid400
20260831,9045,京阪ホールディングス,プライム（内国株式）,5050,陸運業,12,運輸・物流,4,TOPIX Mid400
20260831,9046,神戸電鉄,スタンダード（内国株式）,5050,陸運業,12,運輸・物流,7,TOPIX Small 2
20260831,9048,名古屋鉄道,プライム（内国株式）,5050,陸運業,12,運輸・物流,4,TOPIX Mid400
20260831,9049,京福電気鉄道,スタンダード（内国株式）,5050,陸運業,12,運輸・物流,-,-
20260831,9051,センコン物流,スタンダード（内国株式）,5050,陸運業,12,運輸・物流,-,-
20260831,9052,山陽電気鉄道,プライム（内国株式）,5050,陸運業,12,運輸・物流,7,TOPIX Small 2
20260831,9057,遠州トラック,スタンダード（内国株式）,5050,陸運業,12,運輸・物流,-,-
20260831,9059,カンダホールディングス,スタンダード（内国株式）,5050,陸運業,12,運輸・物流,-,-
20260831,9060,日本ロジテム,スタンダード（内国株式）,5050,陸運業,12,運輸・物流,-,-
20260831,9063,岡山県貨物運送,スタンダード（内国株式）,5050,陸運業,12,運輸・物流,-,-
20260831,9064,ヤマトホールディングス,プライム（内国株式）,5050,陸運業,12,運輸・物流,4,TOPIX Mid400
20260831,9065,山九,プライム（内国株式）,5050,陸運業,12,運輸・物流,4,TOPIX Mid400
20260831,9068,丸全昭和運輸,プライム（内国株式）,5050,陸運業,12,運輸・物流,6,TOPIX Small 1
20260831,9069,センコーグループホールディングス,プライム（内国株式）,5050,陸運業,12,運輸・物流,4,TOPIX Mid400
20260831,9072,ニッコンホールディングス,プライム（内国株式）,5050,陸運業,12,運輸・物流,4,TOPIX Mid400
20260831,9073,京極運輸商事,スタンダード（内国株式）,5050,陸運業,12,運輸・物流,-,-
20260831,9074,日本石油輸送,スタンダード（内国株式）,5050,陸運業,12,運輸・物流,-,-
20260831,9075,福山通運,プライム（内国株式）,5050,陸運業,12,運輸・物流,6,TOPIX Small 1
20260831,9076,セイノーホールディングス,プライム（内国株式）,5050,陸運業,12,運輸・物流,4,TOPIX Mid400
20260831,9081,神奈川中央交通,プライム（内国株式）,5050,陸運業,12,運輸・物流,7,TOPIX Small 2
20260831,9082,大和自動車交通,スタンダード（内国株式）,5050,陸運業,12,運輸・物流,-,-
20260831,9083,神姫バス,スタンダード（内国株式）,5050,陸運業,12,運輸・物流,-,-
20260831,9087,タカセ,スタンダード（内国株式）,5050,陸運業,12,運輸・物流,-,-
20260831,9090,ＡＺ－ＣＯＭ丸和ホールディングス,プライム（内国株式）,5050,陸運業,12,運輸・物流,6,TOPIX Small 1
20260831,9101,日本郵船,プライム（内国株式）,5100,海運業,12,運輸・物流,2,TOPIX Large70
20260831,9104,商船三井,プライム（内国株式）,5100,海運業,12,運輸・物流,2,TOPIX Large70
20260831,9107,川崎汽船,プライム（内国株式）,5100,海運業,12,運輸・物流,4,TOPIX Mid400
20260831,9110,ＮＳユナイテッド海運,プライム（内国株式）,5100,海運業,12,運輸・物流,6,TOPIX Small 1
20260831,9115,明海グループ,スタンダード（内国株式）,5100,海運業,12,運輸・物流,-,-
20260831,9119,飯野海運,プライム（内国株式）,5100,海運業,12,運輸・物流,6,TOPIX Small 1
20260831,9127,玉井商船,スタンダード（内国株式）,5100,海運業,12,運輸・物流,-,-
20260831,9130,共栄タンカー,スタンダード（内国株式）,5100,海運業,12,運輸・物流,-,-
20260831,9142,九州旅客鉄道,プライム（内国株式）,5050,陸運業,12,運輸・物流,4,TOPIX Mid400
20260831,9143,ＳＧホールディングス,プライム（内国株式）,5050,陸運業,12,運輸・物流,4,TOPIX Mid400
20260831,9145,ビーイングホールディングス,スタンダード（内国株式）,5050,陸運業,12,運輸・物流,-,-
20260831,9146,五健堂ホールディングス,PRO Market,5050,陸運業,12,運輸・物流,-,-
20260831,9147,ＮＩＰＰＯＮ　ＥＸＰＲＥＳＳホールディングス,プライム（内国株式）,5050,陸運業,12,運輸・物流,4,TOPIX Mid400
20260831,9149,大友ロジスティクスサービス,PRO Market,5050,陸運業,12,運輸・物流,-,-
20260831,9156,はなホールディングス,PRO Market,9050,サービス業,10,情報通信・サービスその他,-,-
20260831,9158,シーユーシー,グロース（内国株式）,9050,サービス業,10,情報通信・サービスその他,-,-
20260831,9159,Ｗ　ＴＯＫＹＯ,グロース（内国株式）,9050,サービス業,10,情報通信・サービスその他,-,-
20260831,9160,オンザページ,スタンダード（内国株式）,9050,サービス業,10,情報通信・サービスその他,-,-
20260831,9162,ブリーチ,グロース（内国株式）,9050,サービス業,10,情報通信・サービスその他,-,-
20260831,9163,ナレルグループ,グロース（内国株式）,9050,サービス業,10,情報通信・サービスその他,-,-
20260831,9165,クオルテック,グロース（内国株式）,9050,サービス業,10,情報通信・サービスその他,-,-
20260831,9166,ＧＥＮＤＡ,グロース（内国株式）,9050,サービス業,10,情報通信・サービスその他,-,-
20260831,9168,ライズ・コンサルティング・グループ,グロース（内国株式）,9050,サービス業,10,情報通信・サービスその他,-,-
20260831,9169,大伸社,PRO Market,9050,サービス業,10,情報通信・サービスその他,-,-
20260831,9171,栗林商船,スタンダード（内国株式）,5100,海運業,12,運輸・物流,-,-
20260831,9173,東海汽船,スタンダード（内国株式）,5100,海運業,12,運輸・物流,-,-
20260831,9193,東京汽船,スタンダード（内国株式）,5200,倉庫・運輸関連業,12,運輸・物流,-,-
20260831,9201,日本航空,プライム（内国株式）,5150,空運業,12,運輸・物流,4,TOPIX Mid400
20260831,92015,日本航空株式会社第１回社債型種類株式,プライム（内国株式）,5150,空運業,12,運輸・物流,-,-
20260831,9202,ＡＮＡホールディングス,プライム（内国株式）,5150,空運業,12,運輸・物流,2,TOPIX Large70
20260831,92025,ＡＮＡホールディングス第１回社債型種類株式,プライム（内国株式）,5150,空運業,12,運輸・物流,-,-
20260831,9204,スカイマーク,グロース（内国株式）,5150,空運業,12,運輸・物流,-,-
20260831,9206,スターフライヤー,スタンダード（内国株式）,5150,空運業,12,運輸・物流,-,-
20260831,9211,エフ・コード,グロース（内国株式）,9050,サービス業,10,情報通信・サービスその他,-,-
20260831,9212,Ｇｒｅｅｎ　Ｅａｒｔｈ　Ｉｎｓｔｉｔｕｔｅ,グロース（内国株式）,9050,サービス業,10,情報通信・サービスその他,-,-
20260831,9213,セイファート,スタンダード（内国株式）,9050,サービス業,10,情報通信・サービスその他,-,-
20260831,9214,Ｒｅｃｏｖｅｒｙ　Ｉｎｔｅｒｎａｔｉｏｎａｌ,グロース（内国株式）,9050,サービス業,10,情報通信・サービスその他,-,-
20260831,9215,ＣａＳｙ,グロース（内国株式）,9050,サービス業,10,情報通信・サービスその他,-,-
20260831,9216,ビーウィズ,プライム（内国株式）,9050,サービス業,10,情報通信・サービスその他,7,TOPIX Small 2
20260831,9218,メンタルヘルステクノロジーズ,グロース（内国株式）,9050,サービス業,10,情報通信・サービスその他,-,-
20260831,9219,ギックス,グロース（内国株式）,9050,サービス業,10,情報通信・サービスその他,-,-
20260831,9220,エフビー介護サービス,スタンダード（内国株式）,9050,サービス業,10,情報通信・サービスその他,-,-
20260831,9221,フルハシＥＰＯ,スタンダード（内国株式）,9050,サービス業,10,情報通信・サービスその他,-,-
20260831,9222,ｍａｎａｂｙ,PRO Market,9050,サービス業,10,情報通信・サービスその他,-,-
20260831,9223,ＡＳＮＯＶＡ,グロース（内国株式）,9050,サービス業,10,情報通信・サービスその他,-,-
20260831,9225,ブリッジコンサルティンググループ,グロース（内国株式）,9050,サービス業,10,情報通信・サービスその他,-,-
20260831,9226,アイガー,PRO Market,9050,サービス業,10,情報通信・サービスその他,-,-
20260831,9227,マイクロ波化学,グロース（内国株式）,9050,サービス業,10,情報通信・サービスその他,-,-
20260831,9229,サンウェルズ,プライム（内国株式）,9050,サービス業,10,情報通信・サービスその他,7,TOPIX Small 2
20260831,9233,アジア航測,スタンダード（内国株式）,5150,空運業,12,運輸・物流,-,-
20260831,9235,売れるネット広告社グループ,グロース（内国株式）,9050,サービス業,10,情報通信・サービスその他,-,-
20260831,9236,ジャパンＭ＆Ａソリューション,グロース（内国株式）,9050,サービス業,10,情報通信・サービスその他,-,-
20260831,9237,笑美面,グロース（内国株式）,9050,サービス業,10,情報通信・サービスその他,-,-
20260831,9238,バリュークリエーション,グロース（内国株式）,9050,サービス業,10,情報通信・サービスその他,-,-
20260831,9239,ケーイーティ,PRO Market,9050,サービス業,10,情報通信・サービスその他,-,-
20260831,9240,デリバリーコンサルティング,グロース（内国株式）,9050,サービス業,10,情報通信・サービスその他,-,-
20260831,9241,フューチャーリンクネットワーク,グロース（内国株式）,9050,サービス業,10,情報通信・サービスその他,-,-
20260831,9242,メディア総研,グロース（内国株式）,9050,サービス業,10,情報通信・サービスその他,-,-
20260831,9243,富士テクノホールディングス,PRO Market,9050,サービス業,10,情報通信・サービスその他,-,-
20260831,9244,デジタリフト,グロース（内国株式）,9050,サービス業,10,情報通信・サービスその他,-,-
20260831,9245,リベロ,グロース（内国株式）,9050,サービス業,10,情報通信・サービスその他,-,-
20260831,9246,プロジェクトホールディングス,グロース（内国株式）,9050,サービス業,10,情報通信・サービスその他,-,-
20260831,9247,ＴＲＥホールディングス,プライム（内国株式）,9050,サービス業,10,情報通信・サービスその他,6,TOPIX Small 1
20260831,9248,人・夢・技術グループ,スタンダード（内国株式）,9050,サービス業,10,情報通信・サービスその他,7,TOPIX Small 2
20260831,9249,日本エコシステム,スタンダード（内国株式）,9050,サービス業,10,情報通信・サービスその他,-,-
20260831,9250,ＧＲＣＳ,グロース（内国株式）,9050,サービス業,10,情報通信・サービスその他,-,-
20260831,9251,ＡＢ＆Ｃｏｍｐａｎｙ,グロース（内国株式）,9050,サービス業,10,情報通信・サービスその他,-,-
20260831,9252,ラストワンマイル,グロース（内国株式）,9050,サービス業,10,情報通信・サービスその他,-,-
20260831,9253,スローガン,グロース（内国株式）,9050,サービス業,10,情報通信・サービスその他,-,-
20260831,9254,ラバブルマーケティンググループ,グロース（内国株式）,9050,サービス業,10,情報通信・サービスその他,-,-
20260831,9256,サクシード,グロース（内国株式）,9050,サービス業,10,情報通信・サービスその他,-,-
20260831,9257,ＹＣＰホールディングス（グローバル）リミテッド　ＪＤＲ,グロース（外国株式）,9050,サービス業,10,情報通信・サービスその他,-,-
20260831,9258,ＣＳ－Ｃ,グロース（内国株式）,9050,サービス業,10,情報通信・サービスその他,-,-
20260831,9259,タカヨシホールディングス,グロース（内国株式）,9050,サービス業,10,情報通信・サービスその他,-,-
20260831,9262,シルバーライフ,スタンダード（内国株式）,6100,小売業,14,小売,7,TOPIX Small 2
20260831,9264,ポエック,スタンダード（内国株式）,6050,卸売業,13,商社・卸売,-,-
20260831,9265,ヤマシタヘルスケアホールディングス,スタンダード（内国株式）,6050,卸売業,13,商社・卸売,-,-
20260831,9267,Ｇｅｎｋｙ　ＤｒｕｇＳｔｏｒｅｓ,プライム（内国株式）,6100,小売業,14,小売,6,TOPIX Small 1
20260831,9268,オプティマスグループ,スタンダード（内国株式）,6050,卸売業,13,商社・卸売,-,-
20260831,9270,バリュエンスホールディングス,グロース（内国株式）,6050,卸売業,13,商社・卸売,-,-
20260831,9271,和心,グロース（内国株式）,6100,小売業,14,小売,-,-
20260831,9272,ブティックス,グロース（内国株式）,9050,サービス業,10,情報通信・サービスその他,-,-
20260831,9273,コーア商事ホールディングス,プライム（内国株式）,6050,卸売業,13,商社・卸売,7,TOPIX Small 2
20260831,9274,ＫＰＰグループホールディングス,プライム（内国株式）,6050,卸売業,13,商社・卸売,6,TOPIX Small 1
20260831,9278,ブックオフグループホールディングス,プライム（内国株式）,6100,小売業,14,小売,7,TOPIX Small 2
20260831,9279,ギフトホールディングス,プライム（内国株式）,6100,小売業,14,小売,7,TOPIX Small 2
20260831,9282,いちごグリーンインフラ投資法人,REIT・ベンチャーファンド・カントリーファンド・インフラファンド,-,-,-,-,-,-
20260831,9284,カナディアン・ソーラー・インフラ投資法人,REIT・ベンチャーファンド・カントリーファンド・インフラファンド,-,-,-,-,-,-
20260831,9285,東京インフラ・エネルギー投資法人,REIT・ベンチャーファンド・カントリーファンド・インフラファンド,-,-,-,-,-,-
20260831,9286,エネクス・インフラ投資法人,REIT・ベンチャーファンド・カントリーファンド・インフラファンド,-,-,-,-,-,-
20260831,9301,三菱倉庫,プライム（内国株式）,5200,倉庫・運輸関連業,12,運輸・物流,4,TOPIX Mid400
20260831,9302,三井倉庫ホールディングス,プライム（内国株式）,5200,倉庫・運輸関連業,12,運輸・物流,4,TOPIX Mid400
20260831,9303,住友倉庫,プライム（内国株式）,5200,倉庫・運輸関連業,12,運輸・物流,6,TOPIX Small 1
20260831,9304,澁澤倉庫,プライム（内国株式）,5200,倉庫・運輸関連業,12,運輸・物流,7,TOPIX Small 2
20260831,9305,ヤマタネ,プライム（内国株式）,6050,卸売業,13,商社・卸売,7,TOPIX Small 2
20260831,9306,東陽倉庫,スタンダード（内国株式）,5200,倉庫・運輸関連業,12,運輸・物流,-,-
20260831,9307,杉村倉庫,スタンダード（内国株式）,5200,倉庫・運輸関連業,12,運輸・物流,-,-
20260831,9308,乾汽船,スタンダード（内国株式）,5100,海運業,12,運輸・物流,7,TOPIX Small 2
20260831,9310,日本トランスシティ,プライム（内国株式）,5200,倉庫・運輸関連業,12,運輸・物流,7,TOPIX Small 2
20260831,9311,アサガミ,スタンダード（内国株式）,5200,倉庫・運輸関連業,12,運輸・物流,-,-
20260831,9312,ケイヒン,スタンダード（内国株式）,5200,倉庫・運輸関連業,12,運輸・物流,-,-
20260831,9313,丸八倉庫,スタンダード（内国株式）,5200,倉庫・運輸関連業,12,運輸・物流,-,-
20260831,9319,中央倉庫,プライム（内国株式）,5200,倉庫・運輸関連業,12,運輸・物流,7,TOPIX Small 2
20260831,9322,川西倉庫,スタンダード（内国株式）,5200,倉庫・運輸関連業,12,運輸・物流,-,-
20260831,9324,安田倉庫,プライム（内国株式）,5200,倉庫・運輸関連業,12,運輸・物流,7,TOPIX Small 2
20260831,9325,ファイズホールディングス,スタンダード（内国株式）,5200,倉庫・運輸関連業,12,運輸・物流,-,-
20260831,9326,関通ホールディングス,グロース（内国株式）,5200,倉庫・運輸関連業,12,運輸・物流,-,-
20260831,9327,イー・ロジット,スタンダード（内国株式）,5200,倉庫・運輸関連業,12,運輸・物流,-,-
20260831,9330,揚羽,グロース（内国株式）,9050,サービス業,10,情報通信・サービスその他,-,-
20260831,9331,キャスター,グロース（内国株式）,9050,サービス業,10,情報通信・サービスその他,-,-
20260831,9332,ＮＩＳＳＯホールディングス,プライム（内国株式）,9050,サービス業,10,情報通信・サービスその他,7,TOPIX Small 2
20260831,9334,アイビスホールディングス,PRO Market,9050,サービス業,10,情報通信・サービスその他,-,-
20260831,9335,テクノクリエイティブ,PRO Market,9050,サービス業,10,情報通信・サービスその他,-,-
20260831,9336,大栄環境,プライム（内国株式）,9050,サービス業,10,情報通信・サービスその他,6,TOPIX Small 1
20260831,9337,トリドリ,グロース（内国株式）,9050,サービス業,10,情報通信・サービスその他,-,-
20260831,9339,コーチ・エィ,スタンダード（内国株式）,9050,サービス業,10,情報通信・サービスその他,-,-
20260831,9340,アソインターナショナル,スタンダード（内国株式）,9050,サービス業,10,情報通信・サービスその他,-,-
20260831,9341,ＧＥＮＯＶＡ,プライム（内国株式）,9050,サービス業,10,情報通信・サービスその他,7,TOPIX Small 2
20260831,9342,スマサポ,グロース（内国株式）,9050,サービス業,10,情報通信・サービスその他,-,-
20260831,9343,アイビス,グロース（内国株式）,9050,サービス業,10,情報通信・サービスその他,-,-
20260831,9344,アクシスコンサルティング,グロース（内国株式）,9050,サービス業,10,情報通信・サービスその他,-,-
20260831,9345,ビズメイツ,グロース（内国株式）,9050,サービス業,10,情報通信・サービスその他,-,-
20260831,9346,ココルポート,グロース（内国株式）,9050,サービス業,10,情報通信・サービスその他,-,-
20260831,9347,日本管財ホールディングス,プライム（内国株式）,9050,サービス業,10,情報通信・サービスその他,7,TOPIX Small 2
20260831,9348,ｉｓｐａｃｅ,グロース（内国株式）,9050,サービス業,10,情報通信・サービスその他,-,-
20260831,9351,東洋埠頭,スタンダード（内国株式）,5200,倉庫・運輸関連業,12,運輸・物流,-,-
20260831,9353,櫻島埠頭,スタンダード（内国株式）,5200,倉庫・運輸関連業,12,運輸・物流,-,-
20260831,9355,リンコーコーポレーション,スタンダード（内国株式）,5200,倉庫・運輸関連業,12,運輸・物流,-,-
20260831,9360,鈴与シンワート,スタンダード（内国株式）,5250,情報・通信業,10,情報通信・サービスその他,-,-
20260831,9361,伏木海陸運送,スタンダード（内国株式）,5200,倉庫・運輸関連業,12,運輸・物流,-,-
20260831,9362,兵機海運,スタンダード（内国株式）,5200,倉庫・運輸関連業,12,運輸・物流,-,-
20260831,9363,大運,スタンダード（内国株式）,5200,倉庫・運輸関連業,12,運輸・物流,-,-
20260831,9364,上組,プライム（内国株式）,5200,倉庫・運輸関連業,12,運輸・物流,4,TOPIX Mid400
20260831,9365,トレーディア,スタンダード（内国株式）,5200,倉庫・運輸関連業,12,運輸・物流,-,-
20260831,9366,サンリツ,スタンダード（内国株式）,5200,倉庫・運輸関連業,12,運輸・物流,-,-
20260831,9367,大東港運,スタンダード（内国株式）,5200,倉庫・運輸関連業,12,運輸・物流,-,-
20260831,9368,キムラユニティー,スタンダード（内国株式）,5200,倉庫・運輸関連業,12,運輸・物流,-,-
20260831,9369,キユーソー流通システム,スタンダード（内国株式）,5200,倉庫・運輸関連業,12,運輸・物流,7,TOPIX Small 2
20260831,9376,ユーラシア旅行社,スタンダード（内国株式）,9050,サービス業,10,情報通信・サービスその他,-,-
20260831,9380,東海運,スタンダード（内国株式）,5200,倉庫・運輸関連業,12,運輸・物流,-,-
20260831,9381,エーアイテイー,プライム（内国株式）,5200,倉庫・運輸関連業,12,運輸・物流,7,TOPIX Small 2
20260831,9385,ショーエイコーポレーション,スタンダード（内国株式）,3200,化学,4,素材・化学,-,-
20260831,9399,ビート・ホールディングス・リミテッド,スタンダード（外国株式）,5250,情報・通信業,10,情報通信・サービスその他,-,-
20260831,9401,ＴＢＳホールディングス,プライム（内国株式）,5250,情報・通信業,10,情報通信・サービスその他,4,TOPIX Mid400
20260831,9404,日本テレビホールディングス,プライム（内国株式）,5250,情報・通信業,10,情報通信・サービスその他,4,TOPIX Mid400
20260831,9405,朝日放送グループホールディングス,プライム（内国株式）,5250,情報・通信業,10,情報通信・サービスその他,7,TOPIX Small 2
20260831,9408,ＢＳＮメディアホールディングス,スタンダード（内国株式）,5250,情報・通信業,10,情報通信・サービスその他,-,-
20260831,9409,テレビ朝日ホールディングス,プライム（内国株式）,5250,情報・通信業,10,情報通信・サービスその他,6,TOPIX Small 1
20260831,9412,スカパーＪＳＡＴ,プライム（内国株式）,5250,情報・通信業,10,情報通信・サービスその他,6,TOPIX Small 1
20260831,9413,テレビ東京ホールディングス,プライム（内国株式）,5250,情報・通信業,10,情報通信・サービスその他,6,TOPIX Small 1
20260831,9414,日本ＢＳ放送,スタンダード（内国株式）,5250,情報・通信業,10,情報通信・サービスその他,-,-
20260831,9416,ビジョン,プライム（内国株式）,5250,情報・通信業,10,情報通信・サービスその他,6,TOPIX Small 1
20260831,9417,スマートバリュー,スタンダード（内国株式）,5250,情報・通信業,10,情報通信・サービスその他,-,-
20260831,9418,Ｕ－ＮＥＸＴ　ＨＯＬＤＩＮＧＳ,プライム（内国株式）,5250,情報・通信業,10,情報通信・サービスその他,6,TOPIX Small 1
20260831,9419,ワイヤレスゲート,スタンダード（内国株式）,5250,情報・通信業,10,情報通信・サービスその他,-,-
20260831,9421,エヌジェイホールディングス,スタンダード（内国株式）,5250,情報・通信業,10,情報通信・サービスその他,-,-
20260831,9423,フォーバル・リアルストレート,スタンダード（内国株式）,5250,情報・通信業,10,情報通信・サービスその他,-,-
20260831,9424,日本通信,プライム（内国株式）,5250,情報・通信業,10,情報通信・サービスその他,7,TOPIX Small 2
20260831,9425,ＲｅＹｕｕ　Ｊａｐａｎ,スタンダード（内国株式）,5250,情報・通信業,10,情報通信・サービスその他,-,-
20260831,9428,クロップス,スタンダード（内国株式）,5250,情報・通信業,10,情報通信・サービスその他,-,-
20260831,9432,ＮＴＴ,プライム（内国株式）,5250,情報・通信業,10,情報通信・サービスその他,1,TOPIX Core30
20260831,9433,ＫＤＤＩ,プライム（内国株式）,5250,情報・通信業,10,情報通信・サービスその他,1,TOPIX Core30
20260831,9434,ソフトバンク,プライム（内国株式）,5250,情報・通信業,10,情報通信・サービスその他,1,TOPIX Core30
20260831,94345,ソフトバンク第１回社債型種類株式,プライム（内国株式）,5250,情報・通信業,10,情報通信・サービスその他,-,-
20260831,94346,ソフトバンク第２回社債型種類株式,プライム（内国株式）,5250,情報・通信業,10,情報通信・サービスその他,-,-
20260831,9435,光通信,プライム（内国株式）,5250,情報・通信業,10,情報通信・サービスその他,4,TOPIX Mid400
20260831,9436,沖縄セルラー電話,スタンダード（内国株式）,5250,情報・通信業,10,情報通信・サービスその他,-,-
20260831,9438,エムティーアイ,プライム（内国株式）,5250,情報・通信業,10,情報通信・サービスその他,7,TOPIX Small 2
20260831,9439,エム・エイチ・グループ,スタンダード（内国株式）,9050,サービス業,10,情報通信・サービスその他,-,-
20260831,9441,ベルパーク,スタンダード（内国株式）,5250,情報・通信業,10,情報通信・サービスその他,-,-
20260831,9444,トーシンホールディングス,スタンダード（内国株式）,5250,情報・通信業,10,情報通信・サービスその他,-,-
20260831,9445,フォーバルテレコム,スタンダード（内国株式）,5250,情報・通信業,10,情報通信・サービスその他,-,-
20260831,9446,サカイホールディングス,スタンダード（内国株式）,5250,情報・通信業,10,情報通信・サービスその他,-,-
20260831,9449,ＧＭＯインターネットグループ,プライム（内国株式）,5250,情報・通信業,10,情報通信・サービスその他,4,TOPIX Mid400
20260831,9450,ファイバーゲート,スタンダード（内国株式）,5250,情報・通信業,10,情報通信・サービスその他,7,TOPIX Small 2
20260831,9466,アイドママーケティングコミュニケーション,スタンダード（内国株式）,5250,情報・通信業,10,情報通信・サービスその他,-,-
20260831,9467,アルファポリス,グロース（内国株式）,5250,情報・通信業,10,情報通信・サービスその他,-,-
20260831,9468,ＫＡＤＯＫＡＷＡ,プライム（内国株式）,5250,情報・通信業,10,情報通信・サービスその他,4,TOPIX Mid400
20260831,9470,学研ホールディングス,プライム（内国株式）,5250,情報・通信業,10,情報通信・サービスその他,7,TOPIX Small 2
20260831,9474,ゼンリン,プライム（内国株式）,5250,情報・通信業,10,情報通信・サービスその他,7,TOPIX Small 2
20260831,9475,昭文社ホールディングス,スタンダード（内国株式）,5250,情報・通信業,10,情報通信・サービスその他,-,-
20260831,9476,中央経済社ホールディングス,スタンダード（内国株式）,5250,情報・通信業,10,情報通信・サービスその他,-,-
20260831,9478,ＳＥホールディングス・アンド・インキュベーションズ,スタンダード（内国株式）,5250,情報・通信業,10,情報通信・サービスその他,-,-
20260831,9501,東京電力ホールディングス,プライム（内国株式）,4050,電気・ガス業,11,電力・ガス,4,TOPIX Mid400
20260831,9502,中部電力,プライム（内国株式）,4050,電気・ガス業,11,電力・ガス,4,TOPIX Mid400
20260831,9503,関西電力,プライム（内国株式）,4050,電気・ガス業,11,電力・ガス,4,TOPIX Mid400
20260831,9504,中国電力,プライム（内国株式）,4050,電気・ガス業,11,電力・ガス,4,TOPIX Mid400
20260831,9505,北陸電力,プライム（内国株式）,4050,電気・ガス業,11,電力・ガス,4,TOPIX Mid400
20260831,9506,東北電力,プライム（内国株式）,4050,電気・ガス業,11,電力・ガス,4,TOPIX Mid400
20260831,9507,四国電力,プライム（内国株式）,4050,電気・ガス業,11,電力・ガス,4,TOPIX Mid400
20260831,9508,九州電力,プライム（内国株式）,4050,電気・ガス業,11,電力・ガス,4,TOPIX Mid400
20260831,9509,北海道電力,プライム（内国株式）,4050,電気・ガス業,11,電力・ガス,4,TOPIX Mid400
20260831,9511,沖縄電力,プライム（内国株式）,4050,電気・ガス業,11,電力・ガス,6,TOPIX Small 1
20260831,9513,電源開発,プライム（内国株式）,4050,電気・ガス業,11,電力・ガス,4,TOPIX Mid400
20260831,9514,エフオン,スタンダード（内国株式）,4050,電気・ガス業,11,電力・ガス,7,TOPIX Small 2
20260831,9517,イーレックス,プライム（内国株式）,4050,電気・ガス業,11,電力・ガス,7,TOPIX Small 2
20260831,9519,レノバ,プライム（内国株式）,4050,電気・ガス業,11,電力・ガス,6,TOPIX Small 1
20260831,9531,東京瓦斯,プライム（内国株式）,4050,電気・ガス業,11,電力・ガス,4,TOPIX Mid400
20260831,9532,大阪瓦斯,プライム（内国株式）,4050,電気・ガス業,11,電力・ガス,4,TOPIX Mid400
20260831,9533,東邦瓦斯,プライム（内国株式）,4050,電気・ガス業,11,電力・ガス,4,TOPIX Mid400
20260831,9534,北海道瓦斯,プライム（内国株式）,4050,電気・ガス業,11,電力・ガス,7,TOPIX Small 2
20260831,9535,広島ガス,プライム（内国株式）,4050,電気・ガス業,11,電力・ガス,7,TOPIX Small 2
20260831,9536,西部ガスホールディングス,プライム（内国株式）,4050,電気・ガス業,11,電力・ガス,7,TOPIX Small 2
20260831,9537,北陸瓦斯,スタンダード（内国株式）,4050,電気・ガス業,11,電力・ガス,-,-
20260831,9539,京葉瓦斯,スタンダード（内国株式）,4050,電気・ガス業,11,電力・ガス,-,-
20260831,9543,静岡ガス,プライム（内国株式）,4050,電気・ガス業,11,電力・ガス,6,TOPIX Small 1
20260831,9551,メタウォーター,プライム（内国株式）,4050,電気・ガス業,11,電力・ガス,6,TOPIX Small 1
20260831,9552,クオンツ総研ホールディングス,プライム（内国株式）,9050,サービス業,10,情報通信・サービスその他,6,TOPIX Small 1
20260831,9553,マイクロアド,グロース（内国株式）,9050,サービス業,10,情報通信・サービスその他,-,-
20260831,9554,ＡＶｉＣ,グロース（内国株式）,9050,サービス業,10,情報通信・サービスその他,-,-
20260831,9556,ＩＮＴＬＯＯＰ,グロース（内国株式）,9050,サービス業,10,情報通信・サービスその他,-,-
20260831,9557,エアークローゼット,グロース（内国株式）,9050,サービス業,10,情報通信・サービスその他,-,-
20260831,9558,ジャパニアス,グロース（内国株式）,9050,サービス業,10,情報通信・サービスその他,-,-
20260831,9560,プログリット,グロース（内国株式）,9050,サービス業,10,情報通信・サービスその他,-,-
20260831,9561,グラッドキューブ,グロース（内国株式）,9050,サービス業,10,情報通信・サービスその他,-,-
20260831,9562,ビジネスコーチ,グロース（内国株式）,9050,サービス業,10,情報通信・サービスその他,-,-
20260831,9563,Ａｔｌａｓ　Ｔｅｃｈｎｏｌｏｇｉｅｓ,グロース（内国株式）,9050,サービス業,10,情報通信・サービスその他,-,-
20260831,9564,ＦＣＥ,スタンダード（内国株式）,9050,サービス業,10,情報通信・サービスその他,-,-
20260831,9565,ＧＬＯＥ,グロース（内国株式）,9050,サービス業,10,情報通信・サービスその他,-,-
20260831,9601,松竹,プライム（内国株式）,5250,情報・通信業,10,情報通信・サービスその他,6,TOPIX Small 1
20260831,9602,東宝,プライム（内国株式）,5250,情報・通信業,10,情報通信・サービスその他,4,TOPIX Mid400
20260831,9603,エイチ・アイ・エス,プライム（内国株式）,9050,サービス業,10,情報通信・サービスその他,6,TOPIX Small 1
20260831,9605,東映,プライム（内国株式）,5250,情報・通信業,10,情報通信・サービスその他,6,TOPIX Small 1
20260831,9610,ウィルソン・ラーニング　ワールドワイド,スタンダード（内国株式）,9050,サービス業,10,情報通信・サービスその他,-,-
20260831,9612,ラックランド,プライム（内国株式）,9050,サービス業,10,情報通信・サービスその他,7,TOPIX Small 2
20260831,9616,共立メンテナンス,プライム（内国株式）,9050,サービス業,10,情報通信・サービスその他,4,TOPIX Mid400
20260831,9619,イチネンホールディングス,プライム（内国株式）,9050,サービス業,10,情報通信・サービスその他,7,TOPIX Small 2
20260831,9621,建設技術研究所,プライム（内国株式）,9050,サービス業,10,情報通信・サービスその他,6,TOPIX Small 1
20260831,9622,スペース,プライム（内国株式）,9050,サービス業,10,情報通信・サービスその他,7,TOPIX Small 2
20260831,9625,セレスポ,スタンダード（内国株式）,9050,サービス業,10,情報通信・サービスその他,-,-
20260831,9627,アインホールディングス,プライム（内国株式）,6100,小売業,14,小売,4,TOPIX Mid400
20260831,9628,燦ホールディングス,プライム（内国株式）,9050,サービス業,10,情報通信・サービスその他,7,TOPIX Small 2
20260831,9629,ピー・シー・エー,プライム（内国株式）,5250,情報・通信業,10,情報通信・サービスその他,7,TOPIX Small 2
20260831,9632,スバル興業,スタンダード（内国株式）,9050,サービス業,10,情報通信・サービスその他,7,TOPIX Small 2
20260831,9633,東京テアトル,スタンダード（内国株式）,8050,不動産業,17,不動産,-,-
20260831,9635,武蔵野興業,スタンダード（内国株式）,9050,サービス業,10,情報通信・サービスその他,-,-
20260831,9636,きんえい,スタンダード（内国株式）,9050,サービス業,10,情報通信・サービスその他,-,-
20260831,9639,三協フロンテア,スタンダード（内国株式）,9050,サービス業,10,情報通信・サービスその他,-,-
20260831,9640,セゾンテクノロジー,スタンダード（内国株式）,5250,情報・通信業,10,情報通信・サービスその他,-,-
20260831,9644,タナベコンサルティンググループ,プライム（内国株式）,9050,サービス業,10,情報通信・サービスその他,7,TOPIX Small 2
20260831,9647,協和コンサルタンツ,スタンダード（内国株式）,9050,サービス業,10,情報通信・サービスその他,-,-
20260831,9651,日本プロセス,スタンダード（内国株式）,5250,情報・通信業,10,情報通信・サービスその他,-,-
20260831,9656,グリーンランドリゾート,スタンダード（内国株式）,9050,サービス業,10,情報通信・サービスその他,-,-
20260831,9658,ビジネスブレイン太田昭和,プライム（内国株式）,5250,情報・通信業,10,情報通信・サービスその他,7,TOPIX Small 2
20260831,9661,歌舞伎座,スタンダード（内国株式）,9050,サービス業,10,情報通信・サービスその他,-,-
20260831,9663,ナガワ,プライム（内国株式）,9050,サービス業,10,情報通信・サービスその他,7,TOPIX Small 2
20260831,9672,東京都競馬,プライム（内国株式）,9050,サービス業,10,情報通信・サービスその他,6,TOPIX Small 1
20260831,9678,カナモト,プライム（内国株式）,9050,サービス業,10,情報通信・サービスその他,6,TOPIX Small 1
20260831,9679,ホウライ,スタンダード（内国株式）,9050,サービス業,10,情報通信・サービスその他,-,-
20260831,9682,ＤＴＳ,プライム（内国株式）,5250,情報・通信業,10,情報通信・サービスその他,6,TOPIX Small 1
20260831,9684,スクウェア・エニックス・ホールディングス,プライム（内国株式）,5250,情報・通信業,10,情報通信・サービスその他,4,TOPIX Mid400
20260831,9685,ＫＹＣＯＭホールディングス,スタンダード（内国株式）,5250,情報・通信業,10,情報通信・サービスその他,-,-
20260831,9686,東洋テック,スタンダード（内国株式）,9050,サービス業,10,情報通信・サービスその他,-,-
20260831,9687,ＫＳＫ,スタンダード（内国株式）,5250,情報・通信業,10,情報通信・サービスその他,-,-
20260831,9691,両毛システムズ,スタンダード（内国株式）,5250,情報・通信業,10,情報通信・サービスその他,-,-
20260831,9692,シーイーシー,プライム（内国株式）,5250,情報・通信業,10,情報通信・サービスその他,6,TOPIX Small 1
20260831,9697,カプコン,プライム（内国株式）,5250,情報・通信業,10,情報通信・サービスその他,4,TOPIX Mid400
20260831,9698,クレオ,スタンダード（内国株式）,5250,情報・通信業,10,情報通信・サービスその他,-,-
20260831,9699,ニシオホールディングス,プライム（内国株式）,9050,サービス業,10,情報通信・サービスその他,6,TOPIX Small 1
20260831,9701,東京會舘,スタンダード（内国株式）,9050,サービス業,10,情報通信・サービスその他,-,-
20260831,9702,アイ・エス・ビー,プライム（内国株式）,5250,情報・通信業,10,情報通信・サービスその他,7,TOPIX Small 2
20260831,9704,アゴーラ　ホスピタリティー　グループ,スタンダード（内国株式）,9050,サービス業,10,情報通信・サービスその他,-,-
20260831,9706,日本空港ビルデング,プライム（内国株式）,8050,不動産業,17,不動産,4,TOPIX Mid400
20260831,9708,帝国ホテル,スタンダード（内国株式）,9050,サービス業,10,情報通信・サービスその他,-,-
20260831,9709,ＮＣＳ＆Ａ,スタンダード（内国株式）,5250,情報・通信業,10,情報通信・サービスその他,-,-
20260831,9713,ロイヤルホテル,スタンダード（内国株式）,9050,サービス業,10,情報通信・サービスその他,-,-
20260831,9715,トランス・コスモス,プライム（内国株式）,9050,サービス業,10,情報通信・サービスその他,6,TOPIX Small 1
20260831,9716,乃村工藝社,プライム（内国株式）,9050,サービス業,10,情報通信・サービスその他,6,TOPIX Small 1
20260831,9720,ホテル、ニューグランド,スタンダード（内国株式）,9050,サービス業,10,情報通信・サービスその他,-,-
20260831,9722,藤田観光,プライム（内国株式）,9050,サービス業,10,情報通信・サービスその他,6,TOPIX Small 1
20260831,9723,京都ホテル,スタンダード（内国株式）,9050,サービス業,10,情報通信・サービスその他,-,-
20260831,9726,ＫＮＴ－ＣＴホールディングス,スタンダード（内国株式）,9050,サービス業,10,情報通信・サービスその他,7,TOPIX Small 2
20260831,9729,トーカイ,プライム（内国株式）,9050,サービス業,10,情報通信・サービスその他,7,TOPIX Small 2
20260831,9731,白洋舎,スタンダード（内国株式）,9050,サービス業,10,情報通信・サービスその他,-,-
20260831,9733,ナガセ,スタンダード（内国株式）,9050,サービス業,10,情報通信・サービスその他,-,-
20260831,9735,セコム,プライム（内国株式）,9050,サービス業,10,情報通信・サービスその他,2,TOPIX Large70
20260831,9739,ＮＳＷ,プライム（内国株式）,5250,情報・通信業,10,情報通信・サービスその他,7,TOPIX Small 2
20260831,9740,セントラル警備保障,プライム（内国株式）,9050,サービス業,10,情報通信・サービスその他,7,TOPIX Small 2
20260831,9742,アイネス,プライム（内国株式）,5250,情報・通信業,10,情報通信・サービスその他,7,TOPIX Small 2
20260831,9743,丹青社,プライム（内国株式）,9050,サービス業,10,情報通信・サービスその他,6,TOPIX Small 1
20260831,9744,メイテックグループホールディングス,プライム（内国株式）,9050,サービス業,10,情報通信・サービスその他,4,TOPIX Mid400
20260831,9746,ＴＫＣ,プライム（内国株式）,5250,情報・通信業,10,情報通信・サービスその他,6,TOPIX Small 1
20260831,9753,アイエックス・ナレッジ,スタンダード（内国株式）,5250,情報・通信業,10,情報通信・サービスその他,-,-
20260831,9755,応用地質,プライム（内国株式）,9050,サービス業,10,情報通信・サービスその他,7,TOPIX Small 2
20260831,9757,船井総研ホールディングス,プライム（内国株式）,9050,サービス業,10,情報通信・サービスその他,6,TOPIX Small 1
20260831,9759,ＮＳＤ,プライム（内国株式）,5250,情報・通信業,10,情報通信・サービスその他,4,TOPIX Mid400
20260831,9760,進学会ホールディングス,スタンダード（内国株式）,9050,サービス業,10,情報通信・サービスその他,-,-
20260831,9761,東海リース,スタンダード（内国株式）,9050,サービス業,10,情報通信・サービスその他,-,-
20260831,9763,丸建リース,スタンダード（内国株式）,6050,卸売業,13,商社・卸売,-,-
20260831,9765,オオバ,プライム（内国株式）,9050,サービス業,10,情報通信・サービスその他,-,-
20260831,9766,コナミグループ,プライム（内国株式）,5250,情報・通信業,10,情報通信・サービスその他,4,TOPIX Mid400
20260831,9767,日建工学,スタンダード（内国株式）,9050,サービス業,10,情報通信・サービスその他,-,-
20260831,9768,いであ,スタンダード（内国株式）,9050,サービス業,10,情報通信・サービスその他,-,-
20260831,9769,学究社,プライム（内国株式）,9050,サービス業,10,情報通信・サービスその他,7,TOPIX Small 2
20260831,9778,昴,スタンダード（内国株式）,9050,サービス業,10,情報通信・サービスその他,-,-
20260831,9780,ハリマビステム,スタンダード（内国株式）,9050,サービス業,10,情報通信・サービスその他,-,-
20260831,9782,ディーエムエス,スタンダード（内国株式）,9050,サービス業,10,情報通信・サービスその他,-,-
20260831,9788,ナック,プライム（内国株式）,9050,サービス業,10,情報通信・サービスその他,7,TOPIX Small 2
20260831,9790,福井コンピュータホールディングス,プライム（内国株式）,5250,情報・通信業,10,情報通信・サービスその他,7,TOPIX Small 2
20260831,9791,ビケンテクノ,スタンダード（内国株式）,9050,サービス業,10,情報通信・サービスその他,-,-
20260831,9793,ダイセキ,プライム（内国株式）,9050,サービス業,10,情報通信・サービスその他,6,TOPIX Small 1
20260831,9795,ステップ,プライム（内国株式）,9050,サービス業,10,情報通信・サービスその他,7,TOPIX Small 2
20260831,9799,旭情報サービス,スタンダード（内国株式）,5250,情報・通信業,10,情報通信・サービスその他,-,-
20260831,9812,テーオーホールディングス,スタンダード（内国株式）,6100,小売業,14,小売,-,-
20260831,9816,ストライダーズ,スタンダード（内国株式）,8050,不動産業,17,不動産,-,-
20260831,9818,大丸エナウィン,スタンダード（内国株式）,6050,卸売業,13,商社・卸売,-,-
20260831,9820,エムティジェネックス,スタンダード（内国株式）,8050,不動産業,17,不動産,-,-
20260831,9823,マミーマートホールディングス,スタンダード（内国株式）,6100,小売業,14,小売,-,-
20260831,9824,泉州電業,プライム（内国株式）,6050,卸売業,13,商社・卸売,6,TOPIX Small 1
20260831,9827,リリカラ,スタンダード（内国株式）,6050,卸売業,13,商社・卸売,-,-
20260831,9828,Ｇｅｎｋｉ　Ｇｌｏｂａｌ　Ｄｉｎｉｎｇ　Ｃｏｎｃｅｐｔｓ,スタンダード（内国株式）,6100,小売業,14,小売,6,TOPIX Small 1
20260831,9830,トラスコ中山,プライム（内国株式）,6050,卸売業,13,商社・卸売,6,TOPIX Small 1
20260831,9831,ヤマダホールディングス,プライム（内国株式）,6100,小売業,14,小売,4,TOPIX Mid400
20260831,9832,オートバックスセブン,プライム（内国株式）,6050,卸売業,13,商社・卸売,6,TOPIX Small 1
20260831,9835,ジュンテンドー,スタンダード（内国株式）,6100,小売業,14,小売,-,-
20260831,9837,モリト,プライム（内国株式）,6050,卸売業,13,商社・卸売,7,TOPIX Small 2
20260831,9842,アークランズ,プライム（内国株式）,6100,小売業,14,小売,6,TOPIX Small 1
20260831,9843,ニトリホールディングス,プライム（内国株式）,6100,小売業,14,小売,4,TOPIX Mid400
20260831,9845,パーカーコーポレーション,スタンダード（内国株式）,3200,化学,4,素材・化学,-,-
20260831,9846,天満屋ストア,スタンダード（内国株式）,6100,小売業,14,小売,-,-
20260831,9849,共同紙販ホールディングス,スタンダード（内国株式）,6050,卸売業,13,商社・卸売,-,-
20260831,9850,グルメ杵屋,プライム（内国株式）,6100,小売業,14,小売,7,TOPIX Small 2
20260831,9853,銀座ルノアール,スタンダード（内国株式）,6100,小売業,14,小売,-,-
20260831,9854,愛眼,スタンダード（内国株式）,6100,小売業,14,小売,-,-
20260831,9856,ケーユーホールディングス,スタンダード（内国株式）,6100,小売業,14,小売,7,TOPIX Small 2
20260831,9857,英和,スタンダード（内国株式）,6050,卸売業,13,商社・卸売,-,-
20260831,9861,吉野家ホールディングス,プライム（内国株式）,6100,小売業,14,小売,4,TOPIX Mid400
20260831,9867,ソレキア,スタンダード（内国株式）,6050,卸売業,13,商社・卸売,-,-
20260831,9869,加藤産業,プライム（内国株式）,6050,卸売業,13,商社・卸売,6,TOPIX Small 1
20260831,9872,北恵,スタンダード（内国株式）,6050,卸売業,13,商社・卸売,-,-
20260831,9876,コックス,スタンダード（内国株式）,6100,小売業,14,小売,-,-
20260831,9878,セキド,スタンダード（内国株式）,6100,小売業,14,小売,-,-
20260831,9880,イノテック,プライム（内国株式）,3650,電気機器,9,電機・精密,7,TOPIX Small 2
20260831,9882,イエローハット,プライム（内国株式）,6050,卸売業,13,商社・卸売,6,TOPIX Small 1
20260831,9885,シャルレ,スタンダード（内国株式）,6050,卸売業,13,商社・卸売,-,-
20260831,9887,松屋フーズホールディングス,プライム（内国株式）,6100,小売業,14,小売,6,TOPIX Small 1
20260831,9888,ＵＥＸ,スタンダード（内国株式）,6050,卸売業,13,商社・卸売,-,-
20260831,9889,ＪＢＣＣホールディングス,プライム（内国株式）,5250,情報・通信業,10,情報通信・サービスその他,6,TOPIX Small 1
20260831,9890,マキヤ,スタンダード（内国株式）,6100,小売業,14,小売,-,-
20260831,9895,コンセック,スタンダード（内国株式）,6050,卸売業,13,商社・卸売,-,-
20260831,9896,ＪＫホールディングス,スタンダード（内国株式）,6050,卸売業,13,商社・卸売,7,TOPIX Small 2
20260831,9900,サガミホールディングス,プライム（内国株式）,6100,小売業,14,小売,6,TOPIX Small 1
20260831,9902,日伝,プライム（内国株式）,6050,卸売業,13,商社・卸売,7,TOPIX Small 2
20260831,9903,カンセキ,スタンダード（内国株式）,6100,小売業,14,小売,-,-
20260831,9904,ベリテ,スタンダード（内国株式）,6100,小売業,14,小売,-,-
20260831,9906,藤井産業,スタンダード（内国株式）,6050,卸売業,13,商社・卸売,-,-
20260831,9908,日本電計,スタンダード（内国株式）,6050,卸売業,13,商社・卸売,-,-
20260831,9913,日邦産業,スタンダード（内国株式）,6050,卸売業,13,商社・卸売,-,-
20260831,9914,植松商会,スタンダード（内国株式）,6050,卸売業,13,商社・卸売,-,-
20260831,9928,ミロク情報サービス,プライム（内国株式）,5250,情報・通信業,10,情報通信・サービスその他,7,TOPIX Small 2
20260831,9929,平和紙業,スタンダード（内国株式）,6050,卸売業,13,商社・卸売,-,-
20260831,9930,北沢産業,スタンダード（内国株式）,6050,卸売業,13,商社・卸売,-,-
20260831,9932,杉本商事,プライム（内国株式）,6050,卸売業,13,商社・卸売,7,TOPIX Small 2
20260831,9934,因幡電機産業,プライム（内国株式）,6050,卸売業,13,商社・卸売,4,TOPIX Mid400
20260831,9936,王将フードサービス,プライム（内国株式）,6100,小売業,14,小売,6,TOPIX Small 1
20260831,9941,太洋物産,スタンダード（内国株式）,6050,卸売業,13,商社・卸売,-,-
20260831,9946,ミニストップ,プライム（内国株式）,6100,小売業,14,小売,7,TOPIX Small 2
20260831,9948,アークス,プライム（内国株式）,6100,小売業,14,小売,6,TOPIX Small 1
20260831,9950,ハチバン,スタンダード（内国株式）,6100,小売業,14,小売,-,-
20260831,9955,ヨンキュウ,スタンダード（内国株式）,6050,卸売業,13,商社・卸売,-,-
20260831,9956,バローホールディングス,プライム（内国株式）,6100,小売業,14,小売,6,TOPIX Small 1
20260831,9959,アシードホールディングス,スタンダード（内国株式）,6100,小売業,14,小売,-,-
20260831,9960,東テク,プライム（内国株式）,6050,卸売業,13,商社・卸売,6,TOPIX Small 1
20260831,9962,ミスミグループ本社,プライム（内国株式）,6050,卸売業,13,商社・卸売,4,TOPIX Mid400
20260831,9969,ショクブン,スタンダード（内国株式）,6100,小売業,14,小売,-,-
20260831,9972,アルテック,スタンダード（内国株式）,6050,卸売業,13,商社・卸売,-,-
20260831,9973,ＫＯＺＯホールディングス,スタンダード（内国株式）,6100,小売業,14,小売,-,-
20260831,9974,ベルク,プライム（内国株式）,6100,小売業,14,小売,6,TOPIX Small 1
20260831,9976,セキチュー,スタンダード（内国株式）,6100,小売業,14,小売,-,-
20260831,9978,文教堂グループホールディングス,スタンダード（内国株式）,6100,小売業,14,小売,-,-
20260831,9979,大庄,スタンダード（内国株式）,6100,小売業,14,小売,7,TOPIX Small 2
20260831,9980,ＭＲＫホールディングス,スタンダード（内国株式）,6100,小売業,14,小売,-,-
20260831,9982,タキヒヨー,スタンダード（内国株式）,6050,卸売業,13,商社・卸売,-,-
20260831,9983,ファーストリテイリング,プライム（内国株式）,6100,小売業,14,小売,1,TOPIX Core30
20260831,9984,ソフトバンクグループ,プライム（内国株式）,5250,情報・通信業,10,情報通信・サービスその他,1,TOPIX Core30
20260831,9986,蔵王産業,スタンダード（内国株式）,6050,卸売業,13,商社・卸売,-,-
20260831,9987,スズケン,プライム（内国株式）,6050,卸売業,13,商社・卸売,4,TOPIX Mid400
20260831,9989,サンドラッグ,プライム（内国株式）,6100,小売業,14,小売,4,TOPIX Mid400
20260831,9990,サックスバー　ホールディングス,プライム（内国株式）,6100,小売業,14,小売,7,TOPIX Small 2
20260831,9991,ジェコス,プライム（内国株式）,6050,卸売業,13,商社・卸売,7,TOPIX Small 2
20260831,9993,ヤマザワ,スタンダード（内国株式）,6100,小売業,14,小売,-,-
20260831,9994,やまや,スタンダード（内国株式）,6100,小売業,14,小売,-,-
20260831,9996,サトー商会,スタンダード（内国株式）,6050,卸売業,13,商社・卸売,-,-
20260831,9997,ベルーナ,プライム（内国株式）,6100,小売業,14,小売,6,TOPIX Small 1